timestamp,rack_id,module_id,max_cell_temp,min_cell_temp,avg_temp,max_cell_voltage,min_cell_voltage,avg_voltage,string_max_current,string_min_current,avg_current,soc,soh,cell_balancing_status
2025.7.1 0:00,R01,M01,31.85,28.121,29.986,3.6739,3.6448,87.82,41.676,34.443,38.059,87.952,99.367,0
2025.7.1 0:00,R01,M02,30.653,27.657,29.155,3.6721,3.6471,87.83,41.137,35.842,38.489,89.28,98.567,0
2025.7.1 0:00,R01,M03,31.231,28.54,29.886,3.6738,3.65,87.89,43.141,35.576,39.358,89.565,98.854,0
2025.7.1 0:00,R01,M04,31.115,28.738,29.926,3.6759,3.6484,87.89,44.125,34.378,39.252,90.462,98.987,0
2025.7.1 0:00,R01,M05,31.884,28.892,30.388,3.6823,3.6502,87.99,43.46,35.905,39.683,90.779,99.278,0
2025.7.1 0:00,R01,M06,32.994,28.499,30.746,3.6844,3.6511,88.03,45.168,36.38,40.774,89.362,99.391,0
2025.7.1 0:00,R01,M07,33.142,28.483,30.812,3.6863,3.6479,88.01,43.738,37.401,40.57,89.611,99.382,0
2025.7.1 0:00,R01,M08,43.202,32.018,38.331,3.7246,3.2883,88.08,49.336,23.93,36.412,57.37,54.356,0
2025.7.1 0:00,R01,M09,32.24,28.975,30.608,3.6796,3.6542,88.01,44.686,37.115,40.901,90.462,99.49,0
2025.7.1 0:00,R01,M10,33.485,29.089,31.287,3.6876,3.6526,88.08,47.889,39.963,43.926,90.739,98.685,0
2025.7.1 0:00,R01,M11,32.241,29.895,31.068,3.6813,3.658,88.07,45.65,37.571,41.611,92.449,98.871,0
2025.7.1 0:00,R01,M01,30.263,28.197,29.23,3.6796,3.6492,87.95,43.485,34.305,38.895,88.875,99.187,0
2025.7.1 0:00,R01,M02,32.124,27.605,29.864,3.6748,3.6474,87.87,41.317,33.222,37.27,88.346,99.11,0
2025.7.1 0:00,R01,M03,31.468,28.539,30.004,3.6776,3.6467,87.89,41.599,36.143,38.871,89.829,98.81,0
2025.7.1 0:00,R01,M04,32.161,28.329,30.245,3.6775,3.6506,87.94,44.085,36.585,40.335,89.668,99.411,0
2025.7.1 0:00,R01,M05,31.312,28.54,29.926,3.6784,3.6458,87.89,43.707,34.775,39.241,90.661,99.095,0
2025.7.1 0:00,R01,M06,32.213,28.937,30.575,3.6839,3.647,87.97,45.381,35.633,40.507,90.8,99.151,0
2025.7.1 0:00,R01,M07,32.858,28.93,30.894,3.6847,3.6508,88.03,43.931,36.914,40.422,90.559,99.126,0
2025.7.1 0:00,R01,M08,43.356,31.486,37.924,3.7137,3.284,87.61,46.819,23.146,33.979,57.973,55.764,0
2025.7.1 0:00,R01,M09,32.232,29.055,30.643,3.6821,3.6587,88.09,46.748,38.872,42.81,90.463,99.212,0
2025.7.1 0:00,R01,M10,32.733,29.767,31.25,3.6845,3.652,88.04,45.791,37.712,41.752,91.862,98.755,0
2025.7.1 0:00,R01,M11,33.794,30.13,31.962,3.6812,3.6515,87.99,48.102,39.929,44.016,90.771,98.532,0
2025.7.1 0:00,R01,M01,31.257,27.328,29.293,3.6808,3.6418,87.87,42.902,32.837,37.87,88.245,98.942,0
2025.7.1 0:00,R01,M02,30.463,27.818,29.141,3.6817,3.649,87.97,41.524,35.167,38.346,89.837,98.576,0
2025.7.1 0:00,R01,M03,31.397,27.737,29.567,3.6736,3.646,87.84,43.733,36.413,40.073,88.801,98.976,0
2025.7.1 0:00,R01,M04,32.03,28.648,30.339,3.6788,3.6477,87.92,42.486,35.671,39.078,90.25,99.392,0
2025.7.1 0:00,R01,M05,31.143,28.757,29.95,3.6829,3.653,88.03,44.853,35.118,39.986,89.495,99.305,0
2025.7.1 0:00,R01,M06,32.63,28.878,30.754,3.6796,3.6467,87.92,45.867,36.558,41.212,89.974,99.065,0
2025.7.1 0:00,R01,M07,32.815,29.095,30.955,3.6844,3.6542,88.06,44.229,36.228,40.228,90.739,99.311,0
2025.7.1 0:00,R01,M08,44.569,31.174,36.939,3.7182,3.2697,87.95,49.424,22.047,34.721,58.562,55.774,0
2025.7.1 0:00,R01,M09,31.856,29.077,30.467,3.6814,3.6585,88.08,46.133,38.25,42.192,90.28,99.424,0
2025.7.1 0:00,R01,M10,32.853,29.013,30.933,3.6831,3.6548,88.05,45.73,38.521,42.126,90.778,99.464,0
2025.7.1 0:00,R01,M11,33.315,30.033,31.674,3.6898,3.6605,88.2,46.771,38.508,42.639,92.038,99.059,0
2025.7.1 0:00,R01,M01,31.734,27.951,29.843,3.6739,3.6461,87.84,40.888,33.584,37.236,87.739,98.612,0
2025.7.1 0:00,R01,M02,30.785,27.55,29.168,3.6819,3.649,87.97,41.784,35.306,38.545,88.533,98.856,0
2025.7.1 0:00,R01,M03,31.857,28.028,29.942,3.6801,3.6458,87.91,41.756,36.28,39.018,89.865,99.495,0
2025.7.1 0:00,R01,M04,32.458,28.225,30.341,3.6763,3.6489,87.9,42.845,35.934,39.389,90.647,99.278,0
2025.7.1 0:00,R01,M05,32.106,28.12,30.113,3.6782,3.6534,87.98,45.383,36.351,40.867,89.358,98.698,0
2025.7.1 0:00,R01,M06,32.66,29.014,30.837,3.678,3.6538,87.98,44.802,35.126,39.964,90.78,98.517,0
2025.7.1 0:00,R01,M07,31.515,28.443,29.979,3.683,3.6566,88.08,45.627,35.861,40.744,90.58,99.169,0
2025.7.1 0:00,R01,M08,45.158,31.743,36.862,3.7254,3.2953,87.56,46.689,21.963,36.932,57.722,53.782,0
2025.7.1 0:00,R01,M09,31.975,29.004,30.489,3.6807,3.6492,87.96,46.326,39.413,42.87,90.492,99.444,0
2025.7.1 0:00,R01,M10,33.529,29.884,31.707,3.686,3.6542,88.08,46.157,39.859,43.008,91.139,98.706,0
2025.7.1 0:00,R01,M11,33.187,29.522,31.354,3.6823,3.6545,88.04,45.654,39.496,42.575,90.932,98.969,0
2025.7.1 0:00,R01,M01,30.849,27.927,29.388,3.6711,3.6434,87.77,42.188,33.42,37.804,88.589,98.519,0
2025.7.1 0:00,R01,M02,30.625,27.507,29.066,3.6744,3.6467,87.85,43.404,33.361,38.383,88.559,98.726,0
2025.7.1 0:00,R01,M03,31.027,27.662,29.345,3.6826,3.6445,87.93,43.675,35.878,39.776,90.031,99.031,0
2025.7.1 0:00,R01,M04,31.758,28.643,30.2,3.6822,3.6512,88.0,43.589,36.891,40.24,89.238,99.001,0
2025.7.1 0:00,R01,M05,31.627,28.46,30.044,3.6774,3.6475,87.9,45.419,36.013,40.716,89.536,98.872,0
2025.7.1 0:00,R01,M06,32.668,28.201,30.434,3.6799,3.6469,87.92,44.777,35.863,40.32,89.82,99.081,0
2025.7.1 0:00,R01,M07,31.955,28.711,30.333,3.6869,3.6525,88.07,45.502,36.989,41.245,89.926,98.578,0
2025.7.1 0:00,R01,M08,46.388,31.569,38.714,3.7144,3.2705,87.32,48.155,24.08,34.081,57.777,54.031,0
2025.7.1 0:00,R01,M09,32.044,29.364,30.704,3.6845,3.653,88.05,44.94,38.937,41.938,91.056,99.255,0
2025.7.1 0:00,R01,M10,32.047,29.385,30.716,3.685,3.654,88.07,45.681,39.344,42.513,91.193,98.925,0
2025.7.1 0:00,R01,M11,33.852,29.2,31.526,3.6906,3.6556,88.15,46.527,38.568,42.547,91.462,99.291,0
2025.7.1 0:00,R01,M01,31.451,27.358,29.404,3.6724,3.6415,87.77,41.367,34.189,37.778,88.265,99.304,0
2025.7.1 0:00,R01,M02,32.391,28.176,30.283,3.6755,3.6512,87.92,42.555,35.643,39.099,89.41,98.538,0
2025.7.1 0:00,R01,M03,31.753,27.856,29.805,3.6734,3.6498,87.88,41.631,35.33,38.48,89.587,99.47,0
2025.7.1 0:00,R01,M04,31.111,28.285,29.698,3.6758,3.6443,87.84,43.624,34.275,38.95,89.442,99.419,0
2025.7.1 0:00,R01,M05,31.357,28.743,30.05,3.6834,3.6455,87.95,44.448,36.233,40.34,89.552,99.46,0
2025.7.1 0:00,R01,M06,32.787,28.515,30.651,3.678,3.6526,87.97,43.601,36.079,39.84,90.432,99.136,0
2025.7.1 0:00,R01,M07,31.705,28.604,30.154,3.6778,3.6553,88.0,44.702,36.889,40.796,90.663,98.906,0
2025.7.1 0:00,R01,M08,43.825,31.731,36.99,3.7254,3.2752,88.1,48.105,22.567,37.261,58.076,54.563,0
2025.7.1 0:00,R01,M09,31.829,29.247,30.538,3.681,3.6563,88.05,46.096,37.477,41.786,90.786,98.58,0
2025.7.1 0:00,R01,M10,32.365,29.454,30.91,3.6875,3.6544,88.1,47.366,38.767,43.067,92.203,99.279,0
2025.7.1 0:00,R01,M11,33.778,29.66,31.719,3.6818,3.6519,88.0,48.439,39.646,44.043,90.788,98.994,0
2025.7.1 0:00,R01,M01,30.558,27.246,28.902,3.6755,3.6436,87.83,42.664,33.239,37.951,88.327,99.203,0
2025.7.1 0:00,R01,M02,30.508,28.032,29.27,3.6782,3.6426,87.85,41.13,35.734,38.432,88.435,98.927,0
2025.7.1 0:00,R01,M03,31.249,28.326,29.788,3.6772,3.6527,87.96,44.16,36.238,40.199,90.246,99.11,0
2025.7.1 0:00,R01,M04,31.549,28.261,29.905,3.6797,3.6453,87.9,43.094,36.813,39.954,90.229,98.979,0
2025.7.1 0:00,R01,M05,31.461,28.423,29.942,3.6813,3.6479,87.95,43.664,37.475,40.57,90.097,99.347,0
2025.7.1 0:00,R01,M06,32.584,28.435,30.51,3.6828,3.6528,88.03,45.812,37.361,41.587,90.887,99.038,0
2025.7.1 0:00,R01,M07,32.145,28.564,30.355,3.6816,3.6501,87.98,46.5,36.672,41.586,90.504,98.629,0
2025.7.1 0:00,R01,M08,46.514,31.193,38.704,3.727,3.2842,87.81,46.509,23.502,36.542,58.821,54.256,0
2025.7.1 0:00,R01,M09,32.584,29.156,30.87,3.6804,3.6547,88.02,45.367,38.121,41.744,91.6,98.919,0
2025.7.1 0:00,R01,M10,32.631,29.06,30.846,3.6824,3.655,88.05,45.58,38.207,41.894,92.189,98.735,0
2025.7.1 0:00,R01,M11,33.259,29.433,31.346,3.6895,3.6527,88.11,45.538,38.788,42.163,91.116,99.155,0
2025.7.1 0:00,R01,M01,31.352,27.481,29.416,3.675,3.6497,87.9,42.049,33.775,37.912,87.724,98.633,0
2025.7.1 0:00,R01,M02,31.366,27.608,29.487,3.6773,3.6436,87.85,41.58,33.571,37.575,89.138,98.671,0
2025.7.1 0:00,R01,M03,31.671,28.41,30.041,3.6745,3.6458,87.84,43.448,35.75,39.599,88.451,98.922,0
2025.7.1 0:00,R01,M04,32.466,28.072,30.269,3.6778,3.6493,87.93,42.246,35.365,38.806,89.716,98.969,0
2025.7.1 0:00,R01,M05,31.025,28.45,29.737,3.6783,3.6473,87.91,42.762,36.535,39.648,89.64,98.867,0
2025.7.1 0:00,R01,M06,31.527,28.561,30.044,3.676,3.6461,87.87,45.088,35.707,40.398,89.576,99.482,0
2025.7.1 0:00,R01,M07,33.221,29.092,31.156,3.6841,3.6526,88.04,43.968,38.16,41.064,90.166,99.167,0
2025.7.1 0:00,R01,M08,46.67,32.027,38.449,3.7224,3.293,87.91,49.34,23.175,35.12,59.34,56.361,0
2025.7.1 0:00,R01,M09,33.476,29.467,31.471,3.6884,3.6513,88.08,46.185,36.624,41.404,90.379,99.457,0
2025.7.1 0:00,R01,M10,32.465,29.298,30.882,3.6843,3.6571,88.1,46.027,38.317,42.172,91.097,99.259,0
2025.7.1 0:00,R01,M11,33.738,29.777,31.758,3.6816,3.6571,88.06,47.922,39.326,43.624,91.052,99.368,0
2025.7.1 0:00,R01,M01,31.791,27.521,29.656,3.6772,3.6433,87.85,41.644,34.719,38.181,88.809,98.695,0
2025.7.1 0:00,R01,M02,31.75,27.872,29.811,3.6775,3.646,87.88,41.646,33.323,37.484,88.718,98.963,0
2025.7.1 0:00,R01,M03,31.688,28.142,29.915,3.68,3.6439,87.89,44.148,33.934,39.041,88.974,98.598,0
2025.7.1 0:00,R01,M04,30.801,28.779,29.79,3.6826,3.6489,87.98,42.543,35.789,39.166,89.129,99.388,0
2025.7.1 0:00,R01,M05,31.428,28.105,29.767,3.6839,3.6531,88.04,44.319,35.275,39.797,89.207,98.511,0
2025.7.1 0:00,R01,M06,32.737,28.908,30.823,3.6781,3.6489,87.92,45.412,35.926,40.669,90.064,99.149,0
2025.7.1 0:00,R01,M07,31.77,28.777,30.273,3.6805,3.6489,87.95,43.54,36.562,40.051,91.731,99.138,0
2025.7.1 0:00,R01,M08,45.705,31.373,37.326,3.7182,3.2621,87.23,46.802,21.602,34.675,58.909,55.049,0
2025.7.1 0:00,R01,M09,31.834,28.909,30.371,3.6851,3.6563,88.1,46.919,39.274,43.096,90.935,99.12,0
2025.7.1 0:00,R01,M10,33.123,29.443,31.283,3.681,3.655,88.03,46.874,39.935,43.404,92.425,98.841,0
2025.7.1 0:00,R01,M11,32.282,30.014,31.148,3.6863,3.6589,88.14,47.962,39.594,43.778,92.267,98.784,0
2025.7.1 0:00,R01,M01,30.396,28.021,29.209,3.675,3.6419,87.8,41.685,33.038,37.361,88.37,98.556,0
2025.7.1 0:00,R01,M02,30.604,28.351,29.477,3.682,3.6502,87.99,42.502,34.42,38.461,89.381,98.693,0
2025.7.1 0:00,R01,M03,31.144,27.794,29.469,3.6777,3.6469,87.9,43.75,33.782,38.766,89.519,99.178,0
2025.7.1 0:00,R01,M04,31.255,28.208,29.731,3.6789,3.6523,87.97,42.277,36.76,39.519,90.846,99.22,0
2025.7.1 0:00,R01,M05,32.31,28.974,30.642,3.6823,3.645,87.93,44.883,34.673,39.778,89.872,98.594,0
2025.7.1 0:00,R01,M06,31.605,28.333,29.969,3.6802,3.6462,87.92,45.704,37.216,41.46,91.386,98.502,0
2025.7.1 0:00,R01,M07,32.772,28.825,30.798,3.678,3.6492,87.93,43.617,35.914,39.766,90.113,99.074,0
2025.7.1 0:00,R01,M08,46.378,32.757,37.418,3.7252,3.2904,87.3,46.009,21.79,36.009,59.506,55.742,0
2025.7.1 0:00,R01,M09,31.99,29.215,30.602,3.6845,3.6575,88.1,45.571,38.097,41.834,91.04,98.85,0
2025.7.1 0:00,R01,M10,32.146,29.548,30.847,3.6855,3.6531,88.06,47.545,38.786,43.166,91.058,98.787,0
2025.7.1 0:00,R01,M11,34.088,29.809,31.949,3.6851,3.6532,88.06,45.944,38.859,42.401,90.731,98.747,0
2025.7.1 0:00,R01,M01,32.061,27.957,30.009,3.6777,3.6493,87.92,40.607,33.63,37.118,88.917,99.411,0
2025.7.1 0:00,R01,M02,32.264,28.227,30.245,3.6755,3.645,87.85,42.465,35.991,39.228,89.055,99.401,0
2025.7.1 0:00,R01,M03,32.35,28.064,30.207,3.674,3.6513,87.9,44.149,36.431,40.29,89.741,99.208,0
2025.7.1 0:00,R01,M04,32.757,27.961,30.359,3.6789,3.6517,87.97,42.026,34.309,38.168,89.733,99.002,0
2025.7.1 0:00,R01,M05,32.344,28.8,30.572,3.6752,3.6524,87.93,44.723,34.527,39.625,89.471,98.938,0
2025.7.1 0:00,R01,M06,31.329,28.986,30.157,3.6769,3.6554,87.99,43.748,35.942,39.845,89.607,99.261,0
2025.7.1 0:00,R01,M07,31.79,29.37,30.58,3.683,3.6498,87.99,44.459,37.686,41.073,91.558,99.48,0
2025.7.1 0:00,R01,M08,46.261,32.733,38.16,3.72,3.2681,88.07,47.317,24.853,36.046,59.601,54.431,0
2025.7.1 0:00,R01,M09,31.968,29.753,30.861,3.6884,3.6513,88.08,45.032,37.105,41.069,90.979,98.63,0
2025.7.1 0:00,R01,M10,33.336,29.732,31.534,3.6823,3.6538,88.03,47.81,37.751,42.781,92.318,98.973,0
2025.7.1 0:00,R01,M11,32.756,29.445,31.101,3.6874,3.6574,88.14,46.473,39.756,43.114,91.318,99.47,0
2025.7.1 0:00,R01,M01,32.16,28.052,30.106,3.6755,3.6458,87.86,40.965,34.235,37.6,89.122,98.528,0
2025.7.1 0:00,R01,M02,30.739,28.123,29.431,3.6739,3.6444,87.82,41.668,35.87,38.769,90.131,98.765,0
2025.7.1 0:00,R01,M03,30.973,28.486,29.73,3.6816,3.6519,88.0,42.927,36.003,39.465,90.136,98.79,0
2025.7.1 0:00,R01,M04,32.269,28.335,30.302,3.6784,3.6513,87.96,43.628,35.47,39.549,90.532,98.81,0
2025.7.1 0:00,R01,M05,32.77,28.985,30.878,3.6776,3.6533,87.97,43.423,36.754,40.088,89.496,98.678,0
2025.7.1 0:00,R01,M06,31.274,28.35,29.812,3.6778,3.649,87.92,43.011,37.314,40.163,90.413,99.276,0
2025.7.1 0:00,R01,M07,32.19,28.799,30.494,3.6774,3.6511,87.94,46.433,36.491,41.462,91.08,99.074,0
2025.7.1 0:00,R01,M08,45.382,31.814,38.205,3.7191,3.2655,87.7,49.631,23.098,35.502,58.569,56.209,0
2025.7.1 0:00,R01,M09,31.962,29.609,30.785,3.6863,3.6532,88.07,47.311,39.436,43.373,91.989,98.936,0
2025.7.1 0:00,R01,M10,33.398,29.363,31.381,3.6847,3.6564,88.09,47.137,38.155,42.646,92.382,98.751,0
2025.7.1 0:00,R01,M11,33.875,29.319,31.597,3.6876,3.656,88.12,45.551,38.187,41.869,91.66,98.74,0
2025.7.1 0:00,R01,M01,31.408,27.717,29.562,3.6722,3.6473,87.83,42.046,34.416,38.231,88.255,99.403,0
2025.7.1 0:00,R01,M02,30.534,28.03,29.282,3.6737,3.6489,87.87,43.187,35.136,39.162,89.232,98.884,0
2025.7.1 0:00,R01,M03,31.661,28.19,29.925,3.6746,3.6494,87.89,42.668,34.013,38.34,89.526,98.601,0
2025.7.1 0:00,R01,M04,32.563,28.236,30.4,3.681,3.644,87.9,43.353,35.129,39.241,90.215,99.436,0
2025.7.1 0:00,R01,M05,31.786,28.618,30.202,3.676,3.6477,87.88,43.438,36.759,40.099,90.775,99.398,0
2025.7.1 0:00,R01,M06,31.37,29.072,30.221,3.6803,3.6498,87.96,45.915,35.168,40.541,89.867,99.247,0
2025.7.1 0:00,R01,M07,31.876,28.892,30.384,3.6869,3.647,88.01,43.655,37.854,40.755,91.025,99.158,0
2025.7.1 0:00,R01,M08,44.375,31.561,38.209,3.7185,3.284,87.66,46.894,24.864,35.682,58.975,55.54,0
2025.7.1 0:00,R01,M09,33.642,29.659,31.651,3.6836,3.6571,88.09,44.862,37.698,41.28,90.452,99.419,0
2025.7.1 0:00,R01,M10,33.549,29.078,31.313,3.6833,3.6504,88.0,45.957,39.466,42.712,92.07,99.4,0
2025.7.1 0:00,R01,M11,33.721,29.526,31.623,3.6863,3.6555,88.1,46.99,40.066,43.528,91.869,99.424,0
2025.7.1 0:00,R01,M01,31.274,27.379,29.327,3.6797,3.6477,87.93,42.339,35.225,38.782,88.317,98.965,0
2025.7.1 0:00,R01,M02,30.923,27.427,29.175,3.6805,3.6425,87.88,42.088,34.953,38.52,89.338,98.987,0
2025.7.1 0:00,R01,M03,32.51,28.387,30.448,3.6741,3.6451,87.83,41.789,36.366,39.078,89.13,98.625,0
2025.7.1 0:00,R01,M04,31.509,28.063,29.786,3.6747,3.6511,87.91,44.379,36.836,40.608,89.155,98.869,0
2025.7.1 0:00,R01,M05,31.62,28.33,29.975,3.6831,3.6485,87.98,43.466,36.822,40.144,90.575,98.621,0
2025.7.1 0:00,R01,M06,31.961,28.545,30.253,3.6767,3.6516,87.94,43.1,37.482,40.291,90.872,99.405,0
2025.7.1 0:00,R01,M07,32.303,29.065,30.684,3.6854,3.6559,88.1,44.512,37.684,41.098,90.678,99.019,0
2025.7.1 0:00,R01,M08,46.33,31.554,37.771,3.7174,3.2894,87.24,48.966,22.628,36.423,58.476,55.354,0
2025.7.1 0:00,R01,M09,33.251,29.295,31.273,3.6823,3.6583,88.09,45.616,36.762,41.189,90.789,98.975,0
2025.7.1 0:00,R01,M10,33.822,29.86,31.841,3.6834,3.6509,88.01,46.573,39.525,43.049,91.623,98.738,0
2025.7.1 0:00,R01,M11,32.703,29.252,30.977,3.6887,3.6571,88.15,46.023,40.419,43.221,92.362,98.652,0
2025.7.1 0:00,R01,M01,31.553,27.873,29.713,3.6799,3.6465,87.92,41.107,33.682,37.395,89.497,98.896,0
2025.7.1 0:00,R01,M02,32.151,28.15,30.151,3.6811,3.6441,87.9,41.072,33.478,37.275,88.85,99.487,0
2025.7.1 0:00,R01,M03,31.424,28.398,29.911,3.675,3.6443,87.83,42.95,34.561,38.755,90.55,99.085,0
2025.7.1 0:00,R01,M04,32.651,28.408,30.53,3.6741,3.6446,87.82,42.755,36.907,39.831,90.93,98.55,0
2025.7.1 0:00,R01,M05,32.606,28.831,30.718,3.6842,3.6468,87.97,44.96,34.849,39.904,90.056,99.141,0
2025.7.1 0:00,R01,M06,32.764,29.092,30.928,3.6777,3.6474,87.9,45.314,35.913,40.614,89.847,99.291,0
2025.7.1 0:00,R01,M07,31.738,28.516,30.127,3.686,3.6525,88.06,43.85,38.432,41.141,90.703,99.471,0
2025.7.1 0:00,R01,M08,46.609,32.763,37.491,3.7257,3.2773,87.64,46.989,23.102,34.709,58.836,56.511,0
2025.7.1 0:00,R01,M09,32.09,29.513,30.802,3.6882,3.6532,88.1,44.617,36.681,40.649,92.142,99.098,0
2025.7.1 0:00,R01,M10,33.322,29.378,31.35,3.6898,3.6514,88.09,45.73,38.298,42.014,92.433,99.377,0
2025.7.1 0:00,R01,M11,32.55,29.319,30.934,3.6909,3.6528,88.12,45.714,40.178,42.946,91.359,99.457,0
2025.7.1 0:00,R01,M01,31.016,27.641,29.328,3.6747,3.6449,87.84,42.527,34.118,38.323,88.905,98.598,0
2025.7.1 0:00,R01,M02,32.385,27.565,29.975,3.6802,3.6425,87.87,43.426,35.203,39.315,90.044,98.586,0
2025.7.1 0:00,R01,M03,31.947,27.93,29.938,3.6801,3.6517,87.98,43.282,34.195,38.739,89.752,98.6,0
2025.7.1 0:00,R01,M04,30.9,27.975,29.438,3.6835,3.6466,87.96,44.351,36.492,40.421,89.629,99.495,0
2025.7.1 0:00,R01,M05,32.344,28.477,30.41,3.6802,3.6477,87.93,43.115,34.988,39.052,89.615,98.92,0
2025.7.1 0:00,R01,M06,32.169,28.314,30.241,3.6781,3.6528,87.97,43.94,35.978,39.959,91.349,99.479,0
2025.7.1 0:00,R01,M07,31.796,28.436,30.116,3.6797,3.657,88.04,43.754,36.526,40.14,91.474,99.332,0
2025.7.1 0:00,R01,M08,47.214,31.365,38.649,3.7224,3.2958,87.4,46.154,23.495,37.829,59.542,56.749,0
2025.7.1 0:00,R01,M09,32.237,29.509,30.873,3.6885,3.6534,88.1,45.935,37.215,41.575,91.243,99.04,0
2025.7.1 0:00,R01,M10,32.447,29.587,31.017,3.6852,3.6575,88.11,47.653,37.468,42.561,91.155,98.938,0
2025.7.1 0:00,R01,M11,33.782,29.947,31.864,3.6895,3.658,88.17,48.288,38.807,43.547,91.693,99.099,0
2025.7.1 0:00,R01,M01,30.821,27.616,29.218,3.677,3.6441,87.85,42.557,32.978,37.767,88.426,98.807,0
2025.7.1 0:00,R01,M02,31.249,28.174,29.712,3.6812,3.6479,87.95,43.235,35.978,39.606,89.107,98.624,0
2025.7.1 0:00,R01,M03,31.738,28.483,30.111,3.6793,3.6461,87.9,43.593,33.843,38.718,89.791,99.414,0
2025.7.1 0:00,R01,M04,32.128,28.368,30.248,3.6753,3.6468,87.87,42.518,36.157,39.337,91.022,98.543,0
2025.7.1 0:00,R01,M05,32.002,28.172,30.087,3.6814,3.6541,88.03,44.532,36.045,40.288,90.89,99.117,0
2025.7.1 0:00,R01,M06,31.37,29.025,30.197,3.6841,3.6478,87.98,44.058,37.061,40.559,91.033,98.784,0
2025.7.1 0:00,R01,M07,32.281,28.414,30.348,3.6852,3.6486,88.01,45.112,38.183,41.648,90.48,99.086,0
2025.7.1 0:00,R01,M08,45.106,31.825,39.032,3.7194,3.3145,87.28,47.816,25.377,34.814,59.122,57.043,0
2025.7.1 0:00,R01,M09,32.205,29.474,30.84,3.6863,3.6563,88.11,46.91,39.236,43.073,92.468,98.537,0
2025.7.1 0:00,R01,M10,33.001,29.446,31.224,3.6892,3.6557,88.14,45.874,38.138,42.006,90.928,99.351,0
2025.7.1 0:00,R01,M11,33.618,29.864,31.741,3.6874,3.6517,88.07,45.975,37.874,41.925,91.277,99.401,0
2025.7.1 0:00,R01,M01,31.912,27.687,29.8,3.6724,3.6507,87.88,40.929,34.105,37.517,88.163,98.857,0
2025.7.1 0:00,R01,M02,30.65,28.162,29.406,3.6745,3.6498,87.89,41.27,33.754,37.512,89.896,98.824,0
2025.7.1 0:00,R01,M03,30.712,27.744,29.228,3.6768,3.6498,87.92,43.259,34.653,38.956,89.965,99.328,0
2025.7.1 0:00,R01,M04,32.615,28.112,30.364,3.6835,3.6505,88.01,42.686,36.092,39.389,89.894,98.593,0
2025.7.1 0:00,R01,M05,32.574,28.596,30.585,3.6811,3.6481,87.95,44.366,37.387,40.877,91.017,98.577,0
2025.7.1 0:00,R01,M06,32.634,29.188,30.911,3.6854,3.6527,88.06,43.976,35.849,39.912,90.134,98.737,0
2025.7.1 0:00,R01,M07,32.505,29.045,30.775,3.6856,3.6553,88.09,43.516,35.833,39.674,92.042,99.473,0
2025.7.1 0:00,R01,M08,47.508,32.933,38.169,3.7151,3.2801,87.61,49.669,23.833,34.871,60.166,55.331,0
2025.7.1 0:00,R01,M09,32.727,28.858,30.792,3.6827,3.6497,87.99,44.557,36.805,40.681,91.01,99.322,0
2025.7.1 0:00,R01,M10,33.314,29.395,31.355,3.6885,3.6576,88.15,45.945,38.974,42.459,92.507,98.619,0
2025.7.1 0:00,R01,M11,34.005,29.894,31.95,3.6844,3.6543,88.06,45.896,39.359,42.627,92.531,99.124,0
2025.7.1 0:00,R01,M01,30.59,27.811,29.2,3.6766,3.6473,87.89,41.839,35.102,38.471,90.028,99.054,0
2025.7.1 0:00,R01,M02,31.043,27.751,29.397,3.6767,3.6448,87.86,42.522,35.271,38.897,89.347,98.735,0
2025.7.1 0:00,R01,M03,31.863,27.951,29.907,3.6794,3.6503,87.96,43.035,36.475,39.755,88.93,99.077,0
2025.7.1 0:00,R01,M04,31.12,28.653,29.886,3.6754,3.6529,87.94,42.905,35.036,38.971,89.37,99.344,0
2025.7.1 0:00,R01,M05,32.208,28.409,30.308,3.6756,3.6481,87.88,44.042,36.84,40.441,91.177,99.283,0
2025.7.1 0:00,R01,M06,32.16,29.1,30.63,3.6767,3.651,87.93,43.718,36.07,39.894,90.336,99.172,0
2025.7.1 0:00,R01,M07,32.911,28.779,30.845,3.6772,3.65,87.93,45.979,35.531,40.755,90.408,98.523,0
2025.7.1 0:00,R01,M08,44.754,32.597,37.704,3.714,3.303,87.46,48.934,26.04,38.568,59.999,56.725,0
2025.7.1 0:00,R01,M09,33.778,29.107,31.442,3.685,3.6496,88.02,46.945,38.287,42.616,91.21,99.001,0
2025.7.1 0:00,R01,M10,33.134,29.705,31.419,3.686,3.6503,88.04,47.741,37.713,42.727,92.45,98.653,0
2025.7.1 0:00,R01,M11,32.75,29.97,31.36,3.6874,3.6576,88.14,46.426,38.04,42.233,91.875,98.703,0
2025.7.1 0:00,R01,M01,30.901,27.271,29.086,3.681,3.6462,87.93,40.606,33.713,37.16,88.637,99.43,0
2025.7.1 0:00,R01,M02,31.397,27.755,29.576,3.6737,3.6434,87.81,42.289,35.591,38.94,89.565,98.933,0
2025.7.1 0:00,R01,M03,31.81,27.676,29.743,3.6811,3.6506,87.98,42.277,35.56,38.919,89.974,99.009,0
2025.7.1 0:00,R01,M04,30.894,27.975,29.434,3.6839,3.6533,88.05,43.795,34.472,39.133,90.447,98.949,0
2025.7.1 0:00,R01,M05,31.32,28.383,29.852,3.681,3.6548,88.03,44.444,35.667,40.056,89.991,99.093,0
2025.7.1 0:00,R01,M06,33.099,28.415,30.757,3.6844,3.6519,88.04,44.769,35.365,40.067,90.648,98.803,0
2025.7.1 0:00,R01,M07,33.207,29.288,31.248,3.677,3.6557,87.99,46.24,36.239,41.239,91.872,99.423,0
2025.7.1 0:00,R01,M08,44.94,31.22,37.887,3.7191,3.2893,87.22,47.511,22.572,38.322,59.862,55.944,0
2025.7.1 0:00,R01,M09,32.48,29.475,30.977,3.6825,3.6508,88.0,46.318,36.766,41.542,92.049,98.668,0
2025.7.1 0:00,R01,M10,32.115,29.271,30.693,3.685,3.6579,88.11,46.794,39.503,43.148,91.625,98.898,0
2025.7.1 0:00,R01,M11,33.804,29.937,31.87,3.6839,3.6593,88.12,46.983,39.66,43.322,91.049,99.377,0
2025.7.1 0:00,R01,M01,30.225,28.19,29.208,3.6729,3.6428,87.79,40.886,33.274,37.08,88.188,99.494,0
2025.7.1 0:00,R01,M02,30.783,27.904,29.343,3.6812,3.65,87.97,42.743,34.597,38.67,90.271,99.335,0
2025.7.1 0:00,R01,M03,31.109,28.473,29.791,3.6748,3.6449,87.84,43.236,33.71,38.473,89.116,98.985,0
2025.7.1 0:00,R01,M04,31.432,28.374,29.903,3.6794,3.6519,87.98,44.146,36.55,40.348,89.692,99.377,0
2025.7.1 0:00,R01,M05,31.837,28.937,30.387,3.6829,3.6501,88.0,42.802,35.755,39.279,90.465,99.483,0
2025.7.1 0:00,R01,M06,31.863,29.12,30.492,3.6791,3.6536,87.99,44.891,35.869,40.38,91.562,99.012,0
2025.7.1 0:00,R01,M07,33.381,28.594,30.988,3.6863,3.6505,88.04,44.587,38.307,41.447,90.948,99.412,0
2025.7.1 0:00,R01,M08,45.949,31.553,38.0,3.7199,3.2718,88.09,46.77,24.734,37.351,59.669,55.824,0
2025.7.1 0:00,R01,M09,32.25,29.577,30.913,3.6813,3.6523,88.0,45.279,38.199,41.739,91.443,99.137,0
2025.7.1 0:00,R01,M10,32.12,29.158,30.639,3.6821,3.6516,88.0,45.815,39.498,42.656,91.967,98.862,0
2025.7.1 0:00,R01,M11,32.414,30.149,31.282,3.6856,3.6599,88.15,47.019,37.762,42.391,90.893,99.182,0
2025.7.1 0:00,R01,M01,32.067,28.152,30.11,3.6735,3.6438,87.81,41.672,33.556,37.614,88.43,99.182,0
2025.7.1 0:00,R01,M02,32.257,28.377,30.317,3.674,3.6477,87.86,41.221,35.458,38.34,89.66,99.032,0
2025.7.1 0:00,R01,M03,31.967,28.222,30.095,3.6774,3.6482,87.91,43.827,33.919,38.873,89.054,99.393,0
2025.7.1 0:00,R01,M04,30.862,28.634,29.748,3.6757,3.6448,87.85,43.921,35.301,39.611,89.433,98.749,0
2025.7.1 0:00,R01,M05,31.939,28.253,30.096,3.6825,3.6504,87.99,43.091,34.776,38.934,91.4,99.017,0
2025.7.1 0:00,R01,M06,32.861,28.571,30.716,3.6821,3.6517,88.01,44.314,35.834,40.074,91.504,99.423,0
2025.7.1 0:00,R01,M07,33.316,29.083,31.2,3.6805,3.6474,87.93,44.601,35.653,40.127,90.651,98.604,0
2025.7.1 0:00,R01,M08,46.543,32.669,38.507,3.7153,3.2819,87.54,46.839,24.616,35.31,60.618,56.756,0
2025.7.1 0:00,R01,M09,32.014,29.657,30.836,3.683,3.6549,88.05,47.259,38.668,42.963,92.33,98.544,0
2025.7.1 0:00,R01,M10,33.598,29.267,31.432,3.689,3.6585,88.17,45.344,38.742,42.043,91.893,98.671,0
2025.7.1 0:00,R01,M11,32.795,29.98,31.388,3.6899,3.6605,88.2,47.949,37.773,42.861,92.282,99.391,0
2025.7.1 0:00,R01,M01,30.278,27.462,28.87,3.6774,3.6451,87.87,40.931,33.023,36.977,89.349,99.188,0
2025.7.1 0:00,R01,M02,30.486,28.21,29.348,3.6758,3.6492,87.9,43.586,35.334,39.46,88.726,98.868,0
2025.7.1 0:00,R01,M03,32.252,27.797,30.025,3.681,3.6464,87.93,42.188,33.923,38.056,89.321,98.517,0
2025.7.1 0:00,R01,M04,31.48,28.574,30.027,3.6785,3.6494,87.93,42.544,35.725,39.135,89.518,99.373,0
2025.7.1 0:00,R01,M05,32.947,28.807,30.877,3.676,3.6505,87.92,45.287,34.997,40.142,89.84,98.654,0
2025.7.1 0:00,R01,M06,31.784,28.959,30.371,3.6827,3.654,88.04,44.251,35.005,39.628,91.502,98.728,0
2025.7.1 0:00,R01,M07,32.439,28.599,30.519,3.679,3.6511,87.96,44.892,38.012,41.452,91.052,98.866,0
2025.7.1 0:00,R01,M08,46.044,31.999,38.564,3.7281,3.3279,87.39,49.077,22.827,35.154,60.475,54.243,0
2025.7.1 0:00,R01,M09,33.361,29.695,31.528,3.6841,3.6508,88.02,46.716,38.891,42.803,90.928,99.055,0
2025.7.1 0:00,R01,M10,32.667,29.297,30.982,3.6882,3.6533,88.1,45.185,39.941,42.563,91.366,98.666,0
2025.7.1 0:00,R01,M11,32.886,29.71,31.298,3.6903,3.6607,88.21,46.889,39.044,42.966,92.376,99.12,0
2025.7.1 0:00,R01,M01,31.44,27.624,29.532,3.6765,3.6486,87.9,40.871,33.417,37.144,90.226,99.012,0
2025.7.1 0:00,R01,M02,31.888,27.483,29.686,3.6813,3.6464,87.93,42.082,35.725,38.904,90.32,98.914,0
2025.7.1 0:00,R01,M03,31.871,27.685,29.778,3.6761,3.6444,87.85,42.637,33.526,38.082,90.034,98.803,0
2025.7.1 0:00,R01,M04,32.434,28.162,30.298,3.6749,3.6472,87.87,43.231,34.42,38.826,89.471,98.703,0
2025.7.1 0:00,R01,M05,32.512,28.414,30.463,3.6753,3.6494,87.9,43.42,34.861,39.141,90.447,99.199,0
2025.7.1 0:00,R01,M06,31.836,28.423,30.13,3.6778,3.6531,87.97,44.471,35.931,40.201,91.284,99.259,0
2025.7.1 0:00,R01,M07,32.552,29.034,30.793,3.6839,3.6544,88.06,43.899,37.854,40.877,91.945,98.51,0
2025.7.1 0:00,R01,M08,45.525,31.617,38.222,3.7131,3.315,87.35,49.211,22.81,38.374,60.513,54.892,0
2025.7.1 0:00,R01,M09,33.463,28.972,31.218,3.6876,3.6521,88.08,45.147,36.844,40.995,90.734,98.712,0
2025.7.1 0:00,R01,M10,32.924,29.759,31.341,3.6872,3.6578,88.14,46.822,39.677,43.249,90.98,98.547,0
2025.7.1 0:00,R01,M11,33.909,29.538,31.724,3.6854,3.6562,88.1,47.576,38.127,42.852,92.777,99.058,0
2025.7.1 0:00,R01,M01,31.575,27.868,29.721,3.675,3.647,87.86,40.806,33.71,37.258,90.014,99.199,0
2025.7.1 0:00,R01,M02,31.838,27.637,29.738,3.675,3.6468,87.86,41.448,35.249,38.349,89.412,99.009,0
2025.7.1 0:00,R01,M03,31.473,28.084,29.779,3.6763,3.6478,87.89,44.193,35.912,40.052,89.963,98.813,0
2025.7.1 0:00,R01,M04,31.883,28.462,30.172,3.679,3.6474,87.92,43.36,35.937,39.648,90.415,98.73,0
2025.7.1 0:00,R01,M05,31.249,28.654,29.951,3.6809,3.6485,87.95,45.179,34.646,39.913,90.882,99.134,0
2025.7.1 0:00,R01,M06,32.46,28.531,30.495,3.6847,3.6486,88.0,45.589,36.957,41.273,90.714,99.253,0
2025.7.1 0:00,R01,M07,33.19,29.064,31.127,3.6789,3.6487,87.93,44.255,35.64,39.948,90.522,98.636,0
2025.7.1 0:00,R01,M08,45.314,32.708,38.349,3.7254,3.2969,87.76,48.593,25.479,38.831,60.37,54.981,0
2025.7.1 0:00,R01,M09,33.545,29.734,31.64,3.6864,3.6575,88.13,45.698,38.552,42.125,91.864,98.97,0
2025.7.1 0:00,R01,M10,32.613,29.387,31.0,3.6818,3.6559,88.05,47.436,37.953,42.695,91.346,98.939,0
2025.7.1 0:00,R01,M11,33.251,30.118,31.684,3.6885,3.6562,88.14,46.641,38.326,42.483,90.913,98.615,0
2025.7.1 0:00,R01,M01,31.134,27.796,29.465,3.6715,3.646,87.81,43.464,32.95,38.207,88.643,99.131,0
2025.7.1 0:00,R01,M02,31.21,28.117,29.663,3.6814,3.6431,87.89,41.622,33.606,37.614,89.458,99.365,0
2025.7.1 0:00,R01,M03,32.184,28.099,30.142,3.6741,3.6493,87.88,41.696,34.924,38.31,89.722,98.685,0
2025.7.1 0:00,R01,M04,31.904,28.634,30.269,3.6784,3.6488,87.93,44.233,34.592,39.412,90.32,99.124,0
2025.7.1 0:00,R01,M05,33.0,28.993,30.996,3.6799,3.6533,88.0,43.433,36.259,39.846,91.045,98.721,0
2025.7.1 0:00,R01,M06,31.585,28.331,29.958,3.6809,3.6512,87.99,43.313,36.946,40.13,90.57,98.767,0
2025.7.1 0:00,R01,M07,31.836,28.819,30.328,3.6815,3.6527,88.01,44.981,35.668,40.325,90.837,98.964,0
2025.7.1 0:00,R01,M08,46.317,32.734,38.261,3.7229,3.3107,87.47,48.455,24.868,38.258,60.149,55.121,0
2025.7.1 0:00,R01,M09,33.41,29.504,31.457,3.6887,3.6527,88.1,47.295,38.926,43.111,90.915,98.619,0
2025.7.1 0:00,R01,M10,33.953,29.903,31.928,3.6889,3.6555,88.13,47.665,38.388,43.026,91.822,99.288,0
2025.7.1 0:00,R01,M11,33.59,29.288,31.439,3.683,3.6553,88.06,47.366,38.506,42.936,92.488,99.196,0
2025.7.1 0:00,R01,M01,30.495,28.019,29.257,3.6784,3.6425,87.85,42.789,35.208,38.998,89.913,98.634,0
2025.7.1 0:00,R01,M02,30.464,28.178,29.321,3.6811,3.6517,87.99,43.332,34.108,38.72,89.626,98.676,0
2025.7.1 0:00,R01,M03,31.93,27.923,29.926,3.6779,3.6447,87.87,43.714,33.851,38.782,90.154,98.777,0
2025.7.1 0:00,R01,M04,32.351,28.757,30.554,3.6784,3.6462,87.9,43.339,34.96,39.15,90.062,99.07,0
2025.7.1 0:00,R01,M05,31.401,28.987,30.194,3.6837,3.6544,88.06,43.854,36.346,40.1,90.814,98.815,0
2025.7.1 0:00,R01,M06,32.508,28.793,30.651,3.6815,3.6505,87.98,45.846,35.233,40.539,90.106,98.581,0
2025.7.1 0:00,R01,M07,33.188,28.492,30.84,3.6856,3.6532,88.07,43.974,38.3,41.137,90.711,99.056,0
2025.7.1 0:00,R01,M08,45.55,32.111,38.618,3.7119,3.3325,87.78,49.061,24.187,38.811,60.996,55.477,0
2025.7.1 0:00,R01,M09,32.694,29.376,31.035,3.6803,3.6578,88.06,45.062,37.59,41.326,91.091,99.214,0
2025.7.1 0:00,R01,M10,33.91,29.953,31.931,3.6857,3.6549,88.09,45.055,39.378,42.216,91.735,98.57,0
2025.7.1 0:00,R01,M11,32.843,29.563,31.203,3.6906,3.6529,88.12,47.168,38.03,42.599,92.02,99.404,0
2025.7.1 0:00,R01,M01,30.402,27.762,29.082,3.6809,3.644,87.9,42.153,33.223,37.688,89.426,99.041,0
2025.7.1 0:00,R01,M02,32.071,27.697,29.884,3.6784,3.645,87.88,42.198,35.668,38.933,88.837,98.676,0
2025.7.1 0:00,R01,M03,32.343,28.515,30.429,3.6772,3.6451,87.87,42.484,35.734,39.109,90.316,99.318,0
2025.7.1 0:00,R01,M04,32.156,28.516,30.336,3.6788,3.6504,87.95,44.454,36.644,40.549,91.038,98.833,0
2025.7.1 0:00,R01,M05,31.586,28.163,29.874,3.6831,3.6501,88.0,45.371,37.461,41.416,90.929,98.913,0
2025.7.1 0:00,R01,M06,32.536,28.226,30.381,3.6797,3.6483,87.94,43.464,37.23,40.347,90.969,98.821,0
2025.7.1 0:00,R01,M07,31.435,28.798,30.116,3.6773,3.6472,87.89,44.951,38.147,41.549,91.917,99.382,0
2025.7.1 0:00,R01,M08,46.631,32.54,37.867,3.7242,3.3185,87.38,48.227,25.938,37.712,61.215,53.989,0
2025.7.1 0:00,R01,M09,32.654,29.411,31.033,3.6853,3.651,88.04,47.37,37.021,42.195,91.739,98.554,0
2025.7.1 0:00,R01,M10,33.491,29.84,31.666,3.6802,3.6556,88.03,45.116,38.872,41.994,91.936,99.268,0
2025.7.1 0:00,R01,M11,32.713,29.644,31.178,3.6811,3.6521,88.0,45.783,37.942,41.862,91.915,99.045,0
2025.7.1 0:00,R01,M01,31.459,27.795,29.627,3.6712,3.643,87.77,42.508,34.485,38.496,88.597,98.687,0
2025.7.1 0:00,R01,M02,30.655,27.495,29.075,3.6815,3.6486,87.96,42.876,33.803,38.34,89.158,99.021,0
2025.7.1 0:00,R01,M03,31.411,27.825,29.618,3.6818,3.65,87.98,41.54,35.334,38.437,91.049,98.824,0
2025.7.1 0:00,R01,M04,30.956,28.321,29.639,3.6802,3.6497,87.96,44.167,34.695,39.431,91.505,99.348,0
2025.7.1 0:00,R01,M05,32.948,28.793,30.87,3.6826,3.6529,88.03,44.661,36.099,40.38,90.86,98.606,0
2025.7.1 0:00,R01,M06,31.791,28.457,30.124,3.6809,3.6494,87.96,45.15,37.505,41.328,90.478,99.135,0
2025.7.1 0:00,R01,M07,31.794,29.07,30.432,3.6809,3.6535,88.01,46.31,36.544,41.427,91.09,99.308,0
2025.7.1 0:00,R01,M08,45.577,31.719,38.896,3.7266,3.327,87.6,49.806,23.148,35.751,61.421,55.07,0
2025.7.1 0:00,R01,M09,32.754,29.245,30.999,3.6882,3.6549,88.12,45.772,38.086,41.929,90.988,98.987,0
2025.7.1 0:00,R01,M10,32.499,29.447,30.973,3.6826,3.6557,88.06,46.354,38.966,42.66,91.007,99.054,0
2025.7.1 0:00,R01,M11,32.724,29.631,31.177,3.6883,3.6546,88.11,46.916,37.609,42.263,91.581,98.63,0
2025.7.1 0:00,R01,M01,31.637,27.673,29.655,3.6793,3.6503,87.96,42.772,35.163,38.968,89.724,99.109,0
2025.7.1 0:00,R01,M02,31.885,28.088,29.986,3.6769,3.6519,87.95,42.473,35.723,39.098,90.877,98.818,0
2025.7.1 0:00,R01,M03,31.319,28.118,29.718,3.6756,3.6437,87.83,43.581,36.078,39.83,91.22,99.326,0
2025.7.1 0:00,R01,M04,32.501,28.346,30.423,3.6773,3.6497,87.92,44.959,35.887,40.423,90.174,99.283,0
2025.7.1 0:00,R01,M05,31.962,28.792,30.377,3.6817,3.647,87.94,44.016,34.93,39.473,90.541,98.975,0
2025.7.1 0:00,R01,M06,31.548,29.012,30.28,3.6796,3.6475,87.93,44.893,37.639,41.266,90.434,99.021,0
2025.7.1 0:00,R01,M07,32.154,28.677,30.416,3.6786,3.6544,88.0,44.904,36.386,40.645,91.996,98.758,0
2025.7.1 0:00,R01,M08,45.995,32.094,38.658,3.71,3.324,87.55,49.566,25.7,38.757,61.272,55.656,0
2025.7.1 0:00,R01,M09,32.238,29.503,30.87,3.6816,3.6531,88.02,47.044,38.007,42.525,91.345,98.914,0
2025.7.1 0:00,R01,M10,33.637,29.413,31.525,3.6858,3.6546,88.08,46.337,37.466,41.901,91.475,99.093,0
2025.7.1 0:00,R01,M11,33.616,29.472,31.544,3.6897,3.6539,88.12,47.009,37.968,42.489,91.316,98.735,0
2025.7.1 0:00,R01,M01,30.951,28.073,29.512,3.673,3.6476,87.85,41.501,32.995,37.248,90.237,99.418,0
2025.7.1 0:00,R01,M02,31.957,28.001,29.979,3.6808,3.6496,87.96,43.617,33.171,38.394,89.93,98.725,0
2025.7.1 0:00,R01,M03,31.564,27.735,29.649,3.6829,3.6458,87.94,44.497,33.884,39.191,89.338,98.846,0
2025.7.1 0:00,R01,M04,31.139,28.416,29.777,3.6813,3.6533,88.02,42.451,34.68,38.566,90.024,98.718,0
2025.7.1 0:00,R01,M05,32.019,28.881,30.45,3.6815,3.6457,87.93,44.471,36.482,40.477,91.785,99.053,0
2025.7.1 0:00,R01,M06,31.637,29.169,30.403,3.6779,3.6488,87.92,44.592,36.047,40.319,91.083,98.906,0
2025.7.1 0:00,R01,M07,32.475,29.291,30.883,3.6856,3.6491,88.02,45.063,38.261,41.662,90.433,99.139,0
2025.7.1 0:00,R01,M08,47.355,31.988,39.425,3.7276,3.3369,87.51,46.806,26.465,36.426,60.964,56.544,0
2025.7.1 0:00,R01,M09,32.357,29.44,30.898,3.6826,3.6579,88.09,46.537,38.161,42.349,92.096,98.887,0
2025.7.1 0:00,R01,M10,32.195,29.22,30.707,3.6838,3.6502,88.01,45.508,39.517,42.513,91.273,98.98,0
2025.7.1 0:00,R01,M11,33.732,29.792,31.762,3.6871,3.6521,88.07,47.925,38.647,43.286,91.51,99.249,0
2025.7.1 0:00,R01,M01,31.35,27.965,29.657,3.681,3.6412,87.87,42.807,33.623,38.215,89.86,99.257,0
2025.7.1 0:00,R01,M02,30.46,27.558,29.009,3.6753,3.6442,87.83,42.905,34.707,38.806,90.587,99.247,0
2025.7.1 0:00,R01,M03,31.39,28.09,29.74,3.6745,3.6459,87.84,42.663,34.195,38.429,89.404,98.971,0
2025.7.1 0:00,R01,M04,31.392,28.627,30.009,3.6744,3.6457,87.84,44.289,36.811,40.55,91.219,99.2,0
2025.7.1 0:00,R01,M05,32.393,28.559,30.476,3.6848,3.6463,87.97,43.004,36.572,39.788,90.234,98.867,0
2025.7.1 0:00,R01,M06,31.522,28.722,30.122,3.6841,3.6543,88.06,45.605,37.416,41.51,90.651,99.167,0
2025.7.1 0:00,R01,M07,32.37,28.602,30.486,3.6869,3.6526,88.07,46.012,36.125,41.069,91.28,99.198,0
2025.7.1 0:00,R01,M08,45.793,31.274,38.845,3.7194,3.2976,87.26,48.882,24.137,35.826,60.523,55.17,0
2025.7.1 0:00,R01,M09,32.628,28.848,30.738,3.6813,3.659,88.08,45.926,38.321,42.123,91.667,98.686,0
2025.7.1 0:00,R01,M10,33.442,29.726,31.584,3.6804,3.6542,88.02,46.378,38.404,42.391,92.499,99.245,0
2025.7.1 0:00,R01,M11,33.903,30.15,32.026,3.6869,3.6587,88.15,48.483,39.554,44.019,92.275,99.421,0
2025.7.1 0:00,R01,M01,30.787,27.237,29.012,3.6735,3.6465,87.84,42.231,32.67,37.451,89.124,98.922,0
2025.7.1 0:00,R01,M02,30.436,28.032,29.234,3.6772,3.6429,87.84,43.948,34.677,39.312,90.136,98.937,0
2025.7.1 0:00,R01,M03,32.223,27.657,29.94,3.6775,3.6459,87.88,43.948,36.305,40.127,89.9,99.017,0
2025.7.1 0:00,R01,M04,31.957,28.116,30.037,3.6741,3.6538,87.93,42.331,35.742,39.037,90.592,98.876,0
2025.7.1 0:00,R01,M05,32.511,28.231,30.371,3.684,3.6532,88.05,44.866,36.409,40.638,90.131,99.052,0
2025.7.1 0:00,R01,M06,33.115,29.06,31.087,3.6856,3.6492,88.02,43.182,37.185,40.184,90.496,98.518,0
2025.7.1 0:00,R01,M07,31.483,28.868,30.175,3.6829,3.6481,87.97,44.028,38.385,41.206,91.619,99.003,0
2025.7.1 0:00,R01,M08,47.268,31.558,37.789,3.7286,3.3298,87.81,49.916,23.987,39.094,61.506,56.686,0
2025.7.1 0:00,R01,M09,32.479,28.839,30.659,3.6836,3.6507,88.01,45.083,38.636,41.859,92.36,98.682,0
2025.7.1 0:00,R01,M10,32.176,29.962,31.069,3.6801,3.656,88.03,45.098,39.527,42.312,91.469,99.174,0
2025.7.1 0:00,R01,M11,32.31,29.652,30.981,3.6885,3.6601,88.18,47.824,40.184,44.004,92.277,99.216,0
2025.7.1 0:00,R01,M01,31.682,28.073,29.877,3.676,3.6453,87.86,41.327,33.096,37.212,89.049,99.482,0
2025.7.1 0:00,R01,M02,30.561,28.251,29.406,3.6796,3.6428,87.87,43.916,33.559,38.737,90.464,98.807,0
2025.7.1 0:00,R01,M03,31.597,28.566,30.081,3.6753,3.6518,87.93,42.114,35.636,38.875,90.987,98.907,0
2025.7.1 0:00,R01,M04,32.485,28.201,30.343,3.6772,3.6472,87.89,42.382,35.176,38.779,90.282,99.13,0
2025.7.1 0:00,R01,M05,31.446,28.056,29.751,3.6756,3.6549,87.97,42.791,37.21,40.001,90.851,99.482,0
2025.7.1 0:00,R01,M06,31.254,29.003,30.129,3.6767,3.6481,87.9,45.271,37.327,41.299,91.9,99.363,0
2025.7.1 0:00,R01,M07,32.197,29.094,30.646,3.6846,3.6484,88.0,45.5,37.83,41.665,91.598,99.12,0
2025.7.1 0:00,R01,M08,46.371,32.217,39.201,3.7262,3.3058,87.22,49.767,26.332,35.752,62.079,56.336,0
2025.7.1 0:00,R01,M09,31.899,28.844,30.372,3.6877,3.6502,88.05,44.899,37.52,41.21,92.112,99.152,0
2025.7.1 0:00,R01,M10,33.466,29.736,31.601,3.6834,3.6558,88.07,45.08,37.048,41.064,91.617,99.03,0
2025.7.1 0:00,R01,M11,34.122,29.647,31.884,3.6828,3.6599,88.11,45.673,38.368,42.02,92.697,98.995,0
2025.7.1 0:00,R01,M01,30.865,27.809,29.337,3.6804,3.6432,87.88,41.694,32.915,37.305,90.095,98.592,0
2025.7.1 0:00,R01,M02,31.009,27.546,29.277,3.6794,3.6491,87.94,43.55,35.534,39.542,89.9,98.806,0
2025.7.1 0:00,R01,M03,31.434,27.933,29.684,3.6807,3.6494,87.96,42.597,33.532,38.064,90.726,98.535,0
2025.7.1 0:00,R01,M04,32.261,28.795,30.528,3.6792,3.6488,87.94,44.043,35.667,39.855,91.587,99.036,0
2025.7.1 0:00,R01,M05,32.675,28.63,30.652,3.6762,3.6525,87.94,42.762,36.361,39.561,91.713,98.655,0
2025.7.1 0:00,R01,M06,31.241,28.841,30.041,3.6796,3.6526,87.99,45.415,37.192,41.303,91.222,99.069,0
2025.7.1 0:00,R01,M07,31.964,28.907,30.435,3.685,3.6494,88.01,44.863,38.285,41.574,90.661,99.135,0
2025.7.1 0:00,R01,M08,46.944,32.206,38.462,3.7161,3.3383,87.43,47.717,24.465,36.197,61.013,57.347,0
2025.7.1 0:00,R01,M09,33.041,29.016,31.028,3.6832,3.6545,88.05,45.231,38.263,41.747,92.533,99.067,0
2025.7.1 0:00,R01,M10,32.137,29.615,30.876,3.6867,3.6557,88.11,47.719,38.408,43.064,92.668,98.646,0
2025.7.1 0:00,R01,M11,33.436,29.686,31.561,3.6864,3.6519,88.06,46.975,39.453,43.214,92.181,99.229,0
2025.7.1 0:00,R01,M01,31.407,28.132,29.77,3.6758,3.6485,87.89,40.618,33.657,37.138,89.626,99.169,0
2025.7.1 0:00,R01,M02,30.679,28.038,29.358,3.681,3.6499,87.97,42.408,33.005,37.707,89.866,98.702,0
2025.7.1 0:00,R01,M03,31.877,28.429,30.153,3.6752,3.6459,87.85,43.802,35.198,39.5,89.547,98.77,0
2025.7.1 0:00,R01,M04,30.854,27.876,29.365,3.6818,3.6514,88.0,43.026,35.805,39.416,89.84,98.612,0
2025.7.1 0:00,R01,M05,32.415,28.822,30.618,3.676,3.6451,87.85,42.999,34.979,38.989,91.491,99.116,0
2025.7.1 0:00,R01,M06,32.858,28.945,30.901,3.6842,3.6536,88.05,45.389,35.351,40.37,90.935,99.111,0
2025.7.1 0:00,R01,M07,32.793,29.297,31.045,3.6849,3.6567,88.1,43.584,36.709,40.147,92.109,99.084,0
2025.7.1 0:00,R01,M08,45.246,31.736,38.472,3.7265,3.334,87.4,47.013,23.533,39.373,61.773,54.274,0
2025.7.1 0:00,R01,M09,31.939,29.337,30.638,3.6853,3.6554,88.09,46.44,38.606,42.523,91.236,98.87,0
2025.7.1 0:00,R01,M10,32.242,29.387,30.814,3.6878,3.6548,88.11,46.22,38.949,42.584,92.557,99.087,0
2025.7.1 0:00,R01,M11,33.044,30.097,31.57,3.6896,3.6547,88.13,45.532,38.397,41.965,92.831,98.921,0
2025.7.1 0:00,R01,M01,31.544,27.774,29.659,3.675,3.645,87.84,42.767,35.349,39.058,89.136,98.828,0
2025.7.1 0:00,R01,M02,32.136,28.145,30.141,3.6791,3.644,87.88,43.928,33.849,38.888,90.775,99.466,0
2025.7.1 0:00,R01,M03,31.283,28.359,29.821,3.6746,3.6525,87.93,43.051,33.695,38.373,90.709,99.122,0
2025.7.1 0:00,R01,M04,32.616,28.195,30.405,3.6803,3.6463,87.92,42.428,34.832,38.63,91.462,98.511,0
2025.7.1 0:00,R01,M05,32.891,28.916,30.904,3.6795,3.6453,87.9,43.731,34.651,39.191,91.608,98.554,0
2025.7.1 0:00,R01,M06,31.674,28.224,29.949,3.6789,3.6478,87.92,43.398,36.544,39.971,91.566,98.796,0
2025.7.1 0:00,R01,M07,31.952,28.66,30.306,3.6806,3.6536,88.01,46.455,36.136,41.296,90.686,99.213,0
2025.7.1 0:00,R01,M08,46.22,31.587,39.39,3.7227,3.3324,87.53,47.313,25.31,39.496,60.438,56.369,0
2025.7.1 0:00,R01,M09,32.179,28.816,30.498,3.6865,3.6507,88.05,46.443,37.296,41.87,91.738,99.28,0
2025.7.1 0:00,R01,M10,32.216,29.586,30.901,3.6849,3.6551,88.08,45.678,38.766,42.222,92.405,98.865,0
2025.7.1 0:00,R01,M11,34.05,29.895,31.972,3.6887,3.6523,88.09,47.403,37.777,42.59,92.498,99.498,0
2025.7.1 0:00,R01,M01,30.298,28.113,29.206,3.6778,3.6442,87.86,41.482,33.548,37.515,89.087,98.79,0
2025.7.1 0:00,R01,M02,30.642,27.719,29.181,3.674,3.6429,87.8,42.916,35.004,38.96,90.952,99.097,0
2025.7.1 0:00,R01,M03,32.134,28.272,30.203,3.6789,3.6497,87.94,43.376,35.285,39.331,89.89,98.813,0
2025.7.1 0:00,R01,M04,30.979,28.642,29.81,3.6756,3.6479,87.88,42.862,35.795,39.329,90.731,98.504,0
2025.7.1 0:00,R01,M05,32.645,28.517,30.581,3.6754,3.6524,87.93,43.481,34.701,39.091,90.906,99.19,0
2025.7.1 0:00,R01,M06,31.653,28.855,30.254,3.6856,3.6554,88.09,43.8,36.8,40.3,90.912,99.156,0
2025.7.1 0:00,R01,M07,32.1,28.706,30.403,3.6861,3.6539,88.08,46.359,37.866,42.112,91.592,99.326,0
2025.7.1 0:00,R01,M08,46.923,31.102,38.768,3.7238,3.3062,87.37,46.243,25.433,35.777,62.108,56.456,0
2025.7.1 0:00,R01,M09,33.293,29.485,31.389,3.6881,3.6571,88.14,46.333,36.803,41.568,91.698,99.23,0
2025.7.1 0:00,R01,M10,32.601,29.608,31.105,3.6866,3.657,88.12,47.455,37.042,42.248,92.652,98.561,0
2025.7.1 0:00,R01,M11,34.16,29.39,31.775,3.6822,3.6534,88.03,47.846,37.778,42.812,91.598,99.221,0
2025.7.1 0:00,R01,M01,31.556,27.838,29.697,3.6751,3.6506,87.91,40.8,35.459,38.13,89.64,99.353,0
2025.7.1 0:00,R01,M02,31.57,27.549,29.559,3.6769,3.6517,87.94,43.287,33.358,38.322,90.931,98.647,0
2025.7.1 0:00,R01,M03,30.91,28.061,29.486,3.6829,3.6485,87.98,41.648,36.432,39.04,91.092,99.225,0
2025.7.1 0:00,R01,M04,32.681,27.858,30.27,3.6775,3.6485,87.91,42.241,34.657,38.449,90.381,98.629,0
2025.7.1 0:00,R01,M05,31.08,28.929,30.005,3.6797,3.6508,87.97,42.941,36.903,39.922,91.995,98.972,0
2025.7.1 0:00,R01,M06,31.266,28.903,30.084,3.6771,3.6523,87.95,43.116,36.768,39.942,91.38,99.412,0
2025.7.1 0:00,R01,M07,32.462,28.722,30.592,3.6861,3.6554,88.1,45.066,37.054,41.06,91.009,99.254,0
2025.7.1 0:00,R01,M08,46.749,32.417,39.367,3.7184,3.2983,87.92,49.018,23.895,39.656,61.56,55.747,0
2025.7.1 0:00,R01,M09,31.99,29.48,30.735,3.6841,3.6492,88.0,44.783,39.338,42.061,91.369,99.293,0
2025.7.1 0:00,R01,M10,33.95,29.056,31.503,3.6848,3.6555,88.08,46.075,38.208,42.142,92.261,98.67,0
2025.7.1 0:00,R01,M11,32.329,30.146,31.238,3.683,3.6528,88.03,47.512,39.529,43.52,91.59,99.068,0
2025.7.1 0:00,R01,M01,31.838,27.586,29.712,3.6788,3.6411,87.84,42.666,34.829,38.748,89.615,98.949,0
2025.7.1 0:00,R01,M02,30.406,27.788,29.097,3.6769,3.6442,87.85,43.552,34.301,38.927,91.017,99.494,0
2025.7.1 0:00,R01,M03,31.994,28.322,30.158,3.6793,3.6475,87.92,43.097,35.675,39.386,89.833,99.031,0
2025.7.1 0:00,R01,M04,31.58,27.901,29.74,3.6802,3.6526,87.99,42.141,34.347,38.244,90.208,99.332,0
2025.7.1 0:00,R01,M05,32.364,28.053,30.209,3.6778,3.6535,87.98,44.003,36.425,40.214,90.542,98.85,0
2025.7.1 0:00,R01,M06,32.309,28.244,30.276,3.6803,3.6469,87.93,45.649,37.237,41.443,90.95,99.212,0
2025.7.1 0:00,R01,M07,32.074,28.451,30.262,3.6806,3.6549,88.03,45.916,35.519,40.718,92.387,98.695,0
2025.7.1 0:00,R01,M08,45.609,32.19,38.211,3.7291,3.2946,87.65,49.266,26.91,36.541,61.025,55.479,0
2025.7.1 0:00,R01,M09,32.27,28.887,30.579,3.6847,3.656,88.09,45.187,38.127,41.657,92.644,99.096,0
2025.7.1 0:00,R01,M10,33.484,29.895,31.69,3.6807,3.6508,87.98,47.598,37.857,42.727,91.761,99.428,0
2025.7.1 0:00,R01,M11,34.049,29.494,31.771,3.686,3.6581,88.13,45.964,37.798,41.881,92.196,99.368,0
2025.7.1 0:00,R01,M01,30.545,28.088,29.317,3.6763,3.6474,87.88,41.405,33.936,37.671,89.125,99.11,0
2025.7.1 0:00,R01,M02,32.179,28.145,30.162,3.6784,3.6488,87.93,43.333,34.27,38.802,90.99,99.116,0
2025.7.1 0:00,R01,M03,30.767,28.459,29.613,3.6798,3.6501,87.96,42.006,36.437,39.221,89.593,98.987,0
2025.7.1 0:00,R01,M04,31.536,28.129,29.833,3.678,3.6501,87.94,44.105,34.72,39.412,90.075,99.357,0
2025.7.1 0:00,R01,M05,32.27,28.913,30.592,3.6755,3.6486,87.89,43.064,35.479,39.272,90.34,99.355,0
2025.7.1 0:00,R01,M06,33.155,29.02,31.087,3.6801,3.6503,87.96,43.526,37.748,40.637,91.454,98.548,0
2025.7.1 0:00,R01,M07,33.343,28.741,31.042,3.6825,3.6557,88.06,44.359,37.361,40.86,92.508,99.096,0
2025.7.1 0:00,R01,M08,47.224,32.468,38.314,3.725,3.2972,87.43,46.545,25.061,36.964,62.465,55.611,0
2025.7.1 0:00,R01,M09,32.016,28.897,30.456,3.686,3.6515,88.05,46.076,36.922,41.499,91.026,98.547,0
2025.7.1 0:00,R01,M10,32.727,29.335,31.031,3.6845,3.6548,88.07,45.662,38.225,41.944,92.281,99.486,0
2025.7.1 0:00,R01,M11,32.481,29.387,30.934,3.6827,3.6568,88.07,47.2,38.844,43.022,91.044,98.762,0
2025.7.1 0:00,R01,M01,30.485,27.467,28.976,3.6715,3.6438,87.78,40.969,34.445,37.707,90.243,99.496,0
2025.7.1 0:00,R01,M02,31.397,27.673,29.535,3.6768,3.6502,87.92,43.27,33.164,38.217,90.646,98.785,0
2025.7.1 0:00,R01,M03,31.425,28.451,29.938,3.6731,3.652,87.9,43.062,34.102,38.582,91.579,99.088,0
2025.7.1 0:00,R01,M04,32.452,28.008,30.23,3.6837,3.6531,88.04,42.732,35.394,39.063,91.404,98.732,0
2025.7.1 0:00,R01,M05,32.736,28.532,30.634,3.6788,3.653,87.98,42.866,36.208,39.537,90.97,99.323,0
2025.7.1 0:00,R01,M06,32.585,28.446,30.516,3.6829,3.6469,87.96,43.277,36.034,39.656,90.995,99.194,0
2025.7.1 0:00,R01,M07,32.947,28.921,30.934,3.6788,3.6474,87.91,45.192,36.712,40.952,91.25,98.9,0
2025.7.1 0:00,R01,M08,46.283,31.876,39.647,3.7168,3.313,87.76,49.487,25.251,37.527,62.144,56.417,0
2025.7.1 0:00,R01,M09,33.128,29.267,31.197,3.6828,3.6559,88.06,46.446,37.746,42.096,91.173,98.512,0
2025.7.1 0:00,R01,M10,33.803,29.867,31.835,3.688,3.6596,88.17,47.476,39.751,43.614,92.813,98.813,0
2025.7.1 0:00,R01,M11,32.815,29.246,31.03,3.6858,3.6529,88.06,47.82,39.508,43.664,91.806,99.369,0
2025.7.1 0:00,R01,M01,32.06,27.561,29.811,3.68,3.6482,87.94,42.608,35.034,38.821,90.204,99.126,0
2025.7.1 0:00,R01,M02,32.314,27.419,29.867,3.6724,3.6493,87.86,42.503,35.343,38.923,90.711,99.217,0
2025.7.1 0:00,R01,M03,31.11,28.111,29.611,3.6755,3.6492,87.9,41.731,34.565,38.148,90.08,99.154,0
2025.7.1 0:00,R01,M04,32.236,28.642,30.439,3.6833,3.6528,88.03,42.266,36.341,39.303,90.295,99.445,0
2025.7.1 0:00,R01,M05,32.849,28.095,30.472,3.6829,3.6525,88.02,45.292,36.465,40.879,92.016,98.612,0
2025.7.1 0:00,R01,M06,32.848,28.564,30.706,3.6858,3.6538,88.08,44.566,37.265,40.916,91.911,99.09,0
2025.7.1 0:00,R01,M07,33.212,28.956,31.084,3.6809,3.6551,88.03,46.208,37.855,42.031,91.94,99.478,0
2025.7.1 0:00,R01,M08,46.484,31.105,38.261,3.7209,3.3382,87.45,48.993,26.296,38.348,62.518,58.112,0
2025.7.1 0:00,R01,M09,33.521,29.057,31.289,3.6799,3.65,87.96,46.967,37.801,42.384,92.412,99.366,0
2025.7.1 0:00,R01,M10,32.006,29.784,30.895,3.6825,3.6542,88.04,45.747,37.511,41.629,92.475,99.362,0
2025.7.1 0:00,R01,M11,33.64,29.446,31.543,3.6898,3.6553,88.14,47.334,38.544,42.939,91.09,99.105,0
2025.7.1 0:00,R01,M01,30.713,27.695,29.204,3.6737,3.6431,87.8,42.796,32.785,37.79,89.447,99.215,0
2025.7.1 0:00,R01,M02,30.478,28.071,29.275,3.6747,3.6438,87.82,41.309,35.914,38.611,90.306,98.653,0
2025.7.1 0:00,R01,M03,32.193,27.831,30.012,3.6759,3.6484,87.89,44.343,35.542,39.943,91.462,98.884,0
2025.7.1 0:00,R01,M04,31.113,28.267,29.69,3.6745,3.6529,87.93,44.717,36.693,40.705,91.788,98.851,0
2025.7.1 0:00,R01,M05,32.379,28.302,30.34,3.6803,3.6489,87.95,45.242,34.51,39.876,92.103,98.658,0
2025.7.1 0:00,R01,M06,31.615,28.464,30.039,3.6773,3.6535,87.97,44.803,36.586,40.694,90.622,98.547,0
2025.7.1 0:00,R01,M07,33.054,29.098,31.076,3.6849,3.655,88.08,45.178,35.706,40.442,91.636,99.332,0
2025.7.1 0:00,R01,M08,45.96,31.722,39.67,3.7252,3.3097,87.97,49.316,25.159,38.401,62.735,55.382,0
2025.7.1 0:00,R01,M09,33.147,29.346,31.246,3.6802,3.6492,87.95,47.387,38.417,42.902,92.166,99.434,0
2025.7.1 0:00,R01,M10,33.759,29.335,31.547,3.6826,3.6536,88.03,45.093,37.495,41.294,91.058,98.897,0
2025.7.1 0:00,R01,M11,34.055,29.705,31.88,3.69,3.6513,88.1,47.889,37.784,42.837,92.935,99.283,0
2025.7.1 0:00,R01,M01,31.982,27.746,29.864,3.6734,3.6471,87.85,43.33,34.395,38.862,90.81,99.485,0
2025.7.1 0:00,R01,M02,31.014,28.357,29.685,3.6753,3.6439,87.83,41.971,35.241,38.606,90.955,98.68,0
2025.7.1 0:00,R01,M03,31.895,27.919,29.907,3.6733,3.6452,87.82,42.48,34.772,38.626,90.043,98.867,0
2025.7.1 0:00,R01,M04,31.491,28.596,30.044,3.6776,3.646,87.88,44.502,34.435,39.469,90.164,98.996,0
2025.7.1 0:00,R01,M05,32.428,28.918,30.673,3.6764,3.6453,87.86,44.14,37.295,40.718,90.677,98.76,0
2025.7.1 0:00,R01,M06,32.443,28.924,30.683,3.6775,3.648,87.91,43.244,35.32,39.282,92.377,98.618,0
2025.7.1 0:00,R01,M07,33.0,28.69,30.845,3.6808,3.6517,87.99,45.415,37.255,41.335,91.134,99.342,0
2025.7.1 0:00,R01,M08,45.926,32.331,39.386,3.7298,3.3062,87.64,48.213,24.863,37.537,61.25,57.975,0
2025.7.1 0:00,R01,M09,33.628,29.109,31.369,3.684,3.6553,88.07,45.212,36.576,40.894,92.405,99.211,0
2025.7.1 0:00,R01,M10,33.542,29.621,31.581,3.6883,3.6504,88.06,47.237,39.706,43.472,91.585,98.885,0
2025.7.1 0:00,R01,M11,32.336,29.842,31.089,3.6868,3.6536,88.08,45.661,38.861,42.261,92.773,98.942,0
2025.7.1 0:00,R01,M01,31.72,27.52,29.62,3.6798,3.641,87.85,43.494,35.245,39.37,89.203,99.128,0
2025.7.1 0:00,R01,M02,30.519,27.438,28.978,3.6732,3.648,87.85,43.578,33.428,38.503,89.68,99.023,0
2025.7.1 0:00,R01,M03,32.003,28.468,30.236,3.6733,3.6487,87.86,43.58,35.494,39.537,91.622,98.683,0
2025.7.1 0:00,R01,M04,31.364,28.272,29.818,3.6765,3.6524,87.95,44.53,34.727,39.629,91.759,99.216,0
2025.7.1 0:00,R01,M05,31.665,28.156,29.91,3.6829,3.6536,88.04,44.265,35.945,40.105,92.008,98.958,0
2025.7.1 0:00,R01,M06,33.014,28.488,30.751,3.6806,3.6553,88.03,44.625,36.293,40.459,91.152,98.92,0
2025.7.1 0:00,R01,M07,31.541,28.428,29.985,3.6824,3.6482,87.97,45.875,36.783,41.329,90.808,99.378,0
2025.7.1 0:00,R01,M08,46.889,31.124,39.06,3.7111,3.3173,87.56,48.221,25.117,38.846,62.41,56.614,0
2025.7.1 0:00,R01,M09,32.738,29.46,31.099,3.6832,3.6576,88.09,45.072,37.35,41.211,92.021,98.765,0
2025.7.1 0:00,R01,M10,33.782,29.907,31.844,3.6846,3.6524,88.04,46.011,37.168,41.59,91.803,99.436,0
2025.7.1 0:00,R01,M11,33.494,29.263,31.379,3.6884,3.6572,88.15,45.668,40.325,42.996,91.979,98.717,0
2025.7.1 0:00,R01,M01,31.493,27.687,29.59,3.68,3.648,87.94,42.689,33.083,37.886,89.649,99.075,0
2025.7.1 0:00,R01,M02,31.162,28.088,29.625,3.6794,3.6496,87.95,41.909,33.981,37.945,90.562,98.866,0
2025.7.1 0:00,R01,M03,32.126,28.476,30.301,3.6779,3.647,87.9,43.687,34.153,38.92,89.789,98.76,0
2025.7.1 0:00,R01,M04,31.036,28.3,29.668,3.6824,3.6527,88.02,43.181,34.623,38.902,92.005,99.169,0
2025.7.1 0:00,R01,M05,31.455,28.083,29.769,3.6816,3.6543,88.03,43.569,36.24,39.904,91.782,98.816,0
2025.7.1 0:00,R01,M06,33.183,28.997,31.09,3.6852,3.6492,88.01,44.412,36.466,40.439,92.085,99.458,0
2025.7.1 0:00,R01,M07,32.431,28.877,30.654,3.6823,3.6556,88.05,43.986,37.148,40.567,92.22,99.233,0
2025.7.1 0:00,R01,M08,44.901,32.323,38.921,3.7174,3.3352,88.08,49.417,26.63,35.986,62.548,56.327,0
2025.7.1 0:00,R01,M09,33.34,29.313,31.327,3.6829,3.6566,88.07,44.991,36.887,40.939,91.024,98.581,0
2025.7.1 0:00,R01,M10,33.359,29.628,31.494,3.6884,3.6534,88.1,45.93,37.249,41.59,91.194,98.545,0
2025.7.1 0:00,R01,M11,32.993,30.075,31.534,3.6846,3.6563,88.09,48.072,39.984,44.028,91.976,98.742,0
2025.7.1 0:00,R01,M01,31.667,28.146,29.907,3.6741,3.6411,87.78,40.712,32.976,36.844,89.224,99.187,0
2025.7.1 0:00,R01,M02,31.654,27.717,29.685,3.6734,3.6428,87.79,41.259,34.057,37.658,90.242,99.111,0
2025.7.1 0:00,R01,M03,31.435,28.273,29.854,3.6779,3.6518,87.96,43.576,35.496,39.536,91.367,98.93,0
2025.7.1 0:00,R01,M04,31.393,28.516,29.954,3.6792,3.6452,87.89,43.865,35.073,39.469,91.759,99.484,0
2025.7.1 0:00,R01,M05,31.704,28.719,30.212,3.6755,3.6506,87.91,44.744,36.462,40.603,91.252,99.185,0
2025.7.1 0:00,R01,M06,32.719,28.776,30.748,3.6843,3.6518,88.03,44.797,36.738,40.767,91.13,99.261,0
2025.7.1 0:00,R01,M07,32.409,29.316,30.862,3.6808,3.6476,87.94,45.84,37.952,41.896,91.731,99.01,0
2025.7.1 0:00,R01,M08,44.867,31.331,39.54,3.7112,3.305,88.09,49.623,26.268,36.928,61.637,55.563,0
2025.7.1 0:00,R01,M09,32.06,29.71,30.885,3.6828,3.6529,88.03,45.659,36.745,41.202,92.041,99.018,0
2025.7.1 0:00,R01,M10,32.554,29.312,30.933,3.6819,3.6561,88.06,46.081,39.065,42.573,91.836,99.102,0
2025.7.1 0:00,R01,M11,32.633,29.512,31.073,3.6892,3.6519,88.09,46.223,40.279,43.251,91.627,98.682,0
2025.7.1 0:00,R01,M01,32.122,27.674,29.898,3.673,3.6479,87.85,42.993,35.348,39.171,91.133,98.564,0
2025.7.1 0:00,R01,M02,31.908,27.623,29.766,3.6744,3.6477,87.87,41.975,34.061,38.018,90.907,98.672,0
2025.7.1 0:00,R01,M03,31.869,28.338,30.104,3.677,3.6487,87.91,43.9,35.044,39.472,91.305,99.018,0
2025.7.1 0:00,R01,M04,30.942,28.75,29.846,3.6823,3.6452,87.93,42.84,36.467,39.654,90.984,98.673,0
2025.7.1 0:00,R01,M05,31.859,28.464,30.162,3.6768,3.6521,87.95,44.354,34.706,39.53,91.649,99.275,0
2025.7.1 0:00,R01,M06,31.324,28.287,29.806,3.6769,3.6523,87.95,45.904,35.097,40.501,91.896,98.902,0
2025.7.1 0:00,R01,M07,32.905,28.899,30.902,3.684,3.6494,88.0,44.783,37.972,41.377,92.097,99.17,0
2025.7.1 0:00,R01,M08,47.26,32.912,39.028,3.7113,3.3155,87.58,49.314,25.941,38.139,62.855,55.257,0
2025.7.1 0:00,R01,M09,32.224,29.12,30.672,3.6858,3.6563,88.11,46.25,38.141,42.195,91.119,98.592,0
2025.7.1 0:00,R01,M10,32.195,29.785,30.99,3.68,3.6597,88.08,46.375,38.888,42.632,92.39,99.327,0
2025.7.1 0:00,R01,M11,32.964,30.143,31.553,3.6881,3.6575,88.15,48.243,39.142,43.693,92.987,98.743,0
2025.7.1 0:00,R01,M01,31.16,28.194,29.677,3.6782,3.6503,87.94,42.445,34.288,38.367,89.434,99.031,0
2025.7.1 0:00,R01,M02,32.216,28.137,30.177,3.6819,3.6445,87.92,41.63,35.132,38.381,90.0,99.431,0
2025.7.1 0:00,R01,M03,31.443,28.284,29.864,3.6772,3.6439,87.85,44.264,36.454,40.359,90.471,98.956,0
2025.7.1 0:00,R01,M04,31.824,28.175,30.0,3.6741,3.6455,87.84,42.709,34.043,38.376,91.707,99.032,0
2025.7.1 0:00,R01,M05,31.626,28.181,29.904,3.6758,3.6503,87.91,44.074,35.867,39.971,91.349,98.784,0
2025.7.1 0:00,R01,M06,32.315,28.643,30.479,3.6773,3.6531,87.96,43.818,36.217,40.017,92.508,99.255,0
2025.7.1 0:00,R01,M07,33.173,28.43,30.802,3.6866,3.6499,88.04,44.32,36.916,40.618,90.775,99.482,0
2025.7.1 0:00,R01,M08,44.724,31.191,39.114,3.729,3.3215,87.61,47.452,25.148,38.242,62.562,57.801,0
2025.7.1 0:00,R01,M09,32.808,29.538,31.173,3.6874,3.6512,88.06,44.598,36.995,40.796,91.865,98.74,0
2025.7.1 0:00,R01,M10,33.859,29.066,31.462,3.6842,3.6587,88.11,46.441,37.532,41.986,92.945,99.152,0
2025.7.1 0:00,R01,M11,32.898,29.523,31.211,3.6874,3.6534,88.09,47.885,38.223,43.054,92.908,99.383,0
2025.7.1 0:00,R01,M01,32.136,28.123,30.13,3.6761,3.648,87.89,40.867,32.942,36.904,90.057,98.944,0
2025.7.1 0:00,R01,M02,31.044,28.326,29.685,3.6747,3.6503,87.9,41.368,34.257,37.812,89.922,99.166,0
2025.7.1 0:00,R01,M03,30.954,28.181,29.568,3.6805,3.6506,87.97,43.944,34.039,38.992,91.296,98.68,0
2025.7.1 0:00,R01,M04,30.976,28.366,29.671,3.6778,3.6537,87.98,44.065,34.717,39.391,91.416,99.097,0
2025.7.1 0:00,R01,M05,32.746,28.412,30.579,3.6813,3.6479,87.95,44.663,35.925,40.294,90.981,99.327,0
2025.7.1 0:00,R01,M06,31.624,28.545,30.084,3.678,3.6473,87.9,44.884,37.293,41.088,91.99,98.53,0
2025.7.1 0:00,R01,M07,31.673,29.316,30.494,3.6832,3.6515,88.02,43.711,36.209,39.96,91.946,99.241,0
2025.7.1 0:00,R01,M08,46.043,32.068,38.127,3.7266,3.3426,87.52,49.378,23.197,38.378,61.462,55.455,0
2025.7.1 0:00,R01,M09,32.304,28.934,30.619,3.6798,3.6589,88.06,44.601,37.304,40.953,92.43,98.927,0
2025.7.1 0:00,R01,M10,32.368,29.685,31.026,3.6898,3.651,88.09,46.45,39.947,43.199,91.683,98.944,0
2025.7.1 0:00,R01,M11,33.031,29.949,31.49,3.6811,3.6529,88.01,48.281,38.727,43.504,92.851,98.638,0
2025.7.1 0:00,R01,M01,30.692,27.733,29.212,3.6797,3.6485,87.94,40.989,32.803,36.896,90.995,98.645,0
2025.7.1 0:00,R01,M02,32.113,27.542,29.828,3.6743,3.6481,87.87,41.586,34.795,38.191,89.971,99.248,0
2025.7.1 0:00,R01,M03,32.027,28.158,30.093,3.6787,3.6488,87.93,43.9,35.715,39.808,90.094,99.213,0
2025.7.1 0:00,R01,M04,31.887,27.998,29.943,3.6793,3.6478,87.93,42.238,36.688,39.463,91.445,99.346,0
2025.7.1 0:00,R01,M05,32.801,28.467,30.634,3.6795,3.6478,87.93,44.212,35.466,39.839,90.708,98.68,0
2025.7.1 0:00,R01,M06,33.086,28.867,30.977,3.6823,3.6557,88.06,43.401,35.478,39.44,92.291,98.556,0
2025.7.1 0:00,R01,M07,33.045,28.58,30.812,3.6806,3.6491,87.96,44.343,37.892,41.118,92.248,98.649,0
2025.7.1 0:00,R01,M08,45.271,32.994,39.733,3.7178,3.3144,87.69,46.81,23.434,37.262,61.518,56.063,0
2025.7.1 0:00,R01,M09,32.619,28.814,30.716,3.681,3.6589,88.08,46.874,38.887,42.88,91.351,98.62,0
2025.7.1 0:00,R01,M10,32.691,29.155,30.923,3.6888,3.6505,88.07,47.37,38.266,42.818,91.795,99.239,0
2025.7.1 0:00,R01,M11,33.878,29.897,31.887,3.6846,3.6531,88.05,48.123,39.799,43.961,92.193,99.085,0
2025.7.1 0:00,R01,M01,31.348,27.698,29.523,3.6763,3.6482,87.89,41.626,32.612,37.119,90.339,99.329,0
2025.7.1 0:00,R01,M02,30.71,28.301,29.505,3.6795,3.6424,87.86,43.526,35.803,39.665,91.352,99.488,0
2025.7.1 0:00,R01,M03,31.38,28.227,29.803,3.6734,3.6467,87.84,44.252,34.197,39.225,91.131,98.618,0
2025.7.1 0:00,R01,M04,32.301,27.837,30.069,3.6812,3.6507,87.98,43.108,35.747,39.427,91.175,99.072,0
2025.7.1 0:00,R01,M05,32.549,28.589,30.569,3.6799,3.6455,87.9,45.473,35.379,40.426,91.88,99.406,0
2025.7.1 0:00,R01,M06,33.087,29.069,31.078,3.6823,3.647,87.95,43.858,37.361,40.609,92.37,99.318,0
2025.7.1 0:00,R01,M07,33.271,29.334,31.303,3.684,3.6475,87.98,44.177,37.53,40.853,92.571,98.504,0
2025.7.1 0:00,R01,M08,45.501,32.432,38.481,3.7266,3.3142,87.67,49.185,22.996,39.295,61.788,58.12,0
2025.7.1 0:00,R01,M09,32.966,29.257,31.111,3.6841,3.6565,88.09,46.089,38.36,42.224,91.139,98.819,0
2025.7.1 0:00,R01,M10,32.5,29.618,31.059,3.686,3.6593,88.14,47.279,38.256,42.767,92.615,99.171,0
2025.7.1 0:00,R01,M11,33.453,29.308,31.381,3.6859,3.6536,88.07,48.063,37.553,42.808,91.36,98.528,0
2025.7.1 0:00,R01,M01,31.057,27.306,29.181,3.6739,3.651,87.9,41.364,35.382,38.373,90.346,98.701,0
2025.7.1 0:00,R01,M02,30.775,27.653,29.214,3.6799,3.649,87.95,41.384,33.155,37.27,90.123,99.042,0
2025.7.1 0:00,R01,M03,31.516,28.449,29.983,3.6795,3.6492,87.94,42.497,34.218,38.358,91.523,99.125,0
2025.7.1 0:00,R01,M04,31.256,27.918,29.587,3.6773,3.6485,87.91,44.743,34.311,39.527,91.426,98.804,0
2025.7.1 0:00,R01,M05,31.025,28.854,29.939,3.6798,3.6529,87.99,42.712,35.151,38.931,91.286,98.778,0
2025.7.1 0:00,R01,M06,32.466,28.763,30.614,3.6781,3.6507,87.95,43.824,37.566,40.695,91.787,99.397,0
2025.7.1 0:00,R01,M07,32.389,29.175,30.782,3.6778,3.6559,88.0,45.924,38.216,42.07,92.247,99.498,0
2025.7.1 0:00,R01,M08,46.095,31.326,39.836,3.7276,3.3157,87.84,46.138,25.979,39.006,62.159,56.864,0
2025.7.1 0:00,R01,M09,33.503,29.415,31.459,3.6813,3.6547,88.03,46.077,39.139,42.608,91.123,98.933,0
2025.7.1 0:00,R01,M10,33.596,29.753,31.674,3.6871,3.6563,88.12,45.34,37.699,41.52,92.101,98.741,0
2025.7.1 0:00,R01,M11,32.742,29.723,31.232,3.6889,3.6541,88.12,45.557,39.511,42.534,92.665,98.607,0
2025.7.1 0:00,R01,M01,31.486,27.989,29.738,3.6726,3.6444,87.8,40.817,34.583,37.7,91.343,99.247,0
2025.7.1 0:00,R01,M02,30.44,28.208,29.324,3.672,3.6456,87.81,43.432,33.086,38.259,90.98,98.636,0
2025.7.1 0:00,R01,M03,32.44,27.675,30.057,3.6824,3.6482,87.97,43.442,35.301,39.371,90.032,98.58,0
2025.7.1 0:00,R01,M04,30.998,28.652,29.825,3.6757,3.6497,87.9,44.089,34.517,39.303,90.506,98.9,0
2025.7.1 0:00,R01,M05,32.376,28.278,30.327,3.6777,3.6533,87.97,44.444,34.739,39.591,91.919,99.249,0
2025.7.1 0:00,R01,M06,32.85,28.403,30.627,3.6767,3.6462,87.87,45.048,37.681,41.364,92.075,98.543,0
2025.7.1 0:00,R01,M07,31.974,28.53,30.252,3.6867,3.6547,88.1,45.501,36.921,41.211,91.549,99.359,0
2025.7.1 0:00,R01,M08,45.046,32.99,38.61,3.7135,3.2961,87.69,48.857,25.932,36.453,63.414,54.89,0
2025.7.1 0:00,R01,M09,32.113,29.724,30.919,3.6865,3.6539,88.08,46.283,37.651,41.967,91.319,99.021,0
2025.7.1 0:00,R01,M10,32.499,29.311,30.905,3.6866,3.6571,88.12,45.561,39.256,42.409,91.705,99.318,0
2025.7.1 0:00,R01,M11,33.845,30.02,31.932,3.6835,3.6598,88.12,48.283,38.694,43.489,91.841,98.892,0
2025.7.1 0:00,R01,M01,30.32,27.975,29.148,3.6732,3.6453,87.82,41.828,35.497,38.663,90.301,99.39,0
2025.7.1 0:00,R01,M02,31.584,28.113,29.849,3.6798,3.651,87.97,43.446,35.316,39.381,91.198,98.982,0
2025.7.1 0:00,R01,M03,32.395,27.835,30.115,3.6741,3.6506,87.9,44.114,36.2,40.157,91.998,98.759,0
2025.7.1 0:00,R01,M04,32.628,28.523,30.575,3.6778,3.6484,87.91,42.27,36.227,39.248,91.887,98.695,0
2025.7.1 0:00,R01,M05,31.534,28.12,29.827,3.6757,3.649,87.9,44.94,35.607,40.273,91.293,99.169,0
2025.7.1 0:00,R01,M06,31.665,28.282,29.974,3.6849,3.6461,87.97,43.076,36.786,39.931,90.931,98.882,0
2025.7.1 0:00,R01,M07,31.667,28.568,30.117,3.683,3.6548,88.05,45.795,37.294,41.544,92.601,98.995,0
2025.7.1 0:00,R01,M08,44.174,32.548,39.074,3.7148,3.3197,87.67,49.145,24.729,36.488,63.297,56.284,0
2025.7.1 0:00,R01,M09,32.638,28.872,30.755,3.6873,3.6493,88.04,47.389,38.71,43.05,92.476,99.086,0
2025.7.1 0:00,R01,M10,32.021,29.761,30.891,3.6899,3.6563,88.15,47.697,37.092,42.395,91.777,99.29,0
2025.7.1 0:00,R01,M11,32.234,29.213,30.724,3.6814,3.6561,88.05,45.802,38.39,42.096,91.546,98.705,0
2025.7.1 0:00,R01,M01,31.869,27.82,29.845,3.6742,3.6438,87.82,41.488,33.411,37.45,90.106,98.728,0
2025.7.1 0:00,R01,M02,30.805,27.843,29.324,3.6817,3.6463,87.94,43.112,34.424,38.768,91.08,99.435,0
2025.7.1 0:00,R01,M03,31.265,27.638,29.452,3.6745,3.6519,87.92,42.608,35.833,39.221,91.68,99.419,0
2025.7.1 0:00,R01,M04,30.867,28.335,29.601,3.6809,3.6505,87.98,44.926,34.777,39.852,91.242,99.428,0
2025.7.1 0:00,R01,M05,31.248,28.709,29.979,3.6769,3.6461,87.88,44.727,35.099,39.913,90.787,98.754,0
2025.7.1 0:00,R01,M06,31.829,28.383,30.106,3.6859,3.6476,88.0,45.098,36.532,40.815,90.922,98.547,0
2025.7.1 0:00,R01,M07,32.341,29.059,30.7,3.6841,3.6569,88.09,45.421,36.554,40.987,92.585,98.744,0
2025.7.1 0:00,R01,M08,43.781,32.171,38.928,3.7203,3.3248,87.86,47.371,25.365,37.434,61.645,56.978,0
2025.7.1 0:00,R01,M09,33.636,29.768,31.702,3.6795,3.6553,88.02,44.543,39.487,42.015,91.834,98.65,0
2025.7.1 0:00,R01,M10,33.06,29.602,31.331,3.686,3.6585,88.13,46.561,38.603,42.582,92.192,99.286,0
2025.7.1 0:00,R01,M11,33.656,29.728,31.692,3.6878,3.6584,88.15,45.659,37.763,41.711,91.249,98.694,0
2025.7.1 0:00,R01,M01,30.322,27.879,29.101,3.6792,3.6504,87.96,42.61,33.345,37.977,91.247,99.187,0
2025.7.1 0:00,R01,M02,31.142,28.074,29.608,3.6721,3.6446,87.8,43.047,35.066,39.056,89.907,98.805,0
2025.7.1 0:00,R01,M03,31.194,27.868,29.531,3.675,3.6436,87.82,43.597,34.028,38.812,91.428,98.624,0
2025.7.1 0:00,R01,M04,32.146,28.095,30.12,3.6821,3.6481,87.96,44.721,34.792,39.757,92.19,98.862,0
2025.7.1 0:00,R01,M05,32.978,28.218,30.598,3.6848,3.6498,88.02,45.119,37.153,41.136,90.622,98.723,0
2025.7.1 0:00,R01,M06,32.477,28.279,30.378,3.6783,3.6467,87.9,45.708,35.807,40.758,90.764,99.452,0
2025.7.1 0:00,R01,M07,32.07,28.902,30.486,3.6829,3.6555,88.06,46.344,37.5,41.922,92.816,99.092,0
2025.7.1 0:00,R01,M08,44.529,31.077,38.779,3.7292,3.3241,87.28,47.773,23.534,36.75,63.305,54.71,0
2025.7.1 0:00,R01,M09,31.837,28.84,30.338,3.6859,3.6527,88.06,46.925,36.943,41.934,91.291,98.926,0
2025.7.1 0:00,R01,M10,32.219,29.314,30.767,3.6887,3.6537,88.11,46.952,37.32,42.136,91.936,99.397,0
2025.7.1 0:00,R01,M11,32.638,29.245,30.941,3.6873,3.653,88.08,46.215,39.74,42.978,91.524,99.178,0
2025.7.1 0:00,R01,M01,31.304,27.23,29.267,3.6782,3.6486,87.92,41.672,32.834,37.253,91.106,99.085,0
2025.7.1 0:00,R01,M02,32.358,27.457,29.907,3.6747,3.6428,87.81,42.251,34.599,38.425,91.409,99.024,0
2025.7.1 0:00,R01,M03,31.712,28.316,30.014,3.6785,3.6493,87.93,42.203,35.902,39.053,91.327,99.23,0
2025.7.1 0:00,R01,M04,31.091,28.223,29.657,3.675,3.6471,87.87,43.84,34.105,38.972,91.162,98.996,0
2025.7.1 0:00,R01,M05,32.473,28.633,30.553,3.6775,3.6541,87.98,44.971,34.522,39.746,92.335,98.505,0
2025.7.1 0:00,R01,M06,32.929,28.876,30.903,3.6839,3.6501,88.01,44.146,36.123,40.135,92.513,99.49,0
2025.7.1 0:00,R01,M07,32.078,28.899,30.489,3.6799,3.6527,87.99,45.555,35.863,40.709,91.34,98.838,0
2025.7.1 0:00,R01,M08,45.294,32.178,39.353,3.7194,3.3151,87.5,47.128,22.554,36.105,61.962,58.584,0
2025.7.1 0:00,R01,M09,32.949,29.706,31.328,3.6831,3.6553,88.06,46.047,39.286,42.666,92.81,98.959,0
2025.7.1 0:00,R01,M10,33.289,29.38,31.334,3.6807,3.6531,88.01,46.08,38.611,42.346,92.001,99.437,0
2025.7.1 0:00,R01,M11,34.196,29.801,31.998,3.6827,3.6528,88.03,48.35,37.785,43.067,92.226,99.003,0
2025.7.1 0:00,R01,M01,30.487,27.785,29.136,3.6806,3.6432,87.89,42.114,34.87,38.492,90.062,99.211,0
2025.7.1 0:00,R01,M02,31.438,27.698,29.568,3.6752,3.6455,87.85,42.66,35.545,39.102,90.131,99.058,0
2025.7.1 0:00,R01,M03,31.714,27.759,29.736,3.6741,3.651,87.9,43.728,34.223,38.975,90.197,99.328,0
2025.7.1 0:00,R01,M04,31.108,28.004,29.556,3.6753,3.6487,87.89,42.294,34.687,38.49,91.669,99.091,0
2025.7.1 0:00,R01,M05,31.063,28.177,29.62,3.6778,3.6518,87.96,43.1,36.606,39.853,90.581,99.376,0
2025.7.1 0:00,R01,M06,32.386,28.284,30.335,3.6824,3.6553,88.05,43.315,35.453,39.384,92.526,99.168,0
2025.7.1 0:00,R01,M07,32.485,28.621,30.553,3.6856,3.6493,88.02,43.971,37.899,40.935,92.236,99.184,0
2025.7.1 0:00,R01,M08,44.039,32.749,39.055,3.7102,3.3167,87.64,48.668,23.021,38.749,63.297,55.039,0
2025.7.1 0:00,R01,M09,33.356,29.063,31.209,3.6883,3.6557,88.13,45.278,38.035,41.656,91.672,99.045,0
2025.7.1 0:00,R01,M10,32.251,29.022,30.636,3.6889,3.6561,88.14,46.769,38.768,42.769,91.611,98.764,0
2025.7.1 0:00,R01,M11,33.265,29.72,31.492,3.6863,3.6511,88.05,45.606,40.138,42.872,92.485,99.469,0
2025.7.1 0:01,R01,M01,31.342,28.02,29.681,3.6711,3.6448,87.79,41.138,35.257,38.197,90.712,98.608,0
2025.7.1 0:01,R01,M02,31.276,27.965,29.62,3.6732,3.6469,87.84,41.918,33.665,37.791,91.231,98.883,0
2025.7.1 0:01,R01,M03,32.388,27.754,30.071,3.6751,3.6443,87.83,43.184,35.659,39.421,91.571,98.829,0
2025.7.1 0:01,R01,M04,32.27,27.933,30.102,3.6743,3.6527,87.92,42.911,34.482,38.697,91.901,99.204,0
2025.7.1 0:01,R01,M05,32.334,28.937,30.636,3.6832,3.6482,87.98,42.708,37.085,39.897,92.56,98.874,0
2025.7.1 0:01,R01,M06,31.794,28.318,30.056,3.6846,3.6461,87.97,43.144,35.625,39.385,91.878,98.847,0
2025.7.1 0:01,R01,M07,31.711,29.24,30.475,3.6791,3.6562,88.02,43.535,36.338,39.936,92.348,98.792,0
2025.7.1 0:01,R01,M08,45.573,31.011,39.831,3.715,3.3199,87.12,49.899,25.636,37.846,62.937,57.396,0
2025.7.1 0:01,R01,M09,32.265,29.034,30.649,3.6865,3.6533,88.08,44.757,36.866,40.811,92.59,99.383,0
2025.7.1 0:01,R01,M10,33.849,29.886,31.867,3.6895,3.6589,88.18,45.429,37.751,41.59,92.614,99.024,0
2025.7.1 0:01,R01,M11,32.411,30.084,31.248,3.6836,3.6512,88.02,48.37,39.149,43.76,91.2,98.782,0
2025.7.1 0:01,R01,M01,31.7,27.911,29.806,3.6785,3.6485,87.92,43.474,34.707,39.09,91.233,98.865,0
2025.7.1 0:01,R01,M02,32.308,27.936,30.122,3.681,3.644,87.9,41.497,35.696,38.596,90.714,98.575,0
2025.7.1 0:01,R01,M03,31.089,27.649,29.369,3.6741,3.6442,87.82,43.785,34.594,39.189,90.222,98.549,0
2025.7.1 0:01,R01,M04,30.904,28.372,29.638,3.6779,3.6487,87.92,42.863,34.118,38.49,92.319,99.296,0
2025.7.1 0:01,R01,M05,32.889,28.821,30.855,3.6836,3.6478,87.98,44.478,37.163,40.82,92.375,98.977,0
2025.7.1 0:01,R01,M06,31.261,28.968,30.114,3.6787,3.6559,88.02,43.603,37.182,40.392,91.743,99.151,0
2025.7.1 0:01,R01,M07,32.663,28.678,30.67,3.6807,3.6517,87.99,44.113,38.35,41.231,92.716,99.402,0
2025.7.1 0:01,R01,M08,44.946,31.065,39.453,3.7159,3.3569,87.27,47.564,25.77,36.138,63.529,55.189,0
2025.7.1 0:01,R01,M09,32.658,29.026,30.842,3.6824,3.6567,88.07,45.695,37.661,41.678,92.745,99.226,0
2025.7.1 0:01,R01,M10,33.879,29.016,31.447,3.6885,3.6576,88.15,46.86,37.771,42.316,91.884,99.034,0
2025.7.1 0:01,R01,M11,32.95,29.498,31.224,3.6894,3.6568,88.15,47.311,39.303,43.307,92.546,99.073,0
2025.7.1 0:01,R01,M01,30.923,27.705,29.314,3.674,3.6465,87.85,40.728,34.089,37.409,90.809,99.404,0
2025.7.1 0:01,R01,M02,32.031,28.107,30.069,3.6755,3.6505,87.91,41.771,33.28,37.526,91.158,98.591,0
2025.7.1 0:01,R01,M03,31.486,27.984,29.735,3.6775,3.6475,87.9,43.617,35.769,39.693,91.221,99.385,0
2025.7.1 0:01,R01,M04,31.135,28.372,29.754,3.675,3.6479,87.87,43.213,36.549,39.881,91.772,99.372,0
2025.7.1 0:01,R01,M05,31.094,28.32,29.707,3.6812,3.6476,87.95,43.78,36.288,40.034,92.019,99.273,0
2025.7.1 0:01,R01,M06,32.752,28.615,30.684,3.6784,3.6486,87.92,45.932,37.114,41.523,91.51,99.255,0
2025.7.1 0:01,R01,M07,32.707,28.97,30.838,3.6776,3.6544,87.98,43.929,37.42,40.675,91.3,98.556,0
2025.7.1 0:01,R01,M08,44.534,32.802,38.106,3.7155,3.3401,87.53,47.214,24.485,38.903,63.511,58.398,0
2025.7.1 0:01,R01,M09,33.112,29.587,31.349,3.6794,3.6564,88.03,44.693,39.242,41.968,91.724,99.328,0
2025.7.1 0:01,R01,M10,33.156,29.976,31.566,3.6836,3.658,88.1,46.69,37.114,41.902,91.997,98.641,0
2025.7.1 0:01,R01,M11,33.472,30.062,31.767,3.6894,3.6569,88.16,46.345,39.892,43.118,92.356,98.511,0
2025.7.1 0:01,R01,M01,30.546,27.297,28.922,3.6765,3.6417,87.82,43.359,32.571,37.965,89.942,98.529,0
2025.7.1 0:01,R01,M02,31.647,27.97,29.808,3.6722,3.6464,87.82,41.844,34.398,38.121,90.492,99.207,0
2025.7.1 0:01,R01,M03,31.36,28.477,29.919,3.679,3.6475,87.92,43.808,33.58,38.694,90.365,99.482,0
2025.7.1 0:01,R01,M04,32.692,28.775,30.733,3.6794,3.648,87.93,42.56,35.461,39.011,91.217,98.754,0
2025.7.1 0:01,R01,M05,31.515,28.494,30.005,3.6769,3.6459,87.87,42.668,36.709,39.689,91.567,98.741,0
2025.7.1 0:01,R01,M06,32.61,28.225,30.418,3.6774,3.6513,87.94,43.292,35.241,39.267,90.84,98.923,0
2025.7.1 0:01,R01,M07,33.307,29.394,31.351,3.6844,3.6565,88.09,45.937,37.187,41.562,92.814,98.923,0
2025.7.1 0:01,R01,M08,43.694,31.611,38.163,3.7264,3.3246,87.36,49.923,23.378,39.221,63.174,57.881,0
2025.7.1 0:01,R01,M09,32.448,29.444,30.946,3.6815,3.6534,88.02,46.383,39.265,42.824,91.606,98.957,0
2025.7.1 0:01,R01,M10,33.476,29.748,31.612,3.6863,3.6506,88.04,47.966,37.865,42.916,92.19,99.235,0
2025.7.1 0:01,R01,M11,32.634,29.413,31.023,3.6897,3.6581,88.17,45.778,38.794,42.286,91.655,99.367,0
2025.7.1 0:01,R01,M01,31.846,27.362,29.604,3.6725,3.6499,87.87,42.133,35.129,38.631,90.615,99.238,0
2025.7.1 0:01,R01,M02,30.717,27.514,29.115,3.6743,3.651,87.9,43.747,35.525,39.636,91.295,98.53,0
2025.7.1 0:01,R01,M03,32.324,28.423,30.373,3.6786,3.6479,87.92,41.987,34.769,38.378,91.23,99.356,0
2025.7.1 0:01,R01,M04,31.362,28.157,29.759,3.6756,3.6501,87.91,43.576,36.626,40.101,91.08,98.843,0
2025.7.1 0:01,R01,M05,32.926,28.499,30.712,3.6796,3.6478,87.93,43.974,36.986,40.48,92.615,98.967,0
2025.7.1 0:01,R01,M06,32.059,28.898,30.478,3.6859,3.6463,87.99,43.046,37.995,40.52,92.609,98.735,0
2025.7.1 0:01,R01,M07,31.534,29.219,30.377,3.6794,3.6489,87.94,45.181,38.006,41.593,92.69,99.115,0
2025.7.1 0:01,R01,M08,43.485,31.816,39.295,3.7116,3.2999,87.17,47.992,22.261,38.275,62.25,55.342,0
2025.7.1 0:01,R01,M09,32.966,29.683,31.325,3.6796,3.6588,88.06,47.201,39.419,43.31,92.153,98.733,0
2025.7.1 0:01,R01,M10,32.099,29.875,30.987,3.6856,3.6592,88.14,46.341,39.065,42.703,92.857,98.889,0
2025.7.1 0:01,R01,M11,33.168,29.454,31.311,3.6885,3.6545,88.12,48.057,40.08,44.069,92.52,99.447,0
2025.7.1 0:01,R01,M01,31.74,27.496,29.618,3.6737,3.6441,87.81,42.202,33.304,37.753,91.579,98.592,0
2025.7.1 0:01,R01,M02,31.582,27.41,29.496,3.6789,3.6491,87.94,42.732,33.919,38.325,91.03,98.732,0
2025.7.1 0:01,R01,M03,31.683,27.683,29.683,3.6805,3.6476,87.94,41.819,36.31,39.065,91.264,99.275,0
2025.7.1 0:01,R01,M04,31.328,27.977,29.652,3.6765,3.6517,87.94,43.925,36.456,40.191,90.815,98.836,0
2025.7.1 0:01,R01,M05,32.216,28.149,30.183,3.6763,3.6476,87.89,45.116,35.787,40.451,92.029,99.193,0
2025.7.1 0:01,R01,M06,32.935,28.849,30.892,3.6806,3.6499,87.97,44.133,35.802,39.968,91.773,98.701,0
2025.7.1 0:01,R01,M07,32.666,29.293,30.979,3.6801,3.6485,87.94,45.201,36.736,40.968,90.941,98.519,0
2025.7.1 0:01,R01,M08,44.245,31.796,39.521,3.7259,3.3584,87.15,46.372,22.724,35.814,63.221,56.523,0
2025.7.1 0:01,R01,M09,32.241,29.162,30.701,3.6798,3.6514,87.97,44.962,36.549,40.755,92.178,99.188,0
2025.7.1 0:01,R01,M10,32.884,29.846,31.365,3.6827,3.654,88.04,46.785,37.695,42.24,92.471,99.07,0
2025.7.1 0:01,R01,M11,33.437,29.895,31.666,3.6864,3.6593,88.15,47.517,38.47,42.993,91.899,99.333,0
2025.7.1 0:01,R01,M01,30.254,27.32,28.787,3.6714,3.65,87.86,41.755,33.69,37.722,90.602,98.854,0
2025.7.1 0:01,R01,M02,30.953,28.168,29.56,3.6797,3.647,87.92,43.938,34.598,39.268,91.403,98.691,0
2025.7.1 0:01,R01,M03,31.82,28.316,30.068,3.677,3.6501,87.93,43.991,34.909,39.45,91.677,99.339,0
2025.7.1 0:01,R01,M04,32.343,27.817,30.08,3.6756,3.6511,87.92,43.033,34.874,38.954,91.716,98.986,0
2025.7.1 0:01,R01,M05,32.765,28.824,30.794,3.683,3.651,88.01,43.202,37.197,40.2,91.718,98.85,0
2025.7.1 0:01,R01,M06,32.964,28.719,30.841,3.6815,3.6528,88.01,45.613,37.407,41.51,92.411,99.054,0
2025.7.1 0:01,R01,M07,32.574,29.361,30.968,3.6818,3.6523,88.01,44.57,36.996,40.783,92.865,98.908,0
2025.7.1 0:01,R01,M08,44.262,31.556,38.8,3.7245,3.3576,87.98,46.697,21.365,38.405,62.261,55.544,0
2025.7.1 0:01,R01,M09,33.72,29.188,31.454,3.6827,3.6532,88.03,47.005,38.954,42.98,92.742,99.302,0
2025.7.1 0:01,R01,M10,32.48,29.953,31.216,3.684,3.6572,88.09,46.564,38.493,42.529,91.543,98.862,0
2025.7.1 0:01,R01,M11,32.795,29.966,31.381,3.6876,3.6572,88.14,48.111,40.437,44.274,92.036,99.382,0
2025.7.1 0:01,R01,M01,31.646,27.464,29.555,3.6719,3.6461,87.82,41.284,33.228,37.256,91.36,98.61,0
2025.7.1 0:01,R01,M02,31.896,28.111,30.004,3.6762,3.6427,87.83,43.701,33.959,38.83,90.365,98.526,0
2025.7.1 0:01,R01,M03,32.393,28.109,30.251,3.6806,3.6492,87.96,42.175,34.997,38.586,91.026,99.284,0
2025.7.1 0:01,R01,M04,32.223,28.372,30.297,3.6741,3.6484,87.87,43.924,36.452,40.188,90.544,98.946,0
2025.7.1 0:01,R01,M05,31.069,28.202,29.636,3.6821,3.6485,87.97,43.012,35.499,39.255,90.823,99.054,0
2025.7.1 0:01,R01,M06,33.036,29.197,31.117,3.6811,3.6536,88.02,44.722,35.562,40.142,91.86,99.183,0
2025.7.1 0:01,R01,M07,32.725,28.969,30.847,3.6785,3.6521,87.97,44.155,37.436,40.796,92.33,98.793,0
2025.7.1 0:01,R01,M08,44.932,32.257,38.677,3.7101,3.342,87.25,47.871,21.716,39.593,63.053,58.625,0
2025.7.1 0:01,R01,M09,31.999,29.705,30.852,3.6818,3.6518,88.0,44.635,38.591,41.613,91.888,98.869,0
2025.7.1 0:01,R01,M10,33.243,29.987,31.615,3.6868,3.6512,88.06,46.418,38.771,42.594,91.528,99.224,0
2025.7.1 0:01,R01,M11,34.024,29.67,31.847,3.6822,3.6562,88.06,48.473,38.397,43.435,91.12,98.515,0
2025.7.1 0:01,R01,M01,31.083,28.143,29.613,3.6713,3.6496,87.85,41.024,32.596,36.81,89.859,99.176,0
2025.7.1 0:01,R01,M02,32.157,28.056,30.106,3.6792,3.6496,87.95,41.355,34.306,37.831,90.299,99.301,0
2025.7.1 0:01,R01,M03,31.618,28.386,30.002,3.6808,3.6471,87.93,44.407,34.032,39.219,92.003,98.767,0
2025.7.1 0:01,R01,M04,31.184,28.243,29.713,3.6768,3.6469,87.88,42.237,34.821,38.529,91.666,99.445,0
2025.7.1 0:01,R01,M05,32.463,28.865,30.664,3.6822,3.6483,87.97,45.31,36.584,40.947,91.791,98.527,0
2025.7.1 0:01,R01,M06,32.48,28.685,30.582,3.684,3.6514,88.02,43.748,36.244,39.996,92.35,99.313,0
2025.7.1 0:01,R01,M07,32.97,28.78,30.875,3.6809,3.6539,88.02,45.166,37.492,41.329,92.459,98.601,0
2025.7.1 0:01,R01,M08,43.665,32.274,38.728,3.7239,3.3395,87.82,46.628,22.915,38.266,63.769,58.552,0
2025.7.1 0:01,R01,M09,33.106,29.603,31.355,3.687,3.6589,88.15,45.989,37.309,41.649,92.477,98.924,0
2025.7.1 0:01,R01,M10,33.046,29.32,31.183,3.6823,3.6565,88.07,46.112,38.638,42.375,92.679,98.531,0
2025.7.1 0:01,R01,M11,33.833,30.114,31.974,3.6879,3.6556,88.12,47.499,38.888,43.194,91.185,98.858,0
2025.7.1 0:01,R01,M01,31.972,27.329,29.651,3.6748,3.6445,87.83,41.213,34.238,37.725,90.459,98.662,0
2025.7.1 0:01,R01,M02,31.594,28.367,29.98,3.6725,3.6437,87.79,41.136,33.04,37.088,92.018,98.771,0
2025.7.1 0:01,R01,M03,32.401,27.851,30.126,3.6754,3.6437,87.83,42.336,34.549,38.442,92.235,98.872,0
2025.7.1 0:01,R01,M04,31.227,28.627,29.927,3.6755,3.6487,87.89,43.079,36.242,39.66,90.9,98.533,0
2025.7.1 0:01,R01,M05,32.069,28.824,30.447,3.68,3.6484,87.94,43.059,37.362,40.21,92.496,99.374,0
2025.7.1 0:01,R01,M06,33.189,28.513,30.851,3.6806,3.6475,87.94,43.316,37.286,40.301,91.668,99.347,0
2025.7.1 0:01,R01,M07,32.546,28.943,30.745,3.6866,3.6521,88.06,45.003,36.966,40.984,92.041,98.943,0
2025.7.1 0:01,R01,M08,42.426,31.097,38.629,3.7277,3.3313,87.54,47.759,24.28,37.401,62.545,56.33,0
2025.7.1 0:01,R01,M09,32.731,29.485,31.108,3.6868,3.6514,88.06,46.105,39.329,42.717,92.071,98.995,0
2025.7.1 0:01,R01,M10,33.962,29.83,31.896,3.6858,3.66,88.15,46.153,37.85,42.002,92.749,99.467,0
2025.7.1 0:01,R01,M11,32.678,30.086,31.382,3.6889,3.6598,88.18,46.502,38.291,42.397,91.274,99.404,0
2025.7.1 0:01,R01,M01,30.61,27.442,29.026,3.6774,3.6438,87.85,42.763,34.294,38.528,91.152,98.585,0
2025.7.1 0:01,R01,M02,31.439,27.492,29.465,3.6741,3.6517,87.91,41.177,33.783,37.48,91.942,98.589,0
2025.7.1 0:01,R01,M03,32.169,28.107,30.138,3.6812,3.6462,87.93,44.345,36.352,40.349,91.06,99.154,0
2025.7.1 0:01,R01,M04,32.769,28.279,30.524,3.6823,3.6492,87.98,43.027,34.881,38.954,91.529,98.532,0
2025.7.1 0:01,R01,M05,32.672,28.645,30.658,3.6809,3.6513,87.99,43.138,35.497,39.317,92.056,99.36,0
2025.7.1 0:01,R01,M06,31.463,28.464,29.963,3.6815,3.6503,87.98,45.369,35.834,40.602,92.019,99.13,0
2025.7.1 0:01,R01,M07,32.18,28.658,30.419,3.678,3.6569,88.02,46.325,37.912,42.118,92.634,99.367,0
2025.7.1 0:01,R01,M08,42.851,31.269,37.975,3.717,3.3043,87.32,46.441,20.998,36.392,63.581,58.352,0
2025.7.1 0:01,R01,M09,32.228,29.041,30.635,3.6875,3.6565,88.13,46.113,37.934,42.023,91.578,98.558,0
2025.7.1 0:01,R01,M10,32.259,29.005,30.632,3.6869,3.6505,88.05,47.304,38.914,43.109,91.158,98.62,0
2025.7.1 0:01,R01,M11,33.338,29.798,31.568,3.6864,3.6559,88.11,46.608,38.791,42.7,91.229,98.557,0
2025.7.1 0:01,R01,M01,30.714,28.084,29.399,3.6776,3.6491,87.92,42.672,35.48,39.076,90.602,98.61,0
2025.7.1 0:01,R01,M02,32.065,27.79,29.927,3.6786,3.6437,87.87,42.555,34.654,38.605,91.408,99.235,0
2025.7.1 0:01,R01,M03,32.378,28.204,30.291,3.675,3.6503,87.9,44.403,35.093,39.748,92.007,98.735,0
2025.7.1 0:01,R01,M04,32.133,27.911,30.022,3.68,3.6515,87.98,44.693,35.26,39.977,91.232,98.675,0
2025.7.1 0:01,R01,M05,31.302,28.748,30.025,3.6839,3.6461,87.96,42.672,35.266,38.969,91.123,99.371,0
2025.7.1 0:01,R01,M06,31.261,28.947,30.104,3.6793,3.6554,88.02,44.487,36.436,40.462,91.223,98.833,0
2025.7.1 0:01,R01,M07,32.667,28.505,30.586,3.6827,3.6482,87.97,44.169,38.275,41.222,92.894,99.007,0
2025.7.1 0:01,R01,M08,43.83,31.592,38.328,3.7191,3.3197,87.97,47.095,23.216,39.447,62.329,55.558,0
2025.7.1 0:01,R01,M09,32.801,29.573,31.187,3.6799,3.6515,87.98,47.077,37.359,42.218,91.622,98.65,0
2025.7.1 0:01,R01,M10,32.826,29.383,31.105,3.6891,3.6528,88.1,45.914,38.044,41.979,91.168,99.061,0
2025.7.1 0:01,R01,M11,33.908,30.126,32.017,3.6876,3.6601,88.17,46.588,38.949,42.769,92.428,99.003,0
2025.7.1 0:01,R01,M01,31.9,27.313,29.606,3.6743,3.6414,87.79,41.585,33.794,37.689,91.287,98.547,0
2025.7.1 0:01,R01,M02,32.209,28.146,30.178,3.6772,3.644,87.85,43.973,33.656,38.814,90.338,98.831,0
2025.7.1 0:01,R01,M03,32.57,27.819,30.194,3.6755,3.6524,87.93,41.877,34.536,38.207,91.15,99.04,0
2025.7.1 0:01,R01,M04,32.733,28.702,30.718,3.677,3.651,87.94,43.543,35.836,39.689,90.673,99.326,0
2025.7.1 0:01,R01,M05,31.251,28.489,29.87,3.6787,3.651,87.96,44.121,36.877,40.499,90.913,98.938,0
2025.7.1 0:01,R01,M06,31.334,28.454,29.894,3.6829,3.653,88.03,45.154,35.912,40.533,91.274,98.803,0
2025.7.1 0:01,R01,M07,32.737,29.017,30.877,3.6774,3.6568,88.01,44.713,36.401,40.557,92.544,99.217,0
2025.7.1 0:01,R01,M08,44.195,32.344,38.533,3.7228,3.3277,87.96,47.706,22.242,37.487,63.028,56.169,0
2025.7.1 0:01,R01,M09,33.156,29.176,31.166,3.6797,3.6557,88.02,47.45,37.444,42.447,92.278,99.431,0
2025.7.1 0:01,R01,M10,32.044,29.96,31.002,3.681,3.6553,88.04,46.056,37.93,41.993,91.712,99.142,0
2025.7.1 0:01,R01,M11,32.816,29.305,31.061,3.6897,3.6538,88.12,45.944,37.785,41.864,91.275,98.839,0
2025.7.1 0:01,R01,M01,30.65,27.737,29.194,3.6774,3.6429,87.84,40.79,35.345,38.067,90.519,98.895,0
2025.7.1 0:01,R01,M02,31.362,27.616,29.489,3.678,3.6439,87.86,41.406,35.258,38.332,91.344,99.227,0
2025.7.1 0:01,R01,M03,31.756,28.398,30.077,3.6819,3.6436,87.91,44.286,34.371,39.329,90.644,98.641,0
2025.7.1 0:01,R01,M04,31.208,27.993,29.6,3.6768,3.6509,87.93,42.742,34.861,38.801,91.151,99.041,0
2025.7.1 0:01,R01,M05,31.345,28.751,30.048,3.6801,3.6452,87.9,45.062,36.846,40.954,90.971,99.485,0
2025.7.1 0:01,R01,M06,33.121,28.794,30.958,3.6828,3.6514,88.01,45.865,35.636,40.751,91.153,99.378,0
2025.7.1 0:01,R01,M07,33.012,29.338,31.175,3.6836,3.6478,87.98,45.399,36.177,40.788,92.897,99.442,0
2025.7.1 0:01,R01,M08,43.613,31.57,37.824,3.7141,3.3045,87.54,47.161,21.061,37.404,62.177,57.951,0
2025.7.1 0:01,R01,M09,33.572,28.987,31.279,3.6818,3.653,88.02,45.664,36.789,41.227,91.938,99.346,0
2025.7.1 0:01,R01,M10,33.093,29.226,31.16,3.6834,3.6559,88.07,46.574,37.05,41.812,92.262,99.36,0
2025.7.1 0:01,R01,M11,32.344,29.956,31.15,3.6831,3.6585,88.1,46.271,38.704,42.487,91.377,99.256,0
2025.7.1 0:01,R01,M01,31.236,27.468,29.352,3.6807,3.6495,87.96,40.759,34.371,37.565,91.051,99.215,0
2025.7.1 0:01,R01,M02,32.046,27.472,29.759,3.6759,3.6471,87.88,42.001,34.966,38.483,90.935,99.401,0
2025.7.1 0:01,R01,M03,31.348,27.857,29.602,3.6763,3.6431,87.83,44.027,34.709,39.368,91.581,98.947,0
2025.7.1 0:01,R01,M04,31.716,28.136,29.926,3.6814,3.6504,87.98,44.473,35.17,39.822,90.952,99.494,0
2025.7.1 0:01,R01,M05,32.875,28.975,30.925,3.6798,3.6488,87.94,42.773,36.198,39.486,91.044,98.671,0
2025.7.1 0:01,R01,M06,32.285,28.939,30.612,3.6801,3.6477,87.93,43.632,36.795,40.213,92.566,99.362,0
2025.7.1 0:01,R01,M07,31.517,28.413,29.965,3.686,3.6475,88.0,44.598,37.766,41.182,91.479,98.643,0
2025.7.1 0:01,R01,M08,44.09,31.877,37.715,3.7244,3.3405,87.95,47.398,23.663,38.344,62.342,58.868,0
2025.7.1 0:01,R01,M09,32.562,29.102,30.832,3.6832,3.6527,88.03,47.213,37.661,42.437,91.618,99.119,0
2025.7.1 0:01,R01,M10,33.876,29.535,31.706,3.6854,3.6527,88.06,46.541,37.585,42.063,91.79,98.754,0
2025.7.1 0:01,R01,M11,32.909,29.61,31.259,3.6897,3.6536,88.12,47.255,38.216,42.736,92.743,99.002,0
2025.7.1 0:01,R01,M01,31.359,28.078,29.718,3.6777,3.6413,87.83,40.657,34.562,37.609,90.463,99.336,0
2025.7.1 0:01,R01,M02,32.15,27.837,29.993,3.6785,3.6453,87.89,42.388,35.377,38.883,90.594,98.744,0
2025.7.1 0:01,R01,M03,32.085,28.24,30.163,3.6812,3.6459,87.93,43.392,33.97,38.681,90.482,99.327,0
2025.7.1 0:01,R01,M04,30.922,28.449,29.686,3.6778,3.6516,87.95,42.292,34.939,38.615,92.319,99.379,0
2025.7.1 0:01,R01,M05,31.659,28.384,30.021,3.6832,3.6506,88.01,44.368,35.126,39.747,91.308,98.62,0
2025.7.1 0:01,R01,M06,31.332,28.5,29.916,3.6857,3.6506,88.04,45.34,35.373,40.356,92.091,98.985,0
2025.7.1 0:01,R01,M07,32.499,29.257,30.878,3.6841,3.6486,87.99,44.836,37.071,40.953,91.867,99.225,0
2025.7.1 0:01,R01,M08,42.083,32.189,38.038,3.7161,3.3244,87.96,49.337,23.674,36.003,63.835,57.753,0
2025.7.1 0:01,R01,M09,31.946,29.584,30.765,3.6846,3.6519,88.04,45.238,39.308,42.273,92.497,99.185,0
2025.7.1 0:01,R01,M10,32.388,29.063,30.725,3.6849,3.6583,88.12,47.945,38.499,43.222,91.588,98.763,0
2025.7.1 0:01,R01,M11,33.253,29.293,31.273,3.6816,3.6539,88.03,47.931,40.46,44.195,91.412,99.015,0
2025.7.1 0:01,R01,M01,31.068,27.709,29.389,3.674,3.65,87.89,42.934,34.343,38.639,90.435,98.753,0
2025.7.1 0:01,R01,M02,30.534,28.267,29.401,3.6756,3.6432,87.83,41.917,33.176,37.547,91.596,99.327,0
2025.7.1 0:01,R01,M03,30.674,28.353,29.514,3.6764,3.6475,87.89,43.004,36.137,39.57,92.399,99.284,0
2025.7.1 0:01,R01,M04,31.895,28.765,30.33,3.68,3.6538,88.01,43.298,36.534,39.916,91.578,98.557,0
2025.7.1 0:01,R01,M05,31.829,28.369,30.099,3.6803,3.6535,88.01,44.895,35.541,40.218,91.402,98.888,0
2025.7.1 0:01,R01,M06,31.35,28.934,30.142,3.682,3.651,88.0,45.079,36.008,40.544,91.775,98.68,0
2025.7.1 0:01,R01,M07,33.241,29.269,31.255,3.6839,3.6495,88.0,44.853,38.319,41.586,91.727,98.644,0
2025.7.1 0:01,R01,M08,44.117,32.76,38.602,3.7275,3.3109,87.37,46.011,22.844,37.128,62.877,55.236,0
2025.7.1 0:01,R01,M09,33.669,29.56,31.614,3.6862,3.6568,88.12,45.229,36.545,40.887,91.553,99.356,0
2025.7.1 0:01,R01,M10,33.408,29.504,31.456,3.6815,3.6545,88.03,47.15,38.869,43.01,92.448,98.554,0
2025.7.1 0:01,R01,M11,32.356,29.347,30.852,3.6849,3.6529,88.05,45.594,40.091,42.843,91.674,99.086,0
2025.7.1 0:01,R01,M01,30.745,27.696,29.221,3.675,3.6422,87.81,43.098,33.497,38.297,90.717,99.217,0
2025.7.1 0:01,R01,M02,31.137,27.769,29.453,3.6766,3.6454,87.86,41.038,34.009,37.523,91.609,98.527,0
2025.7.1 0:01,R01,M03,31.862,27.872,29.867,3.6822,3.6486,87.97,42.659,34.721,38.69,91.123,98.559,0
2025.7.1 0:01,R01,M04,31.725,28.696,30.211,3.6805,3.6482,87.94,43.973,36.849,40.411,91.815,99.257,0
2025.7.1 0:01,R01,M05,31.776,28.503,30.139,3.6772,3.6463,87.88,43.238,35.262,39.25,92.639,98.995,0
2025.7.1 0:01,R01,M06,31.516,28.414,29.965,3.6806,3.6488,87.95,44.51,35.28,39.895,92.89,98.86,0
2025.7.1 0:01,R01,M07,32.124,28.707,30.416,3.6785,3.6477,87.91,44.828,37.725,41.276,91.213,98.881,0
2025.7.1 0:01,R01,M08,41.653,32.862,37.644,3.7161,3.3537,87.33,46.357,21.167,36.079,62.432,55.178,0
2025.7.1 0:01,R01,M09,32.864,29.695,31.279,3.6797,3.6504,87.96,45.086,38.385,41.736,91.504,98.964,0
2025.7.1 0:01,R01,M10,33.717,29.096,31.407,3.6847,3.6507,88.02,47.901,39.804,43.853,91.478,98.541,0
2025.7.1 0:01,R01,M11,33.316,29.492,31.404,3.6844,3.6511,88.03,45.883,38.609,42.246,92.341,99.358,0
2025.7.1 0:01,R01,M01,30.527,27.553,29.04,3.6713,3.6481,87.83,41.668,35.093,38.38,91.452,98.816,0
2025.7.1 0:01,R01,M02,32.314,28.066,30.19,3.6785,3.6434,87.86,42.361,34.496,38.428,90.743,98.815,0
2025.7.1 0:01,R01,M03,32.548,27.69,30.119,3.6817,3.648,87.96,42.278,35.646,38.962,92.363,99.223,0
2025.7.1 0:01,R01,M04,31.911,28.273,30.092,3.6753,3.6444,87.84,43.501,34.668,39.084,91.464,98.647,0
2025.7.1 0:01,R01,M05,32.695,28.556,30.626,3.6769,3.6512,87.94,43.427,36.242,39.834,92.491,99.168,0
2025.7.1 0:01,R01,M06,32.072,28.414,30.243,3.6805,3.6499,87.96,45.13,37.652,41.391,91.238,98.884,0
2025.7.1 0:01,R01,M07,31.864,28.897,30.38,3.6786,3.6512,87.96,46.129,37.099,41.614,92.773,99.227,0
2025.7.1 0:01,R01,M08,43.209,31.42,39.184,3.7224,3.3342,87.82,47.698,20.439,38.949,62.059,55.391,0
2025.7.1 0:01,R01,M09,32.151,29.094,30.623,3.6858,3.6514,88.05,45.027,38.139,41.583,92.359,99.405,0
2025.7.1 0:01,R01,M10,32.832,29.431,31.132,3.6841,3.6584,88.11,46.426,38.381,42.404,92.763,99.404,0
2025.7.1 0:01,R01,M11,34.027,29.812,31.919,3.6849,3.6589,88.13,45.609,38.838,42.224,92.679,99.427,0
2025.7.1 0:01,R01,M01,32.161,27.879,30.02,3.6736,3.6446,87.82,41.731,33.787,37.759,91.201,98.638,0
2025.7.1 0:01,R01,M02,30.737,27.675,29.206,3.6765,3.6465,87.88,41.295,33.49,37.392,91.16,99.359,0
2025.7.1 0:01,R01,M03,31.146,27.807,29.477,3.6762,3.6487,87.9,42.1,35.06,38.58,90.692,98.679,0
2025.7.1 0:01,R01,M04,30.931,28.376,29.654,3.6822,3.6531,88.02,44.771,36.699,40.735,91.451,98.971,0
2025.7.1 0:01,R01,M05,31.218,28.752,29.985,3.6814,3.653,88.01,43.876,34.896,39.386,91.206,99.066,0
2025.7.1 0:01,R01,M06,31.795,28.931,30.363,3.681,3.6493,87.96,45.416,36.391,40.903,91.696,99.006,0
2025.7.1 0:01,R01,M07,31.915,28.677,30.296,3.6845,3.6474,87.98,46.434,36.268,41.351,91.975,99.238,0
2025.7.1 0:01,R01,M08,43.571,32.285,38.059,3.7279,3.3419,87.81,47.103,23.254,37.247,63.86,58.282,0
2025.7.1 0:01,R01,M09,33.381,29.386,31.383,3.6835,3.6533,88.04,46.309,36.832,41.57,92.923,98.773,0
2025.7.1 0:01,R01,M10,33.402,29.288,31.345,3.6806,3.6525,88.0,47.143,38.274,42.709,90.972,98.573,0
2025.7.1 0:01,R01,M11,33.043,29.411,31.227,3.6888,3.6595,88.18,47.914,38.197,43.056,91.238,99.299,0
2025.7.1 0:01,R01,M01,31.201,28.159,29.68,3.6718,3.6424,87.77,41.837,34.989,38.413,90.918,99.063,0
2025.7.1 0:01,R01,M02,30.706,28.379,29.543,3.6767,3.646,87.87,43.091,33.595,38.343,92.017,98.589,0
2025.7.1 0:01,R01,M03,31.658,28.517,30.087,3.6822,3.6517,88.01,43.61,34.206,38.908,91.253,98.636,0
2025.7.1 0:01,R01,M04,31.215,28.68,29.947,3.6798,3.6514,87.97,44.466,35.117,39.791,91.844,99.016,0
2025.7.1 0:01,R01,M05,32.91,28.46,30.685,3.6838,3.6519,88.03,43.241,35.502,39.371,92.779,99.435,0
2025.7.1 0:01,R01,M06,32.363,29.018,30.691,3.6825,3.6535,88.03,43.116,36.492,39.804,92.635,99.484,0
2025.7.1 0:01,R01,M07,31.89,28.947,30.419,3.6837,3.6511,88.02,44.307,38.352,41.329,92.565,98.516,0
2025.7.1 0:01,R01,M08,44.1,32.894,39.37,3.7193,3.328,88.04,46.327,22.84,37.163,63.954,56.677,0
2025.7.1 0:01,R01,M09,32.984,29.529,31.257,3.6843,3.6585,88.11,47.005,38.965,42.985,91.584,99.098,0
2025.7.1 0:01,R01,M10,32.189,29.104,30.646,3.6895,3.6532,88.11,47.44,39.078,43.259,91.938,99.146,0
2025.7.1 0:01,R01,M11,32.219,30.065,31.142,3.682,3.6589,88.09,45.783,39.486,42.635,92.608,98.994,0
2025.7.1 0:01,R01,M01,31.937,27.297,29.617,3.6772,3.6425,87.84,42.249,32.806,37.528,90.813,99.339,0
2025.7.1 0:01,R01,M02,30.735,27.609,29.172,3.6724,3.644,87.8,42.478,33.348,37.913,91.548,99.233,0
2025.7.1 0:01,R01,M03,31.388,27.785,29.587,3.6799,3.6492,87.95,42.537,34.981,38.759,91.101,98.766,0
2025.7.1 0:01,R01,M04,30.902,28.204,29.553,3.6773,3.6524,87.96,42.943,36.431,39.687,91.314,99.037,0
2025.7.1 0:01,R01,M05,31.518,28.575,30.047,3.676,3.6486,87.9,43.53,35.139,39.335,92.109,98.869,0
2025.7.1 0:01,R01,M06,32.249,28.284,30.267,3.6761,3.6481,87.89,44.162,35.675,39.918,91.312,98.922,0
2025.7.1 0:01,R01,M07,32.432,28.94,30.686,3.6859,3.6565,88.11,43.521,38.254,40.888,92.345,98.809,0
2025.7.1 0:01,R01,M08,42.612,31.483,39.305,3.7131,3.3477,87.46,46.431,20.104,38.769,63.862,58.922,0
2025.7.1 0:01,R01,M09,33.151,29.63,31.391,3.6882,3.6501,88.06,46.179,37.982,42.081,91.389,98.973,0
2025.7.1 0:01,R01,M10,33.821,29.97,31.895,3.6848,3.6577,88.11,47.855,38.814,43.334,91.487,98.928,0
2025.7.1 0:01,R01,M11,34.089,29.69,31.889,3.6904,3.6572,88.17,48.356,40.04,44.198,91.118,98.99,0
2025.7.1 0:01,R01,M01,30.874,27.795,29.334,3.6713,3.6456,87.8,42.831,34.197,38.514,91.392,98.867,0
2025.7.1 0:01,R01,M02,30.459,27.789,29.124,3.6795,3.6438,87.88,41.172,33.173,37.172,90.785,98.633,0
2025.7.1 0:01,R01,M03,30.968,27.715,29.341,3.6787,3.6504,87.95,44.449,36.185,40.317,92.263,98.764,0
2025.7.1 0:01,R01,M04,30.801,28.173,29.487,3.6741,3.6509,87.9,42.472,35.798,39.135,91.845,99.18,0
2025.7.1 0:01,R01,M05,32.043,28.36,30.201,3.6827,3.6543,88.04,44.732,36.242,40.487,92.83,98.953,0
2025.7.1 0:01,R01,M06,32.738,28.34,30.539,3.6804,3.6544,88.02,43.368,37.643,40.505,92.418,99.22,0
2025.7.1 0:01,R01,M07,32.187,28.481,30.334,3.6833,3.6525,88.03,45.044,37.513,41.278,91.271,99.084,0
2025.7.1 0:01,R01,M08,43.079,32.908,37.899,3.7196,3.3578,87.36,47.382,22.826,34.989,63.439,58.454,0
2025.7.1 0:01,R01,M09,32.476,28.902,30.689,3.6865,3.6537,88.08,46.081,37.852,41.966,92.926,98.889,0
2025.7.1 0:01,R01,M10,33.461,29.711,31.586,3.6881,3.6557,88.13,47.353,37.268,42.311,91.978,98.766,0
2025.7.1 0:01,R01,M11,33.285,30.132,31.709,3.6906,3.6546,88.14,46.391,39.334,42.862,91.248,98.763,0
2025.7.1 0:01,R01,M01,30.607,27.408,29.008,3.68,3.6456,87.91,43.202,34.471,38.837,92.148,98.536,0
2025.7.1 0:01,R01,M02,30.869,28.252,29.56,3.6763,3.6481,87.89,43.431,34.458,38.944,90.59,99.304,0
2025.7.1 0:01,R01,M03,31.07,27.671,29.37,3.6805,3.6442,87.9,43.42,35.422,39.421,90.689,98.785,0
2025.7.1 0:01,R01,M04,31.911,28.005,29.958,3.6779,3.6442,87.87,42.896,36.522,39.709,92.623,99.437,0
2025.7.1 0:01,R01,M05,32.043,28.387,30.215,3.6818,3.6498,87.98,44.551,35.48,40.016,92.172,98.864,0
2025.7.1 0:01,R01,M06,31.479,28.309,29.894,3.6807,3.6509,87.98,45.583,35.338,40.46,91.003,99.027,0
2025.7.1 0:01,R01,M07,33.291,28.471,30.881,3.6858,3.6559,88.1,44.981,36.048,40.514,91.383,98.78,0
2025.7.1 0:01,R01,M08,42.462,31.184,37.639,3.7189,3.3111,88.03,47.581,23.025,37.085,63.58,57.895,0
2025.7.1 0:01,R01,M09,33.127,29.365,31.246,3.6824,3.6502,87.99,46.464,39.402,42.933,92.292,98.861,0
2025.7.1 0:01,R01,M10,33.804,29.816,31.81,3.6872,3.6554,88.11,46.329,39.987,43.158,92.564,98.776,0
2025.7.1 0:01,R01,M11,34.192,29.27,31.731,3.689,3.6515,88.09,46.36,39.192,42.776,91.672,99.485,0
2025.7.1 0:01,R01,M01,30.603,28.023,29.313,3.6784,3.6445,87.87,43.098,34.59,38.844,90.568,99.051,0
2025.7.1 0:01,R01,M02,31.146,28.138,29.642,3.6721,3.6475,87.84,41.432,33.699,37.566,91.068,98.892,0
2025.7.1 0:01,R01,M03,32.23,28.1,30.165,3.6764,3.6472,87.88,42.189,33.679,37.934,91.756,99.41,0
2025.7.1 0:01,R01,M04,32.705,28.614,30.66,3.6769,3.6478,87.9,43.045,36.256,39.651,90.902,99.451,0
2025.7.1 0:01,R01,M05,32.154,28.17,30.162,3.6845,3.6524,88.04,42.82,37.247,40.034,91.099,98.653,0
2025.7.1 0:01,R01,M06,32.433,28.68,30.556,3.6816,3.6501,87.98,45.737,37.398,41.568,91.247,98.935,0
2025.7.1 0:01,R01,M07,32.947,28.727,30.837,3.6782,3.6476,87.91,45.218,37.947,41.583,92.101,98.885,0
2025.7.1 0:01,R01,M08,42.315,31.099,37.566,3.729,3.3037,87.56,47.37,22.279,35.402,63.389,58.726,0
2025.7.1 0:01,R01,M09,33.647,29.726,31.686,3.6863,3.6589,88.14,45.637,39.123,42.38,92.44,99.156,0
2025.7.1 0:01,R01,M10,32.217,29.883,31.05,3.6856,3.651,88.04,45.417,38.656,42.037,92.398,98.718,0
2025.7.1 0:01,R01,M11,33.138,29.431,31.285,3.6845,3.6608,88.14,47.612,38.607,43.109,91.098,98.79,0
2025.7.1 0:01,R01,M01,30.774,27.222,28.998,3.6797,3.6426,87.87,43.415,33.26,38.337,90.815,98.65,0
2025.7.1 0:01,R01,M02,30.781,27.819,29.3,3.6764,3.6492,87.91,41.764,34.691,38.228,90.746,99.289,0
2025.7.1 0:01,R01,M03,30.963,28.217,29.59,3.6783,3.6439,87.87,41.656,35.343,38.499,92.053,99.021,0
2025.7.1 0:01,R01,M04,32.497,28.404,30.45,3.6798,3.6489,87.94,44.909,36.265,40.587,92.456,98.586,0
2025.7.1 0:01,R01,M05,31.31,28.154,29.732,3.6759,3.6486,87.89,42.593,36.122,39.358,92.129,99.487,0
2025.7.1 0:01,R01,M06,32.544,28.994,30.769,3.6837,3.6464,87.96,44.806,37.017,40.912,92.789,98.927,0
2025.7.1 0:01,R01,M07,31.878,28.885,30.382,3.6852,3.6564,88.1,45.961,35.906,40.933,91.065,99.096,0
2025.7.1 0:01,R01,M08,44.096,32.112,38.687,3.71,3.3248,87.56,48.088,22.652,35.076,62.67,57.584,0
2025.7.1 0:01,R01,M09,32.692,29.577,31.135,3.6828,3.6507,88.0,45.201,39.429,42.315,91.37,99.295,0
2025.7.1 0:01,R01,M10,32.628,29.598,31.113,3.6822,3.6536,88.03,46.712,39.537,43.124,92.32,98.896,0
2025.7.1 0:01,R01,M11,32.255,29.655,30.955,3.686,3.6592,88.14,47.864,39.991,43.927,92.385,98.897,0
2025.7.1 0:01,R01,M01,30.533,27.808,29.171,3.6722,3.6411,87.76,42.213,34.536,38.374,90.754,99.379,0
2025.7.1 0:01,R01,M02,31.245,28.397,29.821,3.6725,3.6513,87.89,41.297,34.217,37.757,92.375,98.685,0
2025.7.1 0:01,R01,M03,32.437,28.553,30.495,3.6732,3.643,87.79,43.575,33.53,38.553,92.513,98.717,0
2025.7.1 0:01,R01,M04,32.1,28.764,30.432,3.6838,3.644,87.93,42.604,34.72,38.662,91.901,99.458,0
2025.7.1 0:01,R01,M05,31.856,28.216,30.036,3.6813,3.6512,87.99,42.871,36.027,39.449,91.07,98.59,0
2025.7.1 0:01,R01,M06,32.855,29.111,30.983,3.6818,3.6495,87.98,43.912,35.818,39.865,91.46,99.124,0
2025.7.1 0:01,R01,M07,31.634,29.269,30.451,3.6862,3.6526,88.07,46.368,35.908,41.138,91.116,98.538,0
2025.7.1 0:01,R01,M08,43.435,32.926,37.854,3.7202,3.3428,87.84,46.576,19.722,35.413,63.887,56.111,0
2025.7.1 0:01,R01,M09,33.495,29.035,31.265,3.6851,3.6585,88.12,44.827,36.916,40.871,92.602,99.281,0
2025.7.1 0:01,R01,M10,33.791,29.177,31.484,3.6876,3.6564,88.13,45.09,37.58,41.335,91.941,99.307,0
2025.7.1 0:01,R01,M11,33.588,29.829,31.709,3.6818,3.6552,88.04,47.135,40.115,43.625,90.809,99.473,0
2025.7.1 0:01,R01,M01,31.573,27.806,29.69,3.6804,3.6494,87.96,42.347,33.553,37.95,91.872,99.281,0
2025.7.1 0:01,R01,M02,32.084,27.478,29.781,3.6763,3.6486,87.9,42.68,33.925,38.302,92.034,98.65,0
2025.7.1 0:01,R01,M03,31.333,27.986,29.66,3.6734,3.644,87.81,42.67,35.424,39.047,90.723,98.522,0
2025.7.1 0:01,R01,M04,32.408,27.994,30.201,3.6792,3.6521,87.98,44.852,35.918,40.385,91.588,98.827,0
2025.7.1 0:01,R01,M05,32.439,28.909,30.674,3.6767,3.6454,87.87,44.384,34.713,39.549,91.127,99.163,0
2025.7.1 0:01,R01,M06,31.34,28.451,29.895,3.6787,3.6559,88.02,45.847,36.334,41.091,92.403,98.546,0
2025.7.1 0:01,R01,M07,33.131,28.44,30.785,3.6849,3.6559,88.09,46.356,37.989,42.172,91.183,98.862,0
2025.7.1 0:01,R01,M08,41.459,32.275,38.625,3.7284,3.3067,87.48,47.591,20.452,37.639,61.944,59.014,0
2025.7.1 0:01,R01,M09,33.28,28.818,31.049,3.6882,3.654,88.11,45.348,37.06,41.204,91.906,98.84,0
2025.7.1 0:01,R01,M10,33.3,29.128,31.214,3.6884,3.6521,88.09,47.13,38.257,42.694,90.936,98.563,0
2025.7.1 0:01,R01,M11,32.307,29.538,30.922,3.6865,3.6567,88.12,48.203,39.683,43.943,90.687,99.332,0
2025.7.1 0:01,R01,M01,31.888,27.87,29.879,3.6808,3.645,87.91,42.362,34.206,38.284,92.117,98.955,0
2025.7.1 0:01,R01,M02,32.107,28.119,30.113,3.6722,3.6486,87.85,42.013,33.871,37.942,91.348,98.927,0
2025.7.1 0:01,R01,M03,31.597,28.031,29.814,3.6773,3.6436,87.85,42.584,34.144,38.364,90.933,99.258,0
2025.7.1 0:01,R01,M04,32.409,28.005,30.207,3.6834,3.6495,87.99,44.383,34.003,39.193,91.96,99.036,0
2025.7.1 0:01,R01,M05,31.404,28.707,30.056,3.6837,3.6486,87.99,42.557,37.079,39.818,91.029,99.445,0
2025.7.1 0:01,R01,M06,32.22,28.306,30.263,3.6775,3.6487,87.91,43.08,36.486,39.783,92.245,98.85,0
2025.7.1 0:01,R01,M07,33.266,28.907,31.087,3.6792,3.6524,87.98,44.952,37.824,41.388,91.998,99.012,0
2025.7.1 0:01,R01,M08,42.924,32.163,38.768,3.7203,3.3097,87.56,49.213,22.607,35.162,63.576,56.556,0
2025.7.1 0:01,R01,M09,32.799,28.918,30.858,3.6842,3.6527,88.04,45.497,39.347,42.422,91.046,98.521,0
2025.7.1 0:01,R01,M10,32.902,29.511,31.206,3.6805,3.6536,88.01,45.594,39.262,42.428,91.323,98.535,0
2025.7.1 0:01,R01,M11,33.627,29.283,31.455,3.6892,3.6608,88.2,48.343,38.612,43.478,91.915,99.358,0
2025.7.1 0:01,R01,M01,31.106,27.749,29.428,3.6786,3.6458,87.89,41.599,33.433,37.516,90.866,99.229,0
2025.7.1 0:01,R01,M02,32.277,27.594,29.936,3.6757,3.6434,87.83,43.69,33.594,38.642,92.384,98.779,0
2025.7.1 0:01,R01,M03,31.874,27.897,29.886,3.6778,3.6504,87.94,44.239,35.738,39.989,91.041,98.966,0
2025.7.1 0:01,R01,M04,32.782,28.113,30.447,3.6778,3.6533,87.97,44.666,34.396,39.531,92.463,99.301,0
2025.7.1 0:01,R01,M05,31.704,28.528,30.116,3.679,3.6531,87.99,44.186,36.126,40.156,91.148,98.694,0
2025.7.1 0:01,R01,M06,32.71,28.71,30.71,3.6803,3.6517,87.98,44.798,36.168,40.483,91.945,99.391,0
2025.7.1 0:01,R01,M07,33.274,28.405,30.84,3.6805,3.6565,88.04,46.007,37.117,41.562,91.808,99.44,0
2025.7.1 0:01,R01,M08,42.742,31.883,37.815,3.7106,3.3473,87.68,47.286,21.717,36.97,62.213,59.093,0
2025.7.1 0:01,R01,M09,32.614,28.954,30.784,3.6793,3.6522,87.98,45.14,39.06,42.1,91.439,99.182,0
2025.7.1 0:01,R01,M10,32.814,29.001,30.907,3.6892,3.653,88.11,45.454,37.825,41.639,90.93,98.555,0
2025.7.1 0:01,R01,M11,32.995,29.799,31.397,3.6812,3.6608,88.1,46.465,40.411,43.438,91.069,99.351,0
2025.7.1 0:01,R01,M01,31.988,27.587,29.788,3.6788,3.6439,87.87,40.902,33.563,37.233,91.458,99.234,0
2025.7.1 0:01,R01,M02,31.023,27.602,29.312,3.6795,3.6491,87.94,41.548,33.811,37.68,91.901,98.71,0
2025.7.1 0:01,R01,M03,32.554,28.407,30.48,3.6749,3.6447,87.84,44.297,36.332,40.314,92.264,98.952,0
2025.7.1 0:01,R01,M04,32.604,28.552,30.578,3.6754,3.6521,87.93,42.154,34.184,38.169,91.718,99.14,0
2025.7.1 0:01,R01,M05,32.411,28.666,30.538,3.6807,3.654,88.02,44.002,37.014,40.508,91.478,98.894,0
2025.7.1 0:01,R01,M06,32.643,28.885,30.764,3.6799,3.6462,87.91,45.7,36.453,41.077,92.463,99.374,0
2025.7.1 0:01,R01,M07,33.072,29.271,31.172,3.6833,3.6522,88.03,43.652,36.209,39.931,92.248,99.188,0
2025.7.1 0:01,R01,M08,43.608,31.151,38.253,3.7244,3.3043,88.1,47.348,19.514,38.069,61.873,58.448,0
2025.7.1 0:01,R01,M09,33.279,29.778,31.529,3.6841,3.6497,88.01,47.226,37.454,42.34,92.477,99.111,0
2025.7.1 0:01,R01,M10,33.11,29.859,31.485,3.6831,3.6529,88.03,45.886,37.632,41.759,91.301,99.295,0
2025.7.1 0:01,R01,M11,33.18,29.512,31.346,3.6882,3.6565,88.14,48.09,38.109,43.1,91.658,98.961,0
2025.7.1 0:01,R01,M01,30.714,28.007,29.361,3.679,3.6485,87.93,43.209,34.351,38.78,90.487,98.892,0
2025.7.1 0:01,R01,M02,30.923,28.327,29.625,3.6766,3.6482,87.9,42.883,34.001,38.442,91.651,98.505,0
2025.7.1 0:01,R01,M03,30.968,28.04,29.504,3.6762,3.6446,87.85,43.486,35.559,39.522,91.075,98.693,0
2025.7.1 0:01,R01,M04,31.592,28.633,30.112,3.6799,3.6506,87.97,43.207,36.541,39.874,91.871,99.123,0
2025.7.1 0:01,R01,M05,31.189,28.092,29.64,3.6803,3.6503,87.97,45.325,36.674,40.999,92.639,98.794,0
2025.7.1 0:01,R01,M06,32.881,29.082,30.982,3.6775,3.6479,87.9,44.904,36.087,40.496,91.545,99.452,0
2025.7.1 0:01,R01,M07,31.905,29.386,30.645,3.6784,3.6471,87.91,45.477,36.403,40.94,92.993,99.398,0
2025.7.1 0:01,R01,M08,42.412,32.563,37.597,3.7149,3.3109,87.81,49.279,21.065,35.154,62.568,57.798,0
2025.7.1 0:01,R01,M09,32.954,29.582,31.268,3.6848,3.6492,88.01,47.408,37.344,42.376,92.414,98.524,0
2025.7.1 0:01,R01,M10,33.26,29.382,31.321,3.6812,3.655,88.03,45.546,39.174,42.36,91.148,98.966,0
2025.7.1 0:01,R01,M11,33.95,29.996,31.973,3.6833,3.6576,88.09,47.192,38.145,42.669,92.025,98.593,0
2025.7.1 0:01,R01,M01,30.908,27.395,29.151,3.6728,3.6498,87.87,43.108,32.807,37.957,90.582,98.689,0
2025.7.1 0:01,R01,M02,32.172,27.938,30.055,3.68,3.6444,87.89,41.872,35.449,38.66,92.044,99.283,0
2025.7.1 0:01,R01,M03,32.237,27.997,30.117,3.6765,3.6509,87.93,42.271,35.335,38.803,91.876,98.608,0
2025.7.1 0:01,R01,M04,32.51,28.383,30.447,3.6758,3.6518,87.93,43.973,35.545,39.759,92.831,99.11,0
2025.7.1 0:01,R01,M05,31.42,28.712,30.066,3.6827,3.6494,87.99,44.045,37.366,40.706,92.627,99.004,0
2025.7.1 0:01,R01,M06,31.925,28.247,30.086,3.6794,3.6543,88.0,45.519,37.055,41.287,91.619,98.94,0
2025.7.1 0:01,R01,M07,32.282,28.609,30.445,3.6789,3.6487,87.93,43.986,37.214,40.6,92.453,99.451,0
2025.7.1 0:01,R01,M08,43.987,32.654,37.465,3.72,3.3212,87.31,47.988,21.973,36.469,62.52,57.293,0
2025.7.1 0:01,R01,M09,33.26,29.632,31.446,3.6864,3.6577,88.13,45.696,38.681,42.188,91.534,98.743,0
2025.7.1 0:01,R01,M10,33.325,29.462,31.394,3.6809,3.657,88.05,45.501,39.218,42.359,92.213,99.16,0
2025.7.1 0:01,R01,M11,32.988,29.277,31.133,3.6906,3.6567,88.17,47.737,38.674,43.206,92.118,98.636,0
2025.7.1 0:01,R01,M01,31.62,27.251,29.436,3.6768,3.6487,87.91,41.65,34.458,38.054,91.548,98.648,0
2025.7.1 0:01,R01,M02,31.745,28.294,30.02,3.6744,3.6514,87.91,42.085,33.467,37.776,91.288,99.011,0
2025.7.1 0:01,R01,M03,31.403,27.843,29.623,3.6749,3.6518,87.92,41.679,36.295,38.987,92.018,99.37,0
2025.7.1 0:01,R01,M04,31.563,28.59,30.076,3.6777,3.651,87.94,44.992,36.196,40.594,91.165,99.233,0
2025.7.1 0:01,R01,M05,32.518,28.41,30.464,3.6787,3.6494,87.94,45.002,36.116,40.559,92.14,99.06,0
2025.7.1 0:01,R01,M06,31.512,28.332,29.922,3.6766,3.651,87.93,44.618,37.47,41.044,92.818,99.4,0
2025.7.1 0:01,R01,M07,32.648,29.34,30.994,3.686,3.6569,88.11,43.567,37.802,40.684,91.885,98.598,0
2025.7.1 0:01,R01,M08,43.587,32.985,37.931,3.7253,3.3233,87.88,49.115,18.458,36.441,62.308,57.123,0
2025.7.1 0:01,R01,M09,33.741,29.679,31.71,3.6857,3.6555,88.09,46.161,38.235,42.198,92.691,99.047,0
2025.7.1 0:01,R01,M10,32.054,29.554,30.804,3.6867,3.6545,88.09,46.647,37.235,41.941,91.101,99.252,0
2025.7.1 0:01,R01,M11,32.416,30.059,31.237,3.6834,3.6567,88.08,48.022,40.34,44.181,90.598,98.736,0
2025.7.1 0:01,R01,M01,31.883,27.499,29.691,3.6763,3.65,87.92,42.261,32.524,37.392,92.087,99.277,0
2025.7.1 0:01,R01,M02,31.389,27.746,29.567,3.6801,3.65,87.96,41.217,33.759,37.488,91.322,98.716,0
2025.7.1 0:01,R01,M03,31.036,28.286,29.661,3.6772,3.6481,87.9,42.705,34.496,38.6,92.552,99.374,0
2025.7.1 0:01,R01,M04,32.767,27.831,30.299,3.681,3.6442,87.9,42.148,34.453,38.3,91.277,98.908,0
2025.7.1 0:01,R01,M05,32.421,28.382,30.401,3.6755,3.6512,87.92,44.073,37.404,40.739,92.143,99.46,0
2025.7.1 0:01,R01,M06,33.127,28.976,31.052,3.6838,3.6539,88.05,45.125,35.352,40.239,92.665,99.39,0
2025.7.1 0:01,R01,M07,31.566,28.576,30.071,3.6794,3.6499,87.95,44.399,37.721,41.06,91.184,98.535,0
2025.7.1 0:01,R01,M08,42.924,31.224,37.907,3.7298,3.3197,87.11,46.293,18.404,37.67,62.02,55.971,0
2025.7.1 0:01,R01,M09,32.13,29.254,30.692,3.681,3.6551,88.03,46.123,38.855,42.489,91.617,98.818,0
2025.7.1 0:01,R01,M10,33.336,29.451,31.393,3.6848,3.6546,88.07,47.397,38.914,43.156,90.918,98.988,0
2025.7.1 0:01,R01,M11,34.042,29.635,31.839,3.689,3.6555,88.13,45.754,38.906,42.33,90.678,99.284,0
2025.7.1 0:01,R01,M01,31.707,27.886,29.797,3.6766,3.6474,87.89,42.431,33.939,38.185,91.658,99.107,0
2025.7.1 0:01,R01,M02,30.576,27.466,29.021,3.6785,3.6454,87.89,41.756,33.903,37.829,91.434,99.081,0
2025.7.1 0:01,R01,M03,31.684,28.43,30.057,3.6772,3.6432,87.84,41.868,35.172,38.52,91.541,98.94,0
2025.7.1 0:01,R01,M04,31.174,28.118,29.646,3.681,3.6539,88.02,44.288,34.698,39.493,91.782,99.265,0
2025.7.1 0:01,R01,M05,31.368,28.879,30.123,3.6829,3.6494,87.99,44.241,37.459,40.85,91.574,98.878,0
2025.7.1 0:01,R01,M06,32.516,28.834,30.675,3.6765,3.6463,87.87,43.132,35.94,39.536,91.141,99.206,0
2025.7.1 0:01,R01,M07,33.393,28.707,31.05,3.6779,3.6487,87.92,44.552,36.891,40.721,91.142,99.182,0
2025.7.1 0:01,R01,M08,42.271,32.035,37.333,3.7283,3.3391,87.47,47.59,19.287,34.991,62.33,56.059,0
2025.7.1 0:01,R01,M09,33.085,29.179,31.132,3.6861,3.6548,88.09,45.294,38.26,41.777,91.144,99.065,0
2025.7.1 0:01,R01,M10,33.795,29.56,31.678,3.6831,3.6532,88.04,46.801,37.789,42.295,91.717,98.873,0
2025.7.1 0:01,R01,M11,33.137,29.645,31.391,3.6864,3.6597,88.15,47.68,39.28,43.48,91.899,99.309,0
2025.7.1 0:01,R01,M01,32.07,27.981,30.026,3.6797,3.6416,87.86,41.88,34.781,38.331,91.063,99.426,0
2025.7.1 0:01,R01,M02,32.167,27.782,29.974,3.675,3.6514,87.92,43.676,34.555,39.115,91.004,99.302,0
2025.7.1 0:01,R01,M03,31.033,28.593,29.813,3.6772,3.6506,87.93,43.371,35.092,39.231,91.013,98.536,0
2025.7.1 0:01,R01,M04,30.992,28.177,29.584,3.6789,3.6528,87.98,42.702,36.507,39.605,92.378,98.989,0
2025.7.1 0:01,R01,M05,31.161,28.916,30.038,3.6774,3.6515,87.95,44.609,34.923,39.766,92.238,98.942,0
2025.7.1 0:01,R01,M06,32.494,29.092,30.793,3.6856,3.6496,88.02,44.491,36.466,40.478,91.002,98.719,0
2025.7.1 0:01,R01,M07,31.652,29.314,30.483,3.6868,3.6499,88.04,46.341,35.642,40.992,91.195,98.537,0
2025.7.1 0:01,R01,M08,41.534,32.459,36.924,3.7262,3.3433,87.95,46.539,20.433,34.463,63.111,57.677,0
2025.7.1 0:01,R01,M09,33.225,29.658,31.442,3.6864,3.6566,88.12,45.075,36.919,40.997,91.861,98.848,0
2025.7.1 0:01,R01,M10,32.186,29.453,30.819,3.686,3.6557,88.1,45.848,39.414,42.631,92.248,99.4,0
2025.7.1 0:01,R01,M11,33.334,29.899,31.617,3.6886,3.6573,88.15,48.105,37.53,42.817,90.856,98.866,0
2025.7.1 0:01,R01,M01,30.36,27.834,29.097,3.6755,3.6429,87.82,41.934,32.848,37.391,90.922,99.006,0
2025.7.1 0:01,R01,M02,30.892,28.011,29.451,3.6725,3.6492,87.86,42.997,33.47,38.233,92.679,99.174,0
2025.7.1 0:01,R01,M03,30.975,28.38,29.678,3.6731,3.643,87.79,41.552,34.544,38.048,91.045,99.223,0
2025.7.1 0:01,R01,M04,32.289,28.203,30.246,3.6814,3.6522,88.0,42.623,36.638,39.63,91.645,98.843,0
2025.7.1 0:01,R01,M05,31.635,28.489,30.062,3.6819,3.6521,88.01,44.048,37.045,40.547,92.398,99.107,0
2025.7.1 0:01,R01,M06,31.727,28.439,30.083,3.6805,3.6498,87.96,43.598,37.249,40.424,91.342,99.069,0
2025.7.1 0:01,R01,M07,32.053,28.533,30.293,3.685,3.6542,88.07,44.504,36.572,40.538,91.69,98.983,0
2025.7.1 0:01,R01,M08,44.031,31.56,37.765,3.7256,3.3291,87.14,47.588,21.597,35.945,63.175,59.148,0
2025.7.1 0:01,R01,M09,32.333,29.716,31.024,3.6799,3.655,88.02,47.118,36.99,42.054,92.52,98.79,0
2025.7.1 0:01,R01,M10,33.509,29.384,31.447,3.6871,3.6537,88.09,45.971,38.15,42.06,91.209,99.372,0
2025.7.1 0:01,R01,M11,32.293,29.948,31.12,3.6885,3.6567,88.14,46.41,40.326,43.368,92.377,99.332,0
2025.7.1 0:01,R01,M01,31.543,28.045,29.794,3.6788,3.6442,87.88,42.679,32.944,37.812,91.762,98.717,0
2025.7.1 0:01,R01,M02,32.343,27.435,29.889,3.6731,3.6495,87.87,43.168,35.497,39.332,91.146,99.314,0
2025.7.1 0:01,R01,M03,31.101,27.962,29.532,3.6796,3.6486,87.94,42.361,34.499,38.43,91.092,98.745,0
2025.7.1 0:01,R01,M04,31.856,28.762,30.309,3.6757,3.6484,87.89,43.7,34.323,39.011,91.54,98.786,0
2025.7.1 0:01,R01,M05,31.613,28.052,29.832,3.676,3.6536,87.96,45.446,36.676,41.061,92.734,99.317,0
2025.7.1 0:01,R01,M06,31.79,28.505,30.148,3.6846,3.6559,88.09,44.801,35.572,40.187,91.186,98.798,0
2025.7.1 0:01,R01,M07,33.093,29.231,31.162,3.6772,3.6557,87.99,45.177,36.98,41.078,92.876,98.638,0
2025.7.1 0:01,R01,M08,43.84,32.887,38.324,3.7207,3.3114,87.9,46.541,18.209,33.825,62.698,57.134,0
2025.7.1 0:01,R01,M09,32.968,29.511,31.239,3.6827,3.6522,88.02,47.281,38.812,43.046,92.493,98.729,0
2025.7.1 0:01,R01,M10,33.261,29.373,31.317,3.6803,3.6541,88.01,47.557,37.371,42.464,90.8,98.976,0
2025.7.1 0:01,R01,M11,32.499,29.375,30.937,3.6893,3.6572,88.16,46.568,38.229,42.398,91.952,98.951,0
2025.7.1 0:01,R01,M01,30.624,27.486,29.055,3.6785,3.642,87.85,41.906,33.579,37.742,90.824,98.889,0
2025.7.1 0:01,R01,M02,31.297,27.704,29.501,3.6764,3.6484,87.9,43.944,35.579,39.761,91.487,98.515,0
2025.7.1 0:01,R01,M03,31.021,28.477,29.749,3.678,3.6475,87.91,43.047,35.432,39.239,92.594,99.278,0
2025.7.1 0:01,R01,M04,32.266,28.034,30.15,3.6752,3.6535,87.94,44.025,34.647,39.336,91.68,98.551,0
2025.7.1 0:01,R01,M05,31.095,28.619,29.857,3.6814,3.6501,87.98,43.537,35.775,39.656,92.285,99.443,0
2025.7.1 0:01,R01,M06,31.543,28.7,30.121,3.6786,3.6473,87.91,43.362,36.631,39.996,91.349,99.278,0
2025.7.1 0:01,R01,M07,32.475,29.187,30.831,3.6856,3.6519,88.05,44.153,37.821,40.987,91.164,99.171,0
2025.7.1 0:01,R01,M08,44.047,32.539,38.588,3.7128,3.3416,88.02,49.172,19.406,33.951,61.564,57.442,0
2025.7.1 0:01,R01,M09,33.476,29.397,31.436,3.6869,3.6577,88.14,47.026,38.492,42.759,91.452,99.374,0
2025.7.1 0:01,R01,M10,32.857,29.066,30.962,3.6805,3.6552,88.03,47.982,39.529,43.755,92.131,98.557,0
2025.7.1 0:01,R01,M11,32.631,29.659,31.145,3.688,3.6551,88.12,45.685,39.204,42.445,91.371,99.369,0
2025.7.1 0:01,R01,M01,31.786,28.128,29.957,3.6768,3.6469,87.88,40.904,35.403,38.154,91.58,98.632,0
2025.7.1 0:01,R01,M02,32.031,27.884,29.957,3.6819,3.6491,87.97,41.617,35.38,38.498,91.122,99.032,0
2025.7.1 0:01,R01,M03,31.541,28.238,29.889,3.6775,3.6472,87.9,43.433,36.209,39.821,91.631,98.726,0
2025.7.1 0:01,R01,M04,32.13,28.574,30.352,3.6745,3.653,87.93,42.381,35.982,39.181,91.334,98.604,0
2025.7.1 0:01,R01,M05,32.121,28.391,30.256,3.6761,3.6494,87.91,44.198,36.608,40.403,91.809,99.105,0
2025.7.1 0:01,R01,M06,31.954,29.133,30.544,3.6835,3.6559,88.07,45.834,35.84,40.837,92.093,98.539,0
2025.7.1 0:01,R01,M07,32.007,29.141,30.574,3.6812,3.6561,88.05,44.153,37.211,40.682,91.007,98.767,0
2025.7.1 0:01,R01,M08,41.747,31.755,36.829,3.7281,3.3489,87.69,46.603,20.256,34.843,62.564,55.851,0
2025.7.1 0:01,R01,M09,32.153,29.145,30.649,3.6869,3.6499,88.04,47.285,36.993,42.139,91.689,98.781,0
2025.7.1 0:01,R01,M10,32.628,29.712,31.17,3.6848,3.6561,88.09,46.352,37.54,41.946,91.998,99.424,0
2025.7.1 0:01,R01,M11,33.181,29.448,31.314,3.688,3.6534,88.1,47.111,39.405,43.258,91.976,99.475,0
2025.7.1 0:01,R01,M01,31.536,27.467,29.502,3.6723,3.6506,87.87,40.69,34.049,37.37,91.69,99.39,0
2025.7.1 0:01,R01,M02,30.533,27.757,29.145,3.6753,3.649,87.89,41.48,35.575,38.528,90.857,99.219,0
2025.7.1 0:01,R01,M03,31.445,27.689,29.567,3.6765,3.6488,87.9,41.802,33.51,37.656,91.01,98.686,0
2025.7.1 0:01,R01,M04,31.057,28.253,29.655,3.6772,3.6519,87.95,44.101,34.871,39.486,92.234,99.271,0
2025.7.1 0:01,R01,M05,31.846,28.486,30.166,3.6753,3.6456,87.85,45.077,34.638,39.858,91.524,98.882,0
2025.7.1 0:01,R01,M06,32.369,28.728,30.549,3.6805,3.6525,88.0,43.278,37.299,40.288,92.778,98.748,0
2025.7.1 0:01,R01,M07,31.732,28.401,30.066,3.6788,3.6481,87.92,45.868,37.57,41.719,91.825,99.056,0
2025.7.1 0:01,R01,M08,43.923,32.04,37.35,3.7283,3.2988,87.3,49.8,18.337,34.816,63.119,58.146,0
2025.7.1 0:01,R01,M09,31.917,29.581,30.749,3.6867,3.6539,88.09,46.096,37.844,41.97,91.475,98.82,0
2025.7.1 0:01,R01,M10,33.488,29.001,31.245,3.6893,3.6545,88.13,45.765,39.359,42.562,92.161,99.147,0
2025.7.1 0:01,R01,M11,33.721,30.012,31.866,3.6824,3.6533,88.03,46.021,39.312,42.666,91.116,98.562,0
2025.7.1 0:01,R01,M01,31.734,27.338,29.536,3.6733,3.6479,87.85,42.294,33.712,38.003,90.734,98.722,0
2025.7.1 0:01,R01,M02,31.477,28.123,29.8,3.68,3.6421,87.87,43.064,34.123,38.593,92.28,98.557,0
2025.7.1 0:01,R01,M03,31.674,28.437,30.056,3.6736,3.6451,87.82,42.193,35.894,39.043,91.51,99.198,0
2025.7.1 0:01,R01,M04,30.829,28.214,29.521,3.6764,3.6514,87.93,42.529,34.252,38.391,91.515,99.003,0
2025.7.1 0:01,R01,M05,32.033,28.554,30.294,3.6834,3.6526,88.03,42.909,37.112,40.011,92.138,98.921,0
2025.7.1 0:01,R01,M06,32.107,28.996,30.551,3.6843,3.6491,88.0,44.765,37.31,41.038,91.099,98.885,0
2025.7.1 0:01,R01,M07,32.827,28.539,30.683,3.6826,3.6508,88.0,44.135,36.858,40.496,92.527,98.751,0
2025.7.1 0:01,R01,M08,41.845,31.042,38.47,3.7194,3.2992,87.65,46.526,20.202,36.37,62.424,59.325,0
2025.7.1 0:01,R01,M09,33.626,28.994,31.31,3.6822,3.6553,88.05,45.089,38.568,41.828,91.432,98.921,0
2025.7.1 0:01,R01,M10,33.348,29.568,31.458,3.6885,3.651,88.07,47.428,38.749,43.088,91.958,98.503,0
2025.7.1 0:01,R01,M11,34.066,29.563,31.815,3.6873,3.6564,88.12,47.444,37.799,42.621,91.364,99.337,0
2025.7.1 0:01,R01,M01,30.534,27.944,29.239,3.6724,3.6493,87.86,41.145,33.345,37.245,91.092,99.219,0
2025.7.1 0:01,R01,M02,31.827,28.384,30.105,3.6762,3.6467,87.87,43.047,34.263,38.655,92.602,99.299,0
2025.7.1 0:01,R01,M03,31.706,28.283,29.995,3.6749,3.6465,87.86,42.348,34.415,38.382,92.413,99.41,0
2025.7.1 0:01,R01,M04,31.542,27.883,29.712,3.679,3.6484,87.93,44.353,36.009,40.181,91.004,98.832,0
2025.7.1 0:01,R01,M05,32.431,28.828,30.63,3.6775,3.6523,87.96,45.287,35.812,40.549,92.611,99.048,0
2025.7.1 0:01,R01,M06,31.884,28.302,30.093,3.6783,3.6479,87.91,43.32,35.101,39.21,92.497,98.894,0
2025.7.1 0:01,R01,M07,31.807,28.638,30.223,3.6865,3.6491,88.03,44.011,37.638,40.825,92.302,98.826,0
2025.7.1 0:01,R01,M08,43.543,31.851,38.191,3.7187,3.3098,87.64,48.549,19.788,34.145,61.487,55.924,0
2025.7.1 0:01,R01,M09,31.813,29.277,30.545,3.6802,3.657,88.05,46.797,38.814,42.805,92.571,99.287,0
2025.7.1 0:01,R01,M10,33.163,29.386,31.274,3.6832,3.6544,88.05,45.85,38.814,42.332,92.417,99.18,0
2025.7.1 0:01,R01,M11,33.829,29.568,31.699,3.6831,3.6547,88.05,46.414,40.269,43.341,91.911,99.113,0
2025.7.1 0:01,R01,M01,31.817,27.673,29.745,3.6761,3.6425,87.82,42.939,33.138,38.038,91.309,98.948,0
2025.7.1 0:01,R01,M02,30.448,28.024,29.236,3.6744,3.6455,87.84,43.926,33.687,38.806,92.399,98.997,0
2025.7.1 0:01,R01,M03,32.133,27.862,29.998,3.6768,3.6478,87.9,44.44,35.701,40.07,91.701,98.726,0
2025.7.1 0:01,R01,M04,31.411,28.323,29.867,3.678,3.6476,87.91,44.197,36.131,40.164,91.473,98.898,0
2025.7.1 0:01,R01,M05,31.244,28.109,29.677,3.6798,3.6508,87.97,43.015,36.247,39.631,91.895,99.318,0
2025.7.1 0:01,R01,M06,32.262,28.636,30.449,3.6842,3.6513,88.03,44.876,35.607,40.242,91.778,99.0,0
2025.7.1 0:01,R01,M07,32.811,29.314,31.062,3.6793,3.6518,87.97,44.146,37.886,41.016,92.173,99.311,0
2025.7.1 0:01,R01,M08,43.225,32.548,36.734,3.7111,3.3057,87.56,48.46,18.82,35.127,63.096,58.409,0
2025.7.1 0:01,R01,M09,32.491,29.724,31.108,3.6826,3.6492,87.98,45.831,37.023,41.427,91.183,99.321,0
2025.7.1 0:01,R01,M10,33.101,29.75,31.425,3.6825,3.6537,88.03,46.536,39.584,43.06,91.889,98.922,0
2025.7.1 0:01,R01,M11,32.618,29.284,30.951,3.69,3.6545,88.13,48.447,38.823,43.635,91.305,99.277,0
2025.7.1 0:01,R01,M01,32.16,27.49,29.825,3.6724,3.6493,87.86,41.48,33.21,37.345,91.905,98.591,0
2025.7.1 0:01,R01,M02,31.007,27.817,29.412,3.6769,3.6463,87.88,41.591,34.985,38.288,90.886,98.694,0
2025.7.1 0:01,R01,M03,31.777,27.684,29.73,3.6739,3.6527,87.92,44.31,34.321,39.316,91.697,98.776,0
2025.7.1 0:01,R01,M04,32.792,27.918,30.355,3.6804,3.6522,87.99,43.603,35.207,39.405,91.75,98.926,0
2025.7.1 0:01,R01,M05,31.756,28.973,30.364,3.6808,3.6482,87.95,45.245,36.11,40.677,91.048,99.136,0
2025.7.1 0:01,R01,M06,32.107,28.442,30.274,3.6854,3.6497,88.02,43.857,36.679,40.268,91.152,99.109,0
2025.7.1 0:01,R01,M07,31.454,28.611,30.032,3.6867,3.6535,88.08,44.528,38.017,41.273,91.876,98.898,0
2025.7.1 0:01,R01,M08,42.88,32.616,36.53,3.7137,3.3309,87.91,47.279,20.373,34.059,63.132,55.656,0
2025.7.1 0:01,R01,M09,33.8,29.32,31.56,3.6836,3.6495,88.0,44.625,38.26,41.442,92.604,99.338,0
2025.7.1 0:01,R01,M10,32.525,29.302,30.913,3.6887,3.6586,88.17,47.428,38.349,42.888,92.534,99.411,0
2025.7.1 0:01,R01,M11,33.11,29.598,31.354,3.6886,3.6538,88.11,46.225,39.148,42.687,91.807,98.787,0
2025.7.1 0:01,R01,M01,30.975,27.861,29.418,3.6809,3.6416,87.87,41.204,34.515,37.859,92.183,99.167,0
2025.7.1 0:01,R01,M02,30.688,27.602,29.145,3.6757,3.6461,87.86,43.327,33.978,38.653,91.778,99.272,0
2025.7.1 0:01,R01,M03,32.574,28.098,30.336,3.6769,3.6496,87.92,41.519,34.685,38.102,92.013,98.914,0
2025.7.1 0:01,R01,M04,31.685,28.041,29.863,3.6826,3.6538,88.04,43.655,36.758,40.207,91.715,98.535,0
2025.7.1 0:01,R01,M05,31.892,28.227,30.059,3.6751,3.6485,87.88,45.172,35.637,40.404,91.526,98.844,0
2025.7.1 0:01,R01,M06,31.907,28.291,30.099,3.6768,3.6536,87.96,43.063,35.511,39.287,92.554,99.403,0
2025.7.1 0:01,R01,M07,32.884,28.529,30.706,3.6789,3.6498,87.94,46.442,38.303,42.373,92.321,98.759,0
2025.7.1 0:01,R01,M08,44.018,32.145,37.45,3.7286,3.298,87.6,49.649,19.788,33.469,61.62,56.102,0
2025.7.1 0:01,R01,M09,32.531,29.503,31.017,3.6813,3.6584,88.08,47.332,37.76,42.546,91.378,98.573,0
2025.7.1 0:01,R01,M10,33.03,29.263,31.147,3.6829,3.6507,88.0,46.96,39.005,42.983,91.71,99.146,0
2025.7.1 0:01,R01,M11,33.677,30.111,31.894,3.6883,3.6539,88.11,47.767,37.87,42.819,92.154,99.079,0
2025.7.1 0:01,R01,M01,31.592,27.224,29.408,3.6765,3.6486,87.9,41.817,32.722,37.27,92.068,98.625,0
2025.7.1 0:01,R01,M02,31.609,27.902,29.756,3.6761,3.6438,87.84,41.98,34.201,38.09,92.764,98.575,0
2025.7.1 0:01,R01,M03,30.982,27.875,29.428,3.6798,3.6526,87.99,42.412,35.862,39.137,91.783,98.784,0
2025.7.1 0:01,R01,M04,32.183,28.506,30.345,3.6763,3.6501,87.92,42.728,36.176,39.452,92.753,98.917,0
2025.7.1 0:01,R01,M05,32.862,28.315,30.589,3.6834,3.6534,88.04,44.811,36.551,40.681,91.102,98.885,0
2025.7.1 0:01,R01,M06,31.612,28.284,29.948,3.6858,3.6514,88.05,44.424,36.631,40.528,92.365,99.063,0
2025.7.1 0:01,R01,M07,32.042,29.276,30.659,3.6821,3.6529,88.02,44.476,36.245,40.361,91.105,99.27,0
2025.7.1 0:01,R01,M08,41.907,32.106,37.659,3.7221,3.3164,87.56,49.579,18.344,34.758,62.192,56.67,0
2025.7.1 0:01,R01,M09,33.068,29.362,31.215,3.6858,3.6515,88.05,46.312,36.621,41.466,90.858,98.716,0
2025.7.1 0:01,R01,M10,32.834,29.324,31.079,3.6892,3.6583,88.17,47.49,37.304,42.397,92.073,98.836,0
2025.7.1 0:01,R01,M11,33.754,29.863,31.808,3.6857,3.6514,88.05,47.148,37.551,42.35,92.098,98.69,0
2025.7.1 0:01,R01,M01,32.164,27.675,29.919,3.6803,3.6444,87.9,41.049,34.245,37.647,91.557,98.783,0
2025.7.1 0:01,R01,M02,32.371,27.542,29.957,3.6727,3.6503,87.88,43.483,33.447,38.465,91.429,98.645,0
2025.7.1 0:01,R01,M03,32.077,28.128,30.102,3.6734,3.6447,87.82,44.264,34.117,39.191,91.818,99.474,0
2025.7.1 0:01,R01,M04,32.421,28.306,30.364,3.6831,3.6529,88.03,43.04,36.472,39.756,91.713,98.646,0
2025.7.1 0:01,R01,M05,31.415,28.735,30.075,3.6795,3.6493,87.95,44.286,35.959,40.123,92.415,98.791,0
2025.7.1 0:01,R01,M06,31.396,29.113,30.255,3.6794,3.6546,88.01,43.925,37.89,40.907,92.575,99.092,0
2025.7.1 0:01,R01,M07,33.211,29.116,31.163,3.6841,3.6489,88.0,46.493,38.134,42.314,91.807,98.836,0
2025.7.1 0:01,R01,M08,42.122,31.785,37.6,3.7163,3.3028,87.72,47.569,18.492,33.192,63.073,56.324,0
2025.7.1 0:01,R01,M09,32.863,29.383,31.123,3.6821,3.6549,88.04,47.098,39.438,43.268,91.526,98.541,0
2025.7.1 0:01,R01,M10,33.025,29.962,31.493,3.6841,3.6559,88.08,45.756,38.584,42.17,92.287,98.644,0
2025.7.1 0:01,R01,M11,33.867,29.255,31.561,3.6859,3.6609,88.16,46.005,38.267,42.136,90.572,99.101,0
2025.7.1 0:01,R01,M01,30.636,27.954,29.295,3.6778,3.6433,87.85,40.767,35.427,38.097,91.833,98.942,0
2025.7.1 0:01,R01,M02,31.628,28.315,29.971,3.674,3.6504,87.89,43.064,34.567,38.816,91.314,99.219,0
2025.7.1 0:01,R01,M03,32.329,27.797,30.063,3.6761,3.6467,87.87,42.781,35.99,39.386,91.112,99.337,0
2025.7.1 0:01,R01,M04,32.307,28.729,30.518,3.6793,3.6493,87.94,42.528,34.735,38.632,92.928,99.175,0
2025.7.1 0:01,R01,M05,32.799,28.101,30.45,3.6846,3.647,87.98,43.025,36.693,39.859,91.472,98.532,0
2025.7.1 0:01,R01,M06,32.6,28.321,30.461,3.6822,3.6504,87.99,44.423,35.423,39.923,92.723,98.982,0
2025.7.1 0:01,R01,M07,31.741,29.308,30.524,3.6849,3.6534,88.06,44.489,36.738,40.614,91.743,98.728,0
2025.7.1 0:01,R01,M08,43.418,32.768,36.473,3.7144,3.3008,87.72,47.887,18.6,35.898,62.062,55.982,0
2025.7.1 0:01,R01,M09,31.983,29.015,30.499,3.6812,3.6587,88.08,46.033,38.553,42.293,92.279,98.782,0
2025.7.1 0:01,R01,M10,32.782,29.644,31.213,3.6865,3.6512,88.05,46.311,39.289,42.8,91.062,99.439,0
2025.7.1 0:01,R01,M11,33.143,29.266,31.204,3.6885,3.6597,88.18,46.678,39.864,43.271,90.757,99.001,0
2025.7.1 0:01,R01,M01,30.238,27.877,29.057,3.6804,3.6477,87.94,42.987,34.29,38.639,92.256,98.598,0
2025.7.1 0:01,R01,M02,31.064,28.12,29.592,3.6805,3.6475,87.94,41.464,34.547,38.005,92.742,99.013,0
2025.7.1 0:01,R01,M03,31.424,28.476,29.95,3.6735,3.6465,87.84,44.386,36.258,40.322,91.167,99.164,0
2025.7.1 0:01,R01,M04,32.18,27.885,30.032,3.6798,3.6521,87.98,43.805,34.788,39.296,91.22,98.895,0
2025.7.1 0:01,R01,M05,32.252,28.836,30.544,3.6824,3.6532,88.03,43.878,34.572,39.225,91.188,98.653,0
2025.7.1 0:01,R01,M06,32.577,28.221,30.399,3.6798,3.6502,87.96,44.117,37.281,40.699,92.752,98.962,0
2025.7.1 0:01,R01,M07,33.3,28.618,30.959,3.6836,3.6501,88.0,44.83,38.255,41.543,92.621,98.829,0
2025.7.1 0:01,R01,M08,42.658,32.108,38.022,3.7275,3.3291,87.86,46.929,18.297,33.288,61.473,59.355,0
2025.7.1 0:01,R01,M09,32.695,29.697,31.196,3.6791,3.6557,88.02,46.502,38.959,42.731,90.725,98.772,0
2025.7.1 0:01,R01,M10,32.239,29.061,30.65,3.6897,3.658,88.17,45.163,39.972,42.567,91.042,98.761,0
2025.7.1 0:01,R01,M11,33.42,29.951,31.686,3.6845,3.6565,88.09,47.339,40.14,43.739,91.341,98.531,0
2025.7.1 0:01,R01,M01,30.72,27.512,29.116,3.675,3.6441,87.83,40.619,33.794,37.206,91.082,99.415,0
2025.7.1 0:01,R01,M02,32.317,27.523,29.92,3.6731,3.6443,87.81,41.882,35.257,38.569,92.58,99.428,0
2025.7.1 0:01,R01,M03,32.006,28.051,30.029,3.6787,3.6458,87.89,43.54,36.393,39.966,91.421,99.363,0
2025.7.1 0:01,R01,M04,31.918,28.085,30.002,3.6756,3.6465,87.87,43.236,36.276,39.756,91.743,99.131,0
2025.7.1 0:01,R01,M05,32.648,28.771,30.71,3.6771,3.6451,87.87,43.747,34.586,39.166,92.203,99.411,0
2025.7.1 0:01,R01,M06,33.077,28.965,31.021,3.6782,3.6471,87.9,45.7,35.333,40.517,91.406,99.159,0
2025.7.1 0:01,R01,M07,32.622,28.996,30.809,3.681,3.6519,87.99,46.096,35.767,40.931,92.046,98.767,0
2025.7.1 0:01,R01,M08,43.314,32.06,37.913,3.7221,3.324,87.96,49.279,18.99,35.696,61.337,58.861,0
2025.7.1 0:01,R01,M09,32.694,29.113,30.904,3.6888,3.6516,88.08,47.078,38.148,42.613,90.625,98.729,0
2025.7.1 0:01,R01,M10,33.05,29.287,31.168,3.6824,3.656,88.06,46.939,37.539,42.239,92.125,99.228,0
2025.7.1 0:01,R01,M11,32.394,30.152,31.273,3.6847,3.6569,88.1,47.992,38.287,43.139,91.009,98.71,0
2025.7.1 0:01,R01,M01,30.908,27.65,29.279,3.679,3.6496,87.94,41.359,34.956,38.157,92.02,98.834,0
2025.7.1 0:01,R01,M02,31.194,28.107,29.651,3.679,3.6493,87.94,41.572,33.791,37.681,91.574,99.086,0
2025.7.1 0:01,R01,M03,31.666,28.093,29.88,3.6771,3.6439,87.85,43.34,34.934,39.137,91.409,99.045,0
2025.7.1 0:01,R01,M04,32.435,28.246,30.34,3.676,3.6468,87.87,44.532,35.422,39.977,92.689,99.358,0
2025.7.1 0:01,R01,M05,31.926,28.317,30.121,3.6828,3.6519,88.02,43.0,34.892,38.946,91.018,98.969,0
2025.7.1 0:01,R01,M06,31.372,28.827,30.099,3.6809,3.6508,87.98,43.286,36.338,39.812,92.081,98.989,0
2025.7.1 0:01,R01,M07,32.261,28.695,30.478,3.6823,3.6559,88.06,45.053,37.67,41.361,90.904,99.199,0
2025.7.1 0:01,R01,M08,43.735,31.003,37.792,3.7165,3.3295,87.13,49.835,19.746,35.05,61.257,57.432,0
2025.7.1 0:01,R01,M09,32.64,29.164,30.902,3.688,3.6588,88.16,46.312,39.374,42.843,90.68,98.905,0
2025.7.1 0:01,R01,M10,32.072,29.648,30.86,3.6887,3.655,88.12,46.316,39.064,42.69,91.771,99.299,0
2025.7.1 0:01,R01,M11,33.228,29.65,31.439,3.684,3.6546,88.06,45.77,38.004,41.887,90.32,98.917,0
2025.7.1 0:01,R01,M01,30.383,28.16,29.271,3.6737,3.644,87.81,41.086,33.416,37.251,91.501,99.301,0
2025.7.1 0:01,R01,M02,31.61,27.458,29.534,3.6722,3.6508,87.88,42.082,35.933,39.008,91.117,98.984,0
2025.7.1 0:01,R01,M03,31.057,28.525,29.791,3.6798,3.6475,87.93,44.309,35.284,39.796,92.478,99.223,0
2025.7.1 0:01,R01,M04,31.353,28.702,30.028,3.676,3.6444,87.84,43.254,34.091,38.672,92.49,99.396,0
2025.7.1 0:01,R01,M05,32.305,28.663,30.484,3.6785,3.6524,87.97,43.66,36.216,39.938,92.903,99.391,0
2025.7.1 0:01,R01,M06,31.747,28.623,30.185,3.6776,3.6468,87.89,44.939,37.544,41.242,91.178,99.032,0
2025.7.1 0:01,R01,M07,31.996,29.116,30.556,3.6867,3.648,88.02,45.809,37.582,41.695,92.842,99.041,0
2025.7.1 0:01,R01,M08,43.665,32.562,36.341,3.715,3.3164,87.61,47.49,20.535,34.589,62.057,57.999,0
2025.7.1 0:01,R01,M09,33.403,29.053,31.228,3.6843,3.6565,88.09,46.661,39.083,42.872,92.025,99.279,0
2025.7.1 0:01,R01,M10,33.613,29.199,31.406,3.6863,3.654,88.08,47.461,38.097,42.779,91.575,98.988,0
2025.7.1 0:01,R01,M11,32.265,30.087,31.176,3.6847,3.6546,88.07,47.714,39.664,43.689,91.11,98.92,0
2025.7.1 0:01,R01,M01,31.539,27.229,29.384,3.6719,3.6458,87.81,41.452,32.807,37.13,91.363,98.907,0
2025.7.1 0:01,R01,M02,32.116,28.071,30.093,3.6819,3.6456,87.93,41.811,33.665,37.738,91.62,98.963,0
2025.7.1 0:01,R01,M03,30.736,27.715,29.226,3.674,3.6529,87.92,41.799,34.989,38.394,91.441,99.141,0
2025.7.1 0:01,R01,M04,32.341,28.079,30.21,3.6837,3.6511,88.02,43.033,35.487,39.26,92.584,98.941,0
2025.7.1 0:01,R01,M05,31.646,28.966,30.306,3.6836,3.6518,88.02,42.537,36.447,39.492,91.632,99.38,0
2025.7.1 0:01,R01,M06,32.772,28.767,30.77,3.6781,3.6522,87.96,43.011,36.756,39.883,92.529,99.071,0
2025.7.1 0:01,R01,M07,31.703,29.243,30.473,3.6841,3.6535,88.05,45.624,38.317,41.971,91.524,99.02,0
2025.7.1 0:01,R01,M08,43.44,32.661,36.69,3.7271,3.3348,87.44,48.755,18.072,36.044,60.81,59.131,0
2025.7.1 0:01,R01,M09,31.881,29.061,30.471,3.6804,3.6525,87.99,47.105,37.786,42.445,91.159,99.254,0
2025.7.1 0:01,R01,M10,33.957,29.521,31.739,3.6829,3.6532,88.03,45.122,37.155,41.139,90.479,99.219,0
2025.7.1 0:01,R01,M11,32.733,29.815,31.274,3.6848,3.6598,88.14,46.194,40.324,43.259,90.72,99.38,0
2025.7.1 0:01,R01,M01,30.859,28.048,29.453,3.6722,3.6479,87.84,41.667,32.927,37.297,91.128,99.467,0
2025.7.1 0:01,R01,M02,31.66,28.284,29.972,3.6776,3.6483,87.91,43.459,33.536,38.498,90.992,99.478,0
2025.7.1 0:01,R01,M03,31.969,28.055,30.012,3.6735,3.6501,87.88,44.093,36.01,40.052,92.482,99.402,0
2025.7.1 0:01,R01,M04,31.589,28.615,30.102,3.6749,3.6452,87.84,44.067,36.905,40.486,92.35,98.774,0
2025.7.1 0:01,R01,M05,32.917,28.618,30.767,3.6764,3.6498,87.91,45.345,36.486,40.915,91.439,99.183,0
2025.7.1 0:01,R01,M06,33.029,29.044,31.037,3.678,3.6546,87.99,45.131,37.358,41.245,91.569,98.56,0
2025.7.1 0:01,R01,M07,32.953,29.086,31.02,3.6792,3.6496,87.95,44.026,38.412,41.219,92.017,99.19,0
2025.7.1 0:01,R01,M08,43.676,31.035,37.668,3.7153,3.294,88.09,47.815,19.166,33.698,62.437,57.999,0
2025.7.1 0:01,R01,M09,32.81,29.313,31.062,3.6847,3.658,88.11,46.973,38.91,42.941,91.944,98.991,0
2025.7.1 0:01,R01,M10,32.962,29.54,31.251,3.6806,3.6574,88.06,45.134,38.769,41.951,90.939,98.604,0
2025.7.1 0:01,R01,M11,33.137,29.84,31.489,3.6815,3.6514,87.99,47.06,39.605,43.332,91.338,99.379,0
2025.7.1 0:01,R01,M01,30.386,28.108,29.247,3.6718,3.6459,87.81,43.254,34.776,39.015,92.252,99.169,0
2025.7.1 0:01,R01,M02,32.021,28.121,30.071,3.6817,3.6493,87.97,41.775,35.595,38.685,91.73,98.583,0
2025.7.1 0:01,R01,M03,30.913,28.53,29.721,3.673,3.6484,87.86,43.464,35.128,39.296,92.664,98.688,0
2025.7.1 0:01,R01,M04,31.935,28.63,30.282,3.6822,3.6492,87.98,44.153,34.753,39.453,91.601,98.535,0
2025.7.1 0:01,R01,M05,32.763,28.182,30.472,3.6772,3.6483,87.91,42.94,36.434,39.687,91.249,98.901,0
2025.7.1 0:01,R01,M06,31.849,28.565,30.207,3.6776,3.6532,87.97,43.422,35.623,39.522,92.546,99.273,0
2025.7.1 0:01,R01,M07,32.029,28.651,30.34,3.6856,3.6489,88.01,45.73,37.466,41.598,92.09,98.865,0
2025.7.1 0:01,R01,M08,44.519,32.697,37.109,3.711,3.3077,88.08,48.522,17.933,35.645,61.112,57.477,0
2025.7.1 0:01,R01,M09,32.745,29.002,30.873,3.6879,3.6552,88.12,44.893,38.074,41.483,92.486,98.857,0
2025.7.1 0:01,R01,M10,33.092,29.124,31.108,3.6898,3.6529,88.11,46.188,38.676,42.432,90.345,99.034,0
2025.7.1 0:01,R01,M11,33.176,30.168,31.672,3.6843,3.6552,88.07,46.902,39.501,43.201,91.923,98.908,0
2025.7.1 0:01,R01,M01,31.016,27.631,29.323,3.6773,3.6482,87.91,40.783,34.08,37.431,91.21,99.448,0
2025.7.1 0:01,R01,M02,31.533,28.239,29.886,3.6767,3.6432,87.84,41.047,34.831,37.939,91.103,98.683,0
2025.7.1 0:01,R01,M03,31.296,28.032,29.664,3.6764,3.6478,87.89,43.831,34.963,39.397,92.42,98.533,0
2025.7.1 0:01,R01,M04,31.443,28.668,30.056,3.6806,3.653,88.0,43.214,34.068,38.641,91.333,98.843,0
2025.7.1 0:01,R01,M05,31.846,28.518,30.182,3.677,3.6543,87.98,42.899,34.753,38.826,91.964,98.954,0
2025.7.1 0:01,R01,M06,32.792,28.878,30.835,3.6831,3.6479,87.97,45.017,36.165,40.591,91.298,99.466,0
2025.7.1 0:01,R01,M07,32.035,28.41,30.222,3.6836,3.6538,88.05,45.298,38.386,41.842,92.331,98.951,0
2025.7.1 0:01,R01,M08,43.044,32.792,36.064,3.7282,3.3043,87.93,49.014,18.399,33.425,61.446,58.132,0
2025.7.1 0:01,R01,M09,33.008,29.26,31.134,3.6796,3.6576,88.05,45.908,38.263,42.085,92.242,99.053,0
2025.7.1 0:01,R01,M10,33.747,29.738,31.742,3.6811,3.6586,88.08,45.385,37.924,41.654,92.158,99.063,0
2025.7.1 0:01,R01,M11,34.067,29.802,31.934,3.6902,3.6521,88.11,48.226,38.162,43.194,91.864,99.167,0
2025.7.1 0:01,R01,M01,31.841,27.461,29.651,3.6718,3.6416,87.76,40.728,34.43,37.579,92.164,98.885,0
2025.7.1 0:01,R01,M02,30.661,27.554,29.108,3.6723,3.6444,87.8,43.889,33.945,38.917,92.657,99.478,0
2025.7.1 0:01,R01,M03,30.62,28.129,29.375,3.6748,3.6471,87.86,42.345,35.366,38.855,92.836,99.084,0
2025.7.1 0:01,R01,M04,32.629,27.829,30.229,3.6805,3.6482,87.94,43.204,34.933,39.069,91.935,98.826,0
2025.7.1 0:01,R01,M05,31.827,28.693,30.26,3.6755,3.6491,87.9,43.393,35.66,39.526,91.87,99.447,0
2025.7.1 0:01,R01,M06,32.002,28.409,30.206,3.6826,3.6464,87.95,45.448,36.794,41.121,92.389,98.582,0
2025.7.1 0:01,R01,M07,32.816,28.418,30.617,3.6845,3.6564,88.09,45.22,37.991,41.605,92.237,99.353,0
2025.7.1 0:01,R01,M08,44.691,32.94,37.292,3.7248,3.3078,87.95,47.314,18.45,35.144,61.551,57.607,0
2025.7.1 0:01,R01,M09,32.073,29.628,30.851,3.6869,3.6528,88.08,44.586,37.938,41.262,91.419,98.605,0
2025.7.1 0:01,R01,M10,32.289,29.106,30.698,3.6848,3.653,88.05,45.261,37.112,41.187,91.1,99.097,0
2025.7.1 0:01,R01,M11,33.148,29.589,31.369,3.6874,3.6575,88.14,46.469,37.764,42.117,90.262,98.878,0
2025.7.1 0:01,R01,M01,30.95,27.353,29.151,3.6736,3.6474,87.85,42.869,34.942,38.906,91.876,99.307,0
2025.7.1 0:01,R01,M02,31.43,28.016,29.723,3.6784,3.648,87.92,42.324,33.44,37.882,91.191,98.978,0
2025.7.1 0:01,R01,M03,31.824,28.093,29.959,3.6823,3.6471,87.95,42.375,36.123,39.249,92.159,98.518,0
2025.7.1 0:01,R01,M04,32.155,28.674,30.415,3.6819,3.6491,87.97,43.106,35.029,39.068,92.139,99.175,0
2025.7.1 0:01,R01,M05,32.241,28.219,30.23,3.6763,3.6501,87.92,43.469,36.751,40.11,92.496,99.323,0
2025.7.1 0:01,R01,M06,31.681,28.688,30.184,3.684,3.655,88.07,45.066,37.326,41.196,92.17,99.013,0
2025.7.1 0:01,R01,M07,32.818,28.419,30.618,3.6833,3.6524,88.03,44.639,37.054,40.847,92.078,99.146,0
2025.7.1 0:01,R01,M08,42.635,32.443,36.946,3.7226,3.2999,87.76,46.323,20.203,35.455,60.952,57.523,0
2025.7.1 0:01,R01,M09,31.915,29.192,30.553,3.6819,3.6566,88.06,46.567,37.193,41.88,91.15,99.313,0
2025.7.1 0:01,R01,M10,33.854,29.833,31.843,3.6897,3.6567,88.16,46.258,37.221,41.739,91.664,99.01,0
2025.7.1 0:01,R01,M11,33.278,29.259,31.268,3.6908,3.6534,88.13,47.07,39.761,43.416,90.331,99.26,0
2025.7.1 0:02,R01,M01,30.855,27.561,29.208,3.6746,3.6463,87.85,42.591,33.867,38.229,91.659,99.19,0
2025.7.1 0:02,R01,M02,31.367,27.984,29.675,3.6724,3.6464,87.83,42.777,33.327,38.052,92.74,98.893,0
2025.7.1 0:02,R01,M03,30.875,28.52,29.697,3.6775,3.6498,87.93,44.212,34.299,39.255,92.43,98.785,0
2025.7.1 0:02,R01,M04,32.472,28.152,30.312,3.682,3.6451,87.93,42.717,36.258,39.487,91.923,99.119,0
2025.7.1 0:02,R01,M05,31.813,28.845,30.329,3.6797,3.6491,87.95,42.857,35.856,39.356,91.592,98.911,0
2025.7.1 0:02,R01,M06,31.578,28.336,29.957,3.6785,3.6519,87.96,43.061,37.223,40.142,91.252,98.933,0
2025.7.1 0:02,R01,M07,32.354,29.06,30.707,3.6831,3.6495,87.99,45.439,36.925,41.182,90.985,98.574,0
2025.7.1 0:02,R01,M08,44.393,31.802,37.322,3.7127,3.3237,88.01,47.923,19.762,31.957,62.072,57.061,0
2025.7.1 0:02,R01,M09,32.438,29.697,31.068,3.6888,3.6589,88.17,46.662,38.394,42.528,90.935,99.278,0
2025.7.1 0:02,R01,M10,32.319,29.568,30.944,3.6802,3.6561,88.04,47.293,37.094,42.194,91.191,98.728,0
2025.7.1 0:02,R01,M11,32.63,29.558,31.094,3.6862,3.6556,88.1,47.825,37.842,42.834,90.571,98.591,0
2025.7.1 0:02,R01,M01,30.595,27.966,29.28,3.6714,3.6487,87.84,41.664,35.116,38.39,92.742,98.646,0
2025.7.1 0:02,R01,M02,30.495,28.044,29.27,3.6817,3.6487,87.96,43.571,34.739,39.155,91.953,98.751,0
2025.7.1 0:02,R01,M03,31.427,28.101,29.764,3.683,3.647,87.96,44.386,33.73,39.058,92.837,98.507,0
2025.7.1 0:02,R01,M04,31.232,28.255,29.743,3.6773,3.6509,87.94,44.068,35.354,39.711,92.656,98.875,0
2025.7.1 0:02,R01,M05,32.56,28.367,30.464,3.6844,3.6503,88.02,44.58,35.414,39.997,92.38,99.148,0
2025.7.1 0:02,R01,M06,31.571,28.818,30.195,3.6789,3.6506,87.95,44.547,37.778,41.162,91.314,98.699,0
2025.7.1 0:02,R01,M07,33.238,29.159,31.198,3.6787,3.6543,88.0,46.473,36.89,41.681,92.454,98.897,0
2025.7.1 0:02,R01,M08,44.346,32.036,35.933,3.724,3.3313,88.08,47.582,20.995,34.891,62.052,59.386,0
2025.7.1 0:02,R01,M09,32.926,29.545,31.236,3.681,3.6577,88.06,45.961,38.72,42.34,90.457,99.052,0
2025.7.1 0:02,R01,M10,33.316,29.224,31.27,3.6828,3.6531,88.03,47.397,39.409,43.403,92.078,99.313,0
2025.7.1 0:02,R01,M11,32.641,29.765,31.203,3.6814,3.6515,87.99,47.645,37.789,42.717,90.727,98.892,0
2025.7.1 0:02,R01,M01,30.267,27.222,28.745,3.6778,3.6459,87.88,42.119,33.945,38.032,91.86,99.333,0
2025.7.1 0:02,R01,M02,32.281,27.765,30.023,3.6743,3.6422,87.8,43.56,35.133,39.347,92.225,99.16,0
2025.7.1 0:02,R01,M03,31.264,27.728,29.496,3.6804,3.6461,87.92,44.102,34.253,39.177,91.37,99.258,0
2025.7.1 0:02,R01,M04,32.686,27.935,30.31,3.6759,3.644,87.84,42.424,36.139,39.282,91.385,98.739,0
2025.7.1 0:02,R01,M05,31.281,28.891,30.086,3.6846,3.6513,88.03,42.561,36.204,39.383,91.069,98.987,0
2025.7.1 0:02,R01,M06,32.094,29.088,30.591,3.6789,3.6534,87.99,45.622,37.497,41.559,91.218,98.902,0
2025.7.1 0:02,R01,M07,33.097,28.939,31.018,3.6787,3.6494,87.94,44.761,37.184,40.972,91.749,99.039,0
2025.7.1 0:02,R01,M08,43.405,32.759,36.723,3.7111,3.289,87.47,49.544,17.702,35.308,60.397,58.345,0
2025.7.1 0:02,R01,M09,33.585,29.719,31.652,3.6824,3.6558,88.06,47.14,37.52,42.33,91.356,99.319,0
2025.7.1 0:02,R01,M10,33.355,29.083,31.219,3.6868,3.65,88.04,47.651,38.976,43.314,91.964,99.109,0
2025.7.1 0:02,R01,M11,34.131,29.688,31.91,3.6843,3.6606,88.14,46.559,38.631,42.595,91.912,98.844,0
2025.7.1 0:02,R01,M01,30.855,27.204,29.029,3.6791,3.6498,87.95,42.42,32.655,37.538,92.276,98.659,0
2025.7.1 0:02,R01,M02,31.686,28.177,29.931,3.6763,3.6459,87.87,43.842,35.486,39.664,91.62,99.333,0
2025.7.1 0:02,R01,M03,32.276,27.74,30.008,3.6778,3.6475,87.9,44.309,34.814,39.561,91.467,99.065,0
2025.7.1 0:02,R01,M04,32.373,28.115,30.244,3.6785,3.6483,87.92,43.988,35.617,39.802,90.997,99.045,0
2025.7.1 0:02,R01,M05,32.641,28.097,30.369,3.681,3.6478,87.95,44.886,37.461,41.174,91.832,98.923,0
2025.7.1 0:02,R01,M06,32.11,28.859,30.485,3.6807,3.6545,88.02,44.135,36.819,40.477,92.618,98.854,0
2025.7.1 0:02,R01,M07,32.851,28.683,30.767,3.6788,3.6502,87.95,44.735,37.546,41.141,92.147,98.77,0
2025.7.1 0:02,R01,M08,45.483,32.158,36.476,3.729,3.2935,87.15,48.854,17.559,31.688,60.662,58.493,0
2025.7.1 0:02,R01,M09,32.145,28.885,30.515,3.6848,3.6532,88.06,47.382,38.748,43.065,91.208,99.277,0
2025.7.1 0:02,R01,M10,33.783,29.697,31.74,3.6812,3.6518,88.0,46.958,37.562,42.26,91.364,98.578,0
2025.7.1 0:02,R01,M11,32.808,29.463,31.136,3.6896,3.6586,88.18,47.839,39.084,43.462,90.242,99.226,0
2025.7.1 0:02,R01,M01,30.635,27.715,29.175,3.6803,3.6439,87.89,41.434,35.329,38.382,91.294,98.92,0
2025.7.1 0:02,R01,M02,30.58,28.305,29.442,3.6818,3.6454,87.93,43.81,34.407,39.108,92.193,99.479,0
2025.7.1 0:02,R01,M03,31.491,28.58,30.035,3.6793,3.647,87.92,43.035,35.081,39.058,92.076,98.594,0
2025.7.1 0:02,R01,M04,31.591,27.936,29.764,3.677,3.6444,87.86,42.588,34.271,38.43,92.609,98.786,0
2025.7.1 0:02,R01,M05,32.026,28.29,30.158,3.6797,3.6525,87.99,43.693,36.864,40.278,91.874,98.586,0
2025.7.1 0:02,R01,M06,31.861,28.224,30.043,3.6766,3.6535,87.96,44.483,35.741,40.112,91.381,99.19,0
2025.7.1 0:02,R01,M07,32.431,28.945,30.688,3.683,3.6498,87.99,45.637,35.592,40.614,91.217,98.866,0
2025.7.1 0:02,R01,M08,43.21,31.621,35.866,3.7273,3.309,87.18,48.57,19.802,34.443,61.08,56.184,0
2025.7.1 0:02,R01,M09,32.03,29.715,30.873,3.6876,3.6581,88.15,46.84,38.385,42.612,90.507,98.821,0
2025.7.1 0:02,R01,M10,33.427,29.301,31.364,3.6881,3.6562,88.13,46.766,37.439,42.102,91.525,99.223,0
2025.7.1 0:02,R01,M11,33.513,30.178,31.846,3.6829,3.6592,88.11,45.713,39.488,42.6,91.349,99.174,0
2025.7.1 0:02,R01,M01,31.366,27.808,29.587,3.6715,3.6498,87.86,41.495,33.206,37.35,91.678,99.35,0
2025.7.1 0:02,R01,M02,32.094,27.523,29.809,3.6733,3.6508,87.89,43.3,34.472,38.886,91.101,98.812,0
2025.7.1 0:02,R01,M03,32.069,28.484,30.277,3.6795,3.6471,87.92,43.293,35.518,39.406,91.433,98.974,0
2025.7.1 0:02,R01,M04,31.932,28.035,29.983,3.6777,3.6508,87.94,43.66,34.632,39.146,91.038,98.59,0
2025.7.1 0:02,R01,M05,31.85,28.507,30.178,3.6841,3.6515,88.03,44.289,36.416,40.352,92.201,99.334,0
2025.7.1 0:02,R01,M06,31.662,28.234,29.948,3.682,3.6504,87.99,45.603,36.713,41.158,91.083,98.683,0
2025.7.1 0:02,R01,M07,32.54,28.465,30.502,3.6828,3.6508,88.0,44.498,36.351,40.424,92.604,99.207,0
2025.7.1 0:02,R01,M08,45.148,32.564,36.491,3.7155,3.2857,88.04,46.021,17.499,33.322,60.854,58.864,0
2025.7.1 0:02,R01,M09,33.471,29.127,31.299,3.6791,3.6554,88.01,46.023,38.756,42.389,92.0,98.772,0
2025.7.1 0:02,R01,M10,32.509,29.968,31.239,3.6867,3.6596,88.16,46.519,38.424,42.471,91.129,98.926,0
2025.7.1 0:02,R01,M11,32.931,30.004,31.468,3.6877,3.6541,88.1,47.53,39.941,43.736,90.04,98.889,0
2025.7.1 0:02,R01,M01,31.507,27.449,29.478,3.6744,3.6498,87.89,43.464,34.89,39.177,92.163,98.86,0
2025.7.1 0:02,R01,M02,32.118,27.812,29.965,3.6794,3.6443,87.88,42.92,33.08,38.0,92.544,98.952,0
2025.7.1 0:02,R01,M03,31.684,28.418,30.051,3.6816,3.6448,87.92,43.438,36.055,39.746,92.544,98.778,0
2025.7.1 0:02,R01,M04,32.073,28.153,30.113,3.683,3.6505,88.0,43.971,36.176,40.073,92.118,99.017,0
2025.7.1 0:02,R01,M05,32.081,28.864,30.473,3.6782,3.6498,87.94,44.802,37.4,41.101,92.492,99.112,0
2025.7.1 0:02,R01,M06,31.616,28.595,30.105,3.6763,3.6552,87.98,45.125,37.897,41.511,92.62,99.083,0
2025.7.1 0:02,R01,M07,31.537,29.211,30.374,3.6847,3.6569,88.1,46.294,35.766,41.03,90.957,98.572,0
2025.7.1 0:02,R01,M08,45.706,32.511,37.179,3.7278,3.3036,88.04,46.294,20.347,31.217,60.883,56.518,0
2025.7.1 0:02,R01,M09,31.895,29.284,30.59,3.6842,3.6569,88.09,45.38,39.086,42.233,90.883,98.587,0
2025.7.1 0:02,R01,M10,33.245,29.46,31.352,3.6802,3.6561,88.04,45.547,37.514,41.531,91.62,99.212,0
2025.7.1 0:02,R01,M11,32.655,29.465,31.06,3.6832,3.6517,88.02,47.545,39.681,43.613,91.768,98.781,0
2025.7.1 0:02,R01,M01,30.972,27.422,29.197,3.6725,3.6414,87.77,42.988,35.057,39.023,92.376,99.316,0
2025.7.1 0:02,R01,M02,32.382,28.294,30.338,3.6787,3.6424,87.85,42.688,34.823,38.755,91.519,98.886,0
2025.7.1 0:02,R01,M03,32.172,28.45,30.311,3.6793,3.651,87.96,42.657,35.368,39.013,92.737,98.704,0
2025.7.1 0:02,R01,M04,31.823,28.787,30.305,3.6818,3.6519,88.0,42.199,36.561,39.38,91.428,98.86,0
2025.7.1 0:02,R01,M05,32.631,28.336,30.483,3.6826,3.6485,87.97,42.763,35.768,39.266,91.523,99.126,0
2025.7.1 0:02,R01,M06,32.301,28.572,30.437,3.6827,3.6538,88.04,43.815,37.707,40.761,91.896,98.557,0
2025.7.1 0:02,R01,M07,32.501,28.645,30.573,3.6823,3.6484,87.97,46.301,35.76,41.031,90.827,99.23,0
2025.7.1 0:02,R01,M08,43.271,32.742,37.447,3.7139,3.2984,87.37,47.3,18.485,34.586,61.401,56.404,0
2025.7.1 0:02,R01,M09,33.037,29.356,31.197,3.6877,3.6497,88.05,46.748,37.339,42.043,91.768,98.957,0
2025.7.1 0:02,R01,M10,32.566,29.881,31.224,3.6848,3.6585,88.12,47.092,37.712,42.402,91.558,98.679,0
2025.7.1 0:02,R01,M11,33.163,29.568,31.365,3.6838,3.6539,88.05,47.61,38.651,43.13,91.223,98.511,0
2025.7.1 0:02,R01,M01,31.116,27.687,29.401,3.6762,3.6472,87.88,42.959,35.205,39.082,91.255,98.881,0
2025.7.1 0:02,R01,M02,31.409,27.674,29.541,3.6795,3.6456,87.9,43.357,35.193,39.275,92.473,98.842,0
2025.7.1 0:02,R01,M03,32.128,28.45,30.289,3.6737,3.6497,87.88,42.271,36.488,39.38,92.448,98.903,0
2025.7.1 0:02,R01,M04,32.412,28.111,30.261,3.6829,3.6453,87.94,42.585,34.72,38.653,92.827,98.658,0
2025.7.1 0:02,R01,M05,32.311,28.274,30.293,3.676,3.652,87.94,43.434,37.218,40.326,91.18,98.866,0
2025.7.1 0:02,R01,M06,32.275,28.702,30.489,3.6778,3.6525,87.96,45.698,37.942,41.82,92.464,98.615,0
2025.7.1 0:02,R01,M07,32.157,28.89,30.523,3.6807,3.6504,87.97,45.454,35.507,40.48,91.945,98.773,0
2025.7.1 0:02,R01,M08,45.685,31.565,36.401,3.7186,3.333,87.23,47.014,17.92,31.201,60.362,58.879,0
2025.7.1 0:02,R01,M09,33.751,29.475,31.613,3.6858,3.6582,88.13,46.614,36.588,41.601,91.643,99.258,0
2025.7.1 0:02,R01,M10,33.971,29.288,31.63,3.6828,3.6523,88.02,47.028,39.735,43.382,91.04,98.85,0
2025.7.1 0:02,R01,M11,33.584,29.742,31.663,3.6855,3.6578,88.12,47.134,38.373,42.754,91.614,99.309,0
2025.7.1 0:02,R01,M01,31.645,27.385,29.515,3.6742,3.6427,87.8,41.526,33.415,37.471,92.353,98.638,0
2025.7.1 0:02,R01,M02,30.86,28.01,29.435,3.6758,3.6519,87.93,43.842,33.091,38.466,91.593,99.084,0
2025.7.1 0:02,R01,M03,31.99,28.113,30.051,3.6784,3.6498,87.94,41.94,35.823,38.882,91.654,98.729,0
2025.7.1 0:02,R01,M04,32.309,27.846,30.078,3.6819,3.6532,88.02,44.317,36.269,40.293,92.809,99.402,0
2025.7.1 0:02,R01,M05,32.745,28.514,30.63,3.6829,3.6494,87.99,44.627,35.427,40.027,91.533,98.891,0
2025.7.1 0:02,R01,M06,33.169,29.037,31.103,3.6776,3.6526,87.96,45.77,36.84,41.305,92.428,99.199,0
2025.7.1 0:02,R01,M07,31.437,29.394,30.416,3.6853,3.6477,88.0,45.757,35.52,40.639,92.207,98.712,0
2025.7.1 0:02,R01,M08,46.407,32.45,36.507,3.725,3.2766,87.85,47.941,20.17,34.036,59.794,55.907,0
2025.7.1 0:02,R01,M09,33.579,29.235,31.407,3.6837,3.6547,88.06,47.312,37.712,42.512,90.345,99.227,0
2025.7.1 0:02,R01,M10,33.058,29.392,31.225,3.6844,3.6592,88.12,46.896,39.731,43.314,90.878,98.553,0
2025.7.1 0:02,R01,M11,32.501,30.063,31.282,3.6899,3.6599,88.2,46.665,38.978,42.822,91.497,99.222,0
2025.7.1 0:02,R01,M01,30.353,27.995,29.174,3.6771,3.6505,87.93,42.18,32.684,37.432,91.149,99.025,0
2025.7.1 0:02,R01,M02,30.502,28.19,29.346,3.6775,3.6431,87.85,43.013,35.832,39.422,92.507,99.094,0
2025.7.1 0:02,R01,M03,31.36,27.688,29.524,3.6807,3.6444,87.9,43.846,34.474,39.16,92.827,99.444,0
2025.7.1 0:02,R01,M04,31.866,28.307,30.087,3.6767,3.6478,87.89,43.112,35.033,39.073,91.03,99.228,0
2025.7.1 0:02,R01,M05,32.97,28.261,30.615,3.6797,3.6515,87.97,42.787,36.9,39.843,91.331,99.089,0
2025.7.1 0:02,R01,M06,31.98,29.159,30.569,3.6844,3.6472,87.98,45.849,36.469,41.159,90.902,99.148,0
2025.7.1 0:02,R01,M07,32.38,28.713,30.547,3.684,3.649,88.0,44.555,36.773,40.664,91.001,98.593,0
2025.7.1 0:02,R01,M08,44.872,32.821,37.046,3.7265,3.2758,87.87,49.484,18.631,33.018,60.827,56.422,0
2025.7.1 0:02,R01,M09,32.039,29.39,30.715,3.6799,3.6562,88.03,46.574,38.237,42.406,91.255,98.669,0
2025.7.1 0:02,R01,M10,33.355,29.983,31.669,3.6836,3.6569,88.09,45.473,37.863,41.668,91.706,99.347,0
2025.7.1 0:02,R01,M11,32.782,29.628,31.205,3.6853,3.6555,88.09,48.345,40.239,44.292,89.909,98.683,0
2025.7.1 0:02,R01,M01,31.755,27.605,29.68,3.6751,3.6477,87.87,42.154,34.898,38.526,92.287,99.034,0
2025.7.1 0:02,R01,M02,31.85,28.03,29.94,3.6818,3.6432,87.9,41.448,33.101,37.275,92.345,99.298,0
2025.7.1 0:02,R01,M03,30.92,28.363,29.642,3.6775,3.6452,87.87,43.837,33.644,38.74,92.472,98.821,0
2025.7.1 0:02,R01,M04,32.251,28.159,30.205,3.6753,3.6519,87.93,42.962,35.711,39.337,92.214,98.733,0
2025.7.1 0:02,R01,M05,32.579,28.299,30.439,3.6847,3.6479,87.99,42.833,34.657,38.745,91.146,99.11,0
2025.7.1 0:02,R01,M06,31.42,28.589,30.005,3.6837,3.6552,88.07,43.522,35.107,39.314,91.523,99.288,0
2025.7.1 0:02,R01,M07,33.38,29.301,31.34,3.6813,3.6546,88.03,44.013,36.312,40.162,92.075,99.395,0
2025.7.1 0:02,R01,M08,45.604,31.265,36.216,3.7279,3.3256,87.39,48.452,19.216,33.949,59.505,58.92,0
2025.7.1 0:02,R01,M09,32.63,28.983,30.806,3.6826,3.6545,88.05,45.166,38.992,42.079,91.403,99.417,0
2025.7.1 0:02,R01,M10,32.345,29.859,31.102,3.6817,3.6576,88.07,46.609,39.32,42.965,91.265,99.411,0
2025.7.1 0:02,R01,M11,32.27,29.398,30.834,3.6852,3.6602,88.14,45.725,38.179,41.952,90.775,98.563,0
2025.7.1 0:02,R01,M01,32.055,27.397,29.726,3.6778,3.6463,87.89,42.369,33.293,37.831,91.753,99.259,0
2025.7.1 0:02,R01,M02,31.74,27.989,29.864,3.6779,3.6445,87.87,42.044,35.01,38.527,91.458,99.271,0
2025.7.1 0:02,R01,M03,31.011,28.241,29.626,3.6735,3.6441,87.81,43.925,35.872,39.898,91.408,98.583,0
2025.7.1 0:02,R01,M04,31.176,28.774,29.975,3.6751,3.6461,87.85,43.35,36.219,39.785,92.832,98.593,0
2025.7.1 0:02,R01,M05,32.303,28.608,30.456,3.6819,3.6526,88.01,44.563,37.03,40.797,91.639,99.449,0
2025.7.1 0:02,R01,M06,31.353,28.688,30.02,3.6853,3.6496,88.02,43.683,37.661,40.672,91.804,99.227,0
2025.7.1 0:02,R01,M07,31.642,29.194,30.418,3.6827,3.6515,88.01,45.897,36.917,41.407,91.504,98.533,0
2025.7.1 0:02,R01,M08,45.22,32.744,35.507,3.7225,3.308,87.13,47.027,18.154,33.137,59.331,56.926,0
2025.7.1 0:02,R01,M09,32.402,29.727,31.065,3.6878,3.6571,88.14,46.671,38.318,42.495,91.779,99.33,0
2025.7.1 0:02,R01,M10,32.341,29.342,30.841,3.688,3.6522,88.08,45.829,39.569,42.699,91.774,98.66,0
2025.7.1 0:02,R01,M11,33.076,29.474,31.275,3.6895,3.6552,88.14,47.805,40.115,43.96,89.867,99.011,0
2025.7.1 0:02,R01,M01,31.292,28.181,29.736,3.6775,3.6506,87.94,42.321,35.333,38.827,92.449,98.956,0
2025.7.1 0:02,R01,M02,32.042,27.93,29.986,3.6756,3.6506,87.91,41.669,34.979,38.324,91.78,99.018,0
2025.7.1 0:02,R01,M03,32.532,27.713,30.122,3.6772,3.6525,87.96,41.864,35.999,38.931,92.765,99.388,0
2025.7.1 0:02,R01,M04,32.286,28.074,30.18,3.6761,3.6474,87.88,43.381,35.051,39.216,92.085,98.766,0
2025.7.1 0:02,R01,M05,32.883,28.065,30.474,3.6849,3.6499,88.02,44.94,35.498,40.219,91.623,99.2,0
2025.7.1 0:02,R01,M06,32.157,28.677,30.417,3.6845,3.6512,88.03,43.282,36.19,39.736,92.368,99.272,0
2025.7.1 0:02,R01,M07,32.723,28.714,30.718,3.6791,3.6566,88.03,44.471,37.839,41.155,91.577,99.266,0
2025.7.1 0:02,R01,M08,44.358,32.723,35.7,3.7299,3.3254,87.73,46.299,18.161,31.883,60.967,59.302,0
2025.7.1 0:02,R01,M09,32.055,29.169,30.612,3.685,3.6568,88.1,46.065,36.606,41.335,90.291,99.231,0
2025.7.1 0:02,R01,M10,33.732,29.871,31.801,3.6885,3.6528,88.1,45.969,37.704,41.837,90.323,98.668,0
2025.7.1 0:02,R01,M11,33.668,30.001,31.834,3.6815,3.6514,87.99,46.874,40.366,43.62,89.875,99.259,0
2025.7.1 0:02,R01,M01,31.531,27.802,29.666,3.6743,3.6467,87.85,41.616,32.586,37.101,91.659,99.026,0
2025.7.1 0:02,R01,M02,31.156,27.925,29.541,3.6808,3.6434,87.89,43.174,33.773,38.474,92.234,98.62,0
2025.7.1 0:02,R01,M03,31.197,27.984,29.59,3.6799,3.6454,87.9,41.534,33.956,37.745,92.699,99.446,0
2025.7.1 0:02,R01,M04,31.773,28.444,30.108,3.6784,3.6494,87.93,42.03,35.911,38.971,92.665,99.08,0
2025.7.1 0:02,R01,M05,31.238,28.229,29.733,3.6768,3.6544,87.97,44.245,36.04,40.142,91.813,99.332,0
2025.7.1 0:02,R01,M06,32.856,28.522,30.689,3.6788,3.6499,87.94,45.295,35.7,40.498,92.094,99.228,0
2025.7.1 0:02,R01,M07,33.18,28.564,30.872,3.6861,3.6511,88.05,45.174,36.361,40.767,92.131,98.903,0
2025.7.1 0:02,R01,M08,45.013,31.11,35.63,3.7219,3.314,87.4,48.747,17.742,33.932,59.383,57.716,0
2025.7.1 0:02,R01,M09,33.522,29.268,31.395,3.6885,3.6574,88.15,46.965,38.81,42.888,92.024,98.651,0
2025.7.1 0:02,R01,M10,33.977,29.801,31.889,3.6815,3.6526,88.01,45.165,38.159,41.662,90.159,98.851,0
2025.7.1 0:02,R01,M11,33.939,29.609,31.774,3.6844,3.6547,88.07,47.092,40.061,43.576,91.467,99.311,0
2025.7.1 0:02,R01,M01,31.881,27.252,29.566,3.6737,3.6489,87.87,43.167,35.436,39.302,91.238,99.225,0
2025.7.1 0:02,R01,M02,30.528,28.375,29.451,3.6804,3.6433,87.88,41.486,33.557,37.522,92.341,99.344,0
2025.7.1 0:02,R01,M03,31.133,27.959,29.546,3.6824,3.6489,87.98,43.901,35.746,39.824,91.792,99.374,0
2025.7.1 0:02,R01,M04,32.348,28.721,30.535,3.677,3.6481,87.9,42.97,35.712,39.341,91.867,98.682,0
2025.7.1 0:02,R01,M05,32.4,28.457,30.428,3.68,3.6497,87.96,43.947,35.062,39.505,92.332,99.475,0
2025.7.1 0:02,R01,M06,33.132,28.441,30.786,3.6803,3.6537,88.01,44.036,35.05,39.543,91.021,99.204,0
2025.7.1 0:02,R01,M07,32.051,28.631,30.341,3.6773,3.6499,87.93,45.32,36.173,40.746,91.22,99.081,0
2025.7.1 0:02,R01,M08,45.324,31.506,37.065,3.7283,3.3212,87.82,47.356,18.882,33.185,60.187,56.246,0
2025.7.1 0:02,R01,M09,31.891,29.562,30.727,3.6886,3.6506,88.07,45.638,39.211,42.424,90.595,99.415,0
2025.7.1 0:02,R01,M10,33.053,29.612,31.332,3.683,3.6526,88.03,47.912,37.599,42.755,91.179,99.339,0
2025.7.1 0:02,R01,M11,33.977,29.898,31.938,3.6845,3.6581,88.11,47.405,39.558,43.481,90.459,98.794,0
2025.7.1 0:02,R01,M01,32.091,27.866,29.979,3.6763,3.6473,87.88,42.958,34.577,38.767,91.2,99.057,0
2025.7.1 0:02,R01,M02,32.181,27.663,29.922,3.6733,3.6461,87.83,43.76,33.786,38.773,92.877,99.425,0
2025.7.1 0:02,R01,M03,31.323,28.297,29.81,3.6766,3.6497,87.92,42.518,33.632,38.075,92.044,99.479,0
2025.7.1 0:02,R01,M04,31.773,27.821,29.797,3.6834,3.6458,87.95,44.802,35.557,40.18,92.128,98.961,0
2025.7.1 0:02,R01,M05,32.621,28.653,30.637,3.684,3.6541,88.06,45.13,36.312,40.721,92.801,98.994,0
2025.7.1 0:02,R01,M06,31.847,28.374,30.111,3.6796,3.655,88.02,43.659,36.141,39.9,92.544,98.581,0
2025.7.1 0:02,R01,M07,33.106,28.469,30.788,3.6821,3.6538,88.03,45.699,35.609,40.654,90.626,99.117,0
2025.7.1 0:02,R01,M08,44.338,31.459,35.739,3.7224,3.3063,87.79,48.622,18.739,31.548,59.085,58.111,0
2025.7.1 0:02,R01,M09,31.913,29.716,30.815,3.6844,3.653,88.05,46.998,37.715,42.356,90.903,98.552,0
2025.7.1 0:02,R01,M10,33.745,29.921,31.833,3.6848,3.6535,88.06,47.929,38.45,43.19,90.785,99.479,0
2025.7.1 0:02,R01,M11,33.119,29.819,31.469,3.6853,3.6592,88.13,47.551,40.047,43.799,90.842,99.109,0
2025.7.1 0:02,R01,M01,31.082,27.835,29.459,3.6766,3.6479,87.89,42.851,34.639,38.745,92.284,99.351,0
2025.7.1 0:02,R01,M02,31.54,28.378,29.959,3.6794,3.6429,87.87,42.922,35.477,39.2,91.673,98.846,0
2025.7.1 0:02,R01,M03,30.927,28.549,29.738,3.6802,3.6452,87.9,44.318,35.464,39.891,92.002,98.801,0
2025.7.1 0:02,R01,M04,32.112,28.098,30.105,3.6794,3.6534,87.99,44.738,35.204,39.971,92.757,98.918,0
2025.7.1 0:02,R01,M05,32.944,28.257,30.601,3.6811,3.6519,88.0,45.186,37.447,41.317,92.233,99.367,0
2025.7.1 0:02,R01,M06,32.545,28.912,30.729,3.6837,3.6508,88.01,44.04,36.159,40.099,90.823,98.641,0
2025.7.1 0:02,R01,M07,33.369,28.605,30.987,3.687,3.6515,88.06,45.245,36.148,40.697,90.947,99.24,0
2025.7.1 0:02,R01,M08,47.071,32.936,36.828,3.7213,3.3242,87.65,46.899,18.381,33.924,60.56,58.496,0
2025.7.1 0:02,R01,M09,31.862,29.336,30.599,3.6866,3.6569,88.12,46.552,39.414,42.983,90.371,99.405,0
2025.7.1 0:02,R01,M10,33.004,29.814,31.409,3.6858,3.657,88.11,45.024,39.767,42.395,91.281,98.906,0
2025.7.1 0:02,R01,M11,33.267,29.593,31.43,3.6904,3.6592,88.2,47.403,38.446,42.924,90.482,98.959,0
2025.7.1 0:02,R01,M01,30.549,27.237,28.893,3.6773,3.6492,87.92,43.019,33.361,38.19,91.08,98.872,0
2025.7.1 0:02,R01,M02,32.076,28.37,30.223,3.6731,3.6445,87.81,41.643,34.985,38.314,91.843,99.19,0
2025.7.1 0:02,R01,M03,30.973,27.881,29.427,3.6793,3.6506,87.96,44.358,35.889,40.123,92.349,98.67,0
2025.7.1 0:02,R01,M04,32.303,28.602,30.453,3.675,3.6532,87.94,44.03,36.64,40.335,92.562,99.414,0
2025.7.1 0:02,R01,M05,32.721,28.222,30.471,3.6804,3.6502,87.97,43.68,36.143,39.912,91.515,99.209,0
2025.7.1 0:02,R01,M06,31.279,28.967,30.123,3.6854,3.65,88.02,43.358,35.594,39.476,91.274,99.175,0
2025.7.1 0:02,R01,M07,33.228,28.41,30.819,3.686,3.6497,88.03,46.231,37.654,41.943,91.808,98.613,0
2025.7.1 0:02,R01,M08,44.355,31.496,37.055,3.7161,3.3044,87.41,49.792,19.147,32.885,59.0,57.659,0
2025.7.1 0:02,R01,M09,33.101,29.704,31.402,3.6855,3.6492,88.02,46.658,38.163,42.41,90.792,98.731,0
2025.7.1 0:02,R01,M10,33.595,29.889,31.742,3.6831,3.66,88.12,46.949,39.831,43.39,91.718,98.731,0
2025.7.1 0:02,R01,M11,34.063,29.823,31.943,3.6868,3.6569,88.12,45.862,40.454,43.158,90.474,99.144,0
2025.7.1 0:02,R01,M01,30.252,27.769,29.011,3.6779,3.6463,87.89,40.636,34.894,37.765,91.642,98.817,0
2025.7.1 0:02,R01,M02,31.084,28.213,29.648,3.6757,3.6466,87.87,41.021,33.644,37.332,92.58,99.031,0
2025.7.1 0:02,R01,M03,32.528,27.629,30.078,3.675,3.6514,87.92,41.769,35.265,38.517,92.667,99.171,0
2025.7.1 0:02,R01,M04,31.063,28.194,29.628,3.6802,3.6447,87.9,42.472,34.489,38.48,92.513,99.044,0
2025.7.1 0:02,R01,M05,31.844,28.22,30.032,3.6808,3.6541,88.02,43.042,36.026,39.534,91.758,99.188,0
2025.7.1 0:02,R01,M06,33.151,28.836,30.994,3.6833,3.6543,88.05,45.459,36.121,40.79,91.675,98.901,0
2025.7.1 0:02,R01,M07,31.428,29.024,30.226,3.6801,3.6551,88.02,46.244,36.451,41.347,92.323,98.668,0
2025.7.1 0:02,R01,M08,44.719,31.303,36.282,3.7253,3.3021,87.88,49.134,19.563,32.084,58.799,56.899,0
2025.7.1 0:02,R01,M09,32.339,28.822,30.581,3.6801,3.6546,88.02,47.182,38.976,43.079,90.859,98.723,0
2025.7.1 0:02,R01,M10,32.188,29.517,30.852,3.6853,3.6581,88.12,47.33,39.712,43.521,89.779,98.599,0
2025.7.1 0:02,R01,M11,34.066,29.776,31.921,3.689,3.6552,88.13,46.333,39.501,42.917,89.65,98.951,0
2025.7.1 0:02,R01,M01,30.294,27.912,29.103,3.677,3.6484,87.9,42.097,35.173,38.635,92.694,99.106,0
2025.7.1 0:02,R01,M02,31.142,28.099,29.62,3.6751,3.6423,87.81,43.089,33.983,38.536,92.32,99.451,0
2025.7.1 0:02,R01,M03,32.212,28.315,30.264,3.682,3.6451,87.93,43.609,36.259,39.934,92.029,99.346,0
2025.7.1 0:02,R01,M04,31.144,28.48,29.812,3.6819,3.6476,87.95,43.583,36.679,40.131,91.466,98.539,0
2025.7.1 0:02,R01,M05,31.415,28.008,29.712,3.6771,3.653,87.96,45.159,36.864,41.011,91.631,98.906,0
2025.7.1 0:02,R01,M06,32.94,28.713,30.826,3.6773,3.6507,87.94,43.326,36.209,39.767,92.454,98.536,0
2025.7.1 0:02,R01,M07,32.955,29.3,31.127,3.6825,3.6527,88.02,45.196,37.938,41.567,92.293,99.432,0
2025.7.1 0:02,R01,M08,46.43,32.988,36.125,3.7103,3.3132,87.85,46.371,18.774,30.66,58.959,56.179,0
2025.7.1 0:02,R01,M09,33.276,29.454,31.365,3.6866,3.6535,88.08,45.451,37.78,41.615,91.959,98.734,0
2025.7.1 0:02,R01,M10,32.323,29.242,30.782,3.6876,3.6592,88.16,46.114,38.226,42.17,90.364,98.561,0
2025.7.1 0:02,R01,M11,33.853,29.545,31.699,3.6859,3.6514,88.05,45.534,38.803,42.168,90.77,99.096,0
2025.7.1 0:02,R01,M01,30.557,27.617,29.087,3.6779,3.6456,87.88,42.614,33.673,38.144,91.771,99.417,0
2025.7.1 0:02,R01,M02,30.557,28.035,29.296,3.6787,3.6456,87.89,42.648,35.434,39.041,92.821,99.181,0
2025.7.1 0:02,R01,M03,31.055,27.988,29.521,3.6828,3.6516,88.01,42.899,35.951,39.425,92.217,98.651,0
2025.7.1 0:02,R01,M04,32.23,28.632,30.431,3.6741,3.6524,87.92,44.06,35.572,39.816,92.643,99.27,0
2025.7.1 0:02,R01,M05,32.77,28.461,30.616,3.6766,3.6507,87.93,42.672,34.533,38.602,91.598,99.355,0
2025.7.1 0:02,R01,M06,32.581,28.439,30.51,3.6804,3.6461,87.92,43.218,36.812,40.015,92.258,98.504,0
2025.7.1 0:02,R01,M07,33.175,28.673,30.924,3.6823,3.6523,88.02,43.81,36.405,40.108,91.698,98.553,0
2025.7.1 0:02,R01,M08,44.79,32.868,35.447,3.715,3.2873,87.26,48.86,20.372,32.74,60.054,56.44,0
2025.7.1 0:02,R01,M09,33.767,28.963,31.365,3.6801,3.6494,87.95,45.924,39.271,42.597,90.821,99.093,0
2025.7.1 0:02,R01,M10,33.315,29.952,31.633,3.6882,3.656,88.13,46.702,39.743,43.222,91.479,99.498,0
2025.7.1 0:02,R01,M11,33.035,29.536,31.285,3.6836,3.6541,88.05,47.209,39.345,43.277,90.213,99.084,0
2025.7.1 0:02,R01,M01,31.175,27.466,29.321,3.6807,3.6468,87.93,42.543,34.724,38.633,91.738,98.733,0
2025.7.1 0:02,R01,M02,30.922,27.589,29.255,3.6759,3.6432,87.83,43.503,35.549,39.526,91.394,98.527,0
2025.7.1 0:02,R01,M03,31.635,28.248,29.942,3.6764,3.6529,87.95,43.333,34.553,38.943,92.322,99.131,0
2025.7.1 0:02,R01,M04,32.644,28.039,30.341,3.6824,3.6478,87.96,43.709,34.094,38.901,91.696,98.766,0
2025.7.1 0:02,R01,M05,32.608,28.431,30.52,3.6824,3.6456,87.94,45.253,36.873,41.063,92.444,98.767,0
2025.7.1 0:02,R01,M06,32.346,29.081,30.713,3.6772,3.6535,87.97,44.538,36.613,40.575,91.385,99.054,0
2025.7.1 0:02,R01,M07,31.844,28.601,30.223,3.6778,3.6526,87.96,46.058,36.018,41.038,91.848,99.458,0
2025.7.1 0:02,R01,M08,47.378,31.972,36.421,3.7206,3.2695,88.02,48.081,21.183,33.62,59.771,56.356,0
2025.7.1 0:02,R01,M09,32.156,28.894,30.525,3.6846,3.655,88.08,44.819,38.981,41.9,91.919,99.263,0
2025.7.1 0:02,R01,M10,32.105,29.563,30.834,3.6832,3.6598,88.12,47.536,37.775,42.656,90.323,99.075,0
2025.7.1 0:02,R01,M11,32.41,30.103,31.256,3.6904,3.6522,88.11,46.136,38.827,42.481,89.754,99.317,0
2025.7.1 0:02,R01,M01,31.467,27.427,29.447,3.6724,3.6428,87.78,41.386,32.6,36.993,91.038,99.193,0
2025.7.1 0:02,R01,M02,31.81,27.839,29.825,3.6773,3.6514,87.94,41.312,35.869,38.59,91.397,98.85,0
2025.7.1 0:02,R01,M03,31.076,28.056,29.566,3.6753,3.6525,87.93,42.515,34.328,38.422,91.356,99.443,0
2025.7.1 0:02,R01,M04,32.055,28.261,30.158,3.675,3.649,87.89,42.844,36.684,39.764,91.003,99.066,0
2025.7.1 0:02,R01,M05,32.121,28.435,30.278,3.6807,3.6472,87.93,44.942,35.042,39.992,91.535,98.874,0
2025.7.1 0:02,R01,M06,32.516,28.53,30.523,3.6833,3.6495,87.99,43.696,36.064,39.88,91.634,99.309,0
2025.7.1 0:02,R01,M07,32.766,29.084,30.925,3.6861,3.6527,88.07,45.558,38.101,41.829,91.259,98.914,0
2025.7.1 0:02,R01,M08,46.973,31.868,35.57,3.7112,3.2982,87.89,48.841,20.985,31.995,58.47,57.69,0
2025.7.1 0:02,R01,M09,32.333,29.735,31.034,3.685,3.6566,88.1,45.162,37.923,41.543,91.059,98.524,0
2025.7.1 0:02,R01,M10,33.88,29.822,31.851,3.6895,3.6573,88.16,47.281,39.561,43.421,91.137,98.912,0
2025.7.1 0:02,R01,M11,32.394,29.252,30.823,3.6812,3.6593,88.09,45.804,39.847,42.826,91.012,99.438,0
2025.7.1 0:02,R01,M01,31.71,27.545,29.628,3.6768,3.6445,87.86,42.787,32.788,37.787,91.557,98.942,0
2025.7.1 0:02,R01,M02,31.411,28.201,29.806,3.6783,3.6489,87.93,43.764,33.815,38.79,91.59,98.608,0
2025.7.1 0:02,R01,M03,31.402,27.851,29.627,3.675,3.6441,87.83,43.201,35.567,39.384,92.636,99.46,0
2025.7.1 0:02,R01,M04,31.259,28.452,29.855,3.6815,3.6442,87.91,43.417,36.966,40.192,92.734,98.502,0
2025.7.1 0:02,R01,M05,32.376,28.985,30.68,3.6832,3.6479,87.97,42.795,36.247,39.521,91.717,98.501,0
2025.7.1 0:02,R01,M06,31.842,28.232,30.037,3.6842,3.6522,88.04,44.213,37.66,40.936,91.317,98.72,0
2025.7.1 0:02,R01,M07,32.619,29.354,30.986,3.6851,3.6531,88.06,45.528,36.256,40.892,90.626,99.248,0
2025.7.1 0:02,R01,M08,46.023,32.382,35.107,3.7185,3.3064,87.46,46.548,18.643,34.156,59.4,59.369,0
2025.7.1 0:02,R01,M09,32.509,29.265,30.887,3.6873,3.6559,88.12,46.361,37.049,41.705,91.745,98.783,0
2025.7.1 0:02,R01,M10,32.469,29.668,31.069,3.6889,3.6572,88.15,45.314,37.448,41.381,90.032,99.191,0
2025.7.1 0:02,R01,M11,32.232,29.579,30.905,3.6838,3.6531,88.04,45.766,39.031,42.398,89.951,99.114,0
2025.7.1 0:02,R01,M01,31.507,27.944,29.726,3.6797,3.6457,87.9,41.793,34.339,38.066,91.629,99.235,0
2025.7.1 0:02,R01,M02,31.92,27.528,29.724,3.6802,3.6441,87.89,43.002,35.525,39.264,92.906,98.937,0
2025.7.1 0:02,R01,M03,32.597,28.468,30.532,3.6749,3.65,87.9,44.48,34.422,39.451,92.223,99.119,0
2025.7.1 0:02,R01,M04,32.535,27.821,30.178,3.6794,3.6478,87.93,43.989,36.329,40.159,91.397,98.913,0
2025.7.1 0:02,R01,M05,32.839,28.469,30.654,3.6847,3.6538,88.06,43.454,35.954,39.704,91.977,98.946,0
2025.7.1 0:02,R01,M06,32.063,28.833,30.448,3.6807,3.6474,87.94,45.365,36.155,40.76,91.934,99.238,0
2025.7.1 0:02,R01,M07,32.093,28.602,30.348,3.6806,3.6559,88.04,46.391,35.913,41.152,91.446,98.624,0
2025.7.1 0:02,R01,M08,47.641,31.278,36.532,3.7268,3.3104,88.02,48.108,19.237,33.109,59.629,58.953,0
2025.7.1 0:02,R01,M09,33.384,29.476,31.43,3.6845,3.6546,88.07,44.548,36.822,40.685,91.353,98.647,0
2025.7.1 0:02,R01,M10,33.485,29.157,31.321,3.6852,3.6539,88.07,47.81,37.497,42.654,91.531,99.08,0
2025.7.1 0:02,R01,M11,33.693,29.329,31.511,3.688,3.6544,88.11,48.483,39.393,43.938,90.466,98.63,0
2025.7.1 0:02,R01,M01,31.165,27.866,29.515,3.6777,3.6425,87.84,40.97,34.306,37.638,91.572,99.266,0
2025.7.1 0:02,R01,M02,32.364,28.373,30.368,3.6746,3.6504,87.9,41.813,34.601,38.207,91.276,99.019,0
2025.7.1 0:02,R01,M03,30.771,28.428,29.599,3.6795,3.6443,87.89,41.878,36.184,39.031,92.055,98.707,0
2025.7.1 0:02,R01,M04,32.073,28.499,30.286,3.6752,3.6534,87.94,42.23,36.532,39.381,92.038,98.577,0
2025.7.1 0:02,R01,M05,32.751,28.801,30.776,3.684,3.6454,87.95,44.449,35.439,39.944,90.855,98.653,0
2025.7.1 0:02,R01,M06,32.606,28.744,30.675,3.6788,3.6506,87.95,45.547,37.705,41.626,92.334,98.522,0
2025.7.1 0:02,R01,M07,32.081,28.654,30.367,3.6794,3.6471,87.92,45.934,36.119,41.026,92.217,98.657,0
2025.7.1 0:02,R01,M08,47.362,32.678,36.292,3.7227,3.2697,88.06,46.972,22.485,33.233,58.407,59.241,0
2025.7.1 0:02,R01,M09,32.356,29.293,30.825,3.6846,3.6541,88.06,45.181,37.933,41.557,90.559,99.195,0
2025.7.1 0:02,R01,M10,33.473,29.312,31.392,3.6843,3.6541,88.06,47.288,38.254,42.771,90.841,98.981,0
2025.7.1 0:02,R01,M11,33.691,29.284,31.488,3.6818,3.6525,88.01,45.534,39.782,42.658,90.768,98.556,0
2025.7.1 0:02,R01,M01,30.209,27.74,28.974,3.6786,3.6422,87.85,43.463,33.759,38.611,91.791,98.895,0
2025.7.1 0:02,R01,M02,31.497,27.566,29.532,3.6785,3.6503,87.95,41.205,33.098,37.151,91.806,98.836,0
2025.7.1 0:02,R01,M03,31.235,28.058,29.646,3.6812,3.6458,87.92,42.838,35.546,39.192,91.659,98.804,0
2025.7.1 0:02,R01,M04,32.734,27.953,30.343,3.6799,3.6516,87.98,43.866,35.733,39.799,91.875,99.271,0
2025.7.1 0:02,R01,M05,31.553,28.921,30.237,3.6838,3.6503,88.01,44.212,35.887,40.05,90.82,99.111,0
2025.7.1 0:02,R01,M06,31.227,28.268,29.748,3.6773,3.6555,87.99,43.733,35.664,39.698,92.181,98.981,0
2025.7.1 0:02,R01,M07,31.684,28.606,30.145,3.6785,3.6521,87.97,45.941,36.487,41.214,90.331,99.315,0
2025.7.1 0:02,R01,M08,47.263,32.973,35.589,3.7298,3.2752,87.78,46.993,19.706,31.007,58.327,57.147,0
2025.7.1 0:02,R01,M09,33.726,29.111,31.419,3.6817,3.6495,87.97,45.537,38.046,41.791,90.223,99.391,0
2025.7.1 0:02,R01,M10,33.452,29.379,31.416,3.6864,3.651,88.05,45.397,39.098,42.248,91.354,99.036,0
2025.7.1 0:02,R01,M11,33.446,29.876,31.661,3.6905,3.6519,88.11,47.684,37.783,42.733,89.231,98.767,0
2025.7.1 0:02,R01,M01,31.461,28.19,29.825,3.6808,3.6413,87.87,42.826,33.282,38.054,91.049,98.921,0
2025.7.1 0:02,R01,M02,31.312,27.447,29.38,3.6739,3.6466,87.85,43.199,34.657,38.928,91.056,98.907,0
2025.7.1 0:02,R01,M03,30.987,28.466,29.727,3.6779,3.6511,87.95,42.708,35.991,39.349,91.487,98.875,0
2025.7.1 0:02,R01,M04,31.338,28.29,29.814,3.6829,3.651,88.01,44.547,35.562,40.054,91.426,99.418,0
2025.7.1 0:02,R01,M05,31.819,28.684,30.252,3.6849,3.6529,88.05,44.698,34.512,39.605,91.414,99.186,0
2025.7.1 0:02,R01,M06,32.903,28.316,30.609,3.6795,3.6543,88.01,43.881,37.542,40.712,91.662,98.75,0
2025.7.1 0:02,R01,M07,32.682,29.302,30.992,3.6798,3.6512,87.97,45.885,36.648,41.267,91.525,98.797,0
2025.7.1 0:02,R01,M08,44.983,32.898,36.177,3.725,3.2666,87.71,47.702,21.031,33.275,58.269,56.183,0
2025.7.1 0:02,R01,M09,32.33,29.376,30.853,3.6829,3.6498,87.99,45.236,39.486,42.361,91.526,99.01,0
2025.7.1 0:02,R01,M10,33.505,29.328,31.416,3.6891,3.6575,88.16,47.945,39.434,43.689,89.916,98.808,0
2025.7.1 0:02,R01,M11,34.081,29.814,31.948,3.6825,3.6577,88.08,46.083,39.238,42.66,89.711,99.361,0
2025.7.1 0:02,R01,M01,31.228,27.719,29.474,3.6736,3.6492,87.87,40.633,35.351,37.992,91.996,98.611,0
2025.7.1 0:02,R01,M02,31.965,28.244,30.105,3.6774,3.6493,87.92,41.497,33.644,37.57,91.631,99.355,0
2025.7.1 0:02,R01,M03,31.787,28.39,30.088,3.6755,3.6526,87.94,42.88,35.648,39.264,91.442,99.444,0
2025.7.1 0:02,R01,M04,32.371,28.063,30.217,3.6792,3.6457,87.9,43.513,36.076,39.794,91.091,99.487,0
2025.7.1 0:02,R01,M05,31.951,28.948,30.45,3.6836,3.6503,88.01,43.966,36.64,40.303,91.035,99.077,0
2025.7.1 0:02,R01,M06,31.369,28.757,30.063,3.6776,3.6462,87.89,44.828,35.293,40.061,92.321,98.912,0
2025.7.1 0:02,R01,M07,32.47,28.72,30.595,3.6856,3.6565,88.11,44.077,38.004,41.04,91.377,98.88,0
2025.7.1 0:02,R01,M08,45.32,32.357,36.149,3.7197,3.2772,87.57,49.723,21.537,32.154,58.757,58.441,0
2025.7.1 0:02,R01,M09,32.546,28.82,30.683,3.6821,3.6513,88.0,47.44,37.274,42.357,89.849,98.78,0
2025.7.1 0:02,R01,M10,32.591,29.053,30.822,3.6857,3.6503,88.03,46.822,38.487,42.654,90.732,99.341,0
2025.7.1 0:02,R01,M11,33.522,29.825,31.673,3.6897,3.6557,88.14,45.811,40.396,43.103,90.741,98.563,0
2025.7.1 0:02,R01,M01,30.736,27.984,29.36,3.674,3.6417,87.79,43.18,32.598,37.889,91.731,99.379,0
2025.7.1 0:02,R01,M02,30.499,28.31,29.404,3.6754,3.6506,87.91,43.148,33.16,38.154,91.349,98.878,0
2025.7.1 0:02,R01,M03,31.951,28.345,30.148,3.6827,3.6524,88.02,44.137,35.19,39.663,92.781,98.757,0
2025.7.1 0:02,R01,M04,32.516,28.486,30.501,3.6812,3.6451,87.92,42.215,35.797,39.006,91.069,98.632,0
2025.7.1 0:02,R01,M05,31.684,28.266,29.975,3.681,3.6479,87.95,44.901,36.962,40.931,92.583,99.436,0
2025.7.1 0:02,R01,M06,32.494,29.184,30.839,3.6815,3.6485,87.96,45.569,37.027,41.298,92.096,98.693,0
2025.7.1 0:02,R01,M07,33.34,28.873,31.107,3.6847,3.6484,88.0,45.285,36.294,40.789,91.156,99.478,0
2025.7.1 0:02,R01,M08,47.489,31.491,36.907,3.7273,3.2632,87.39,48.306,20.096,31.548,59.407,58.297,0
2025.7.1 0:02,R01,M09,32.022,29.534,30.778,3.687,3.6508,88.05,46.226,36.719,41.472,91.674,98.803,0
2025.7.1 0:02,R01,M10,33.038,29.125,31.081,3.6869,3.6535,88.08,47.011,37.924,42.468,90.828,98.7,0
2025.7.1 0:02,R01,M11,32.905,29.928,31.416,3.6896,3.6605,88.2,45.948,37.94,41.944,91.025,99.482,0
2025.7.1 0:02,R01,M01,31.931,28.079,30.005,3.675,3.65,87.9,42.732,33.841,38.287,91.656,98.776,0
2025.7.1 0:02,R01,M02,32.394,28.081,30.237,3.6746,3.6451,87.84,43.342,35.149,39.245,91.359,98.989,0
2025.7.1 0:02,R01,M03,32.338,27.841,30.09,3.6821,3.6447,87.92,41.555,36.024,38.79,92.277,98.886,0
2025.7.1 0:02,R01,M04,31.29,28.459,29.874,3.6839,3.6474,87.98,43.575,36.294,39.934,91.248,98.997,0
2025.7.1 0:02,R01,M05,31.176,28.586,29.881,3.6779,3.6544,87.99,43.453,35.483,39.468,90.85,98.757,0
2025.7.1 0:02,R01,M06,31.722,28.433,30.078,3.6812,3.6471,87.94,44.191,35.506,39.849,91.021,99.061,0
2025.7.1 0:02,R01,M07,32.919,29.076,30.997,3.6818,3.6548,88.04,44.65,36.327,40.489,90.365,98.958,0
2025.7.1 0:02,R01,M08,45.012,31.594,36.854,3.7112,3.2562,88.03,49.751,19.542,30.271,58.083,59.325,0
2025.7.1 0:02,R01,M09,32.321,29.56,30.941,3.6821,3.6524,88.01,45.447,36.559,41.003,91.419,99.243,0
2025.7.1 0:02,R01,M10,33.113,29.696,31.404,3.6891,3.656,88.14,46.836,38.578,42.707,89.71,98.694,0
2025.7.1 0:02,R01,M11,33.342,29.568,31.455,3.6878,3.6573,88.14,48.018,37.917,42.968,90.203,98.964,0
2025.7.1 0:02,R01,M01,30.353,27.923,29.138,3.6723,3.6486,87.85,40.649,33.648,37.148,92.626,98.603,0
2025.7.1 0:02,R01,M02,31.675,27.511,29.593,3.6789,3.6429,87.86,43.886,35.236,39.561,91.625,99.254,0
2025.7.1 0:02,R01,M03,31.349,27.823,29.586,3.6768,3.6484,87.9,43.611,34.131,38.871,91.94,99.227,0
2025.7.1 0:02,R01,M04,31.908,27.936,29.922,3.6757,3.6476,87.88,42.943,35.617,39.28,91.335,98.515,0
2025.7.1 0:02,R01,M05,31.617,28.134,29.876,3.6756,3.6535,87.95,43.931,35.525,39.728,91.209,99.364,0
2025.7.1 0:02,R01,M06,31.535,28.934,30.235,3.6846,3.6489,88.0,45.925,37.862,41.894,91.494,99.489,0
2025.7.1 0:02,R01,M07,32.469,29.301,30.885,3.6828,3.6523,88.02,46.212,36.076,41.144,91.178,98.537,0
2025.7.1 0:02,R01,M08,45.905,31.446,36.142,3.7251,3.2583,87.8,49.29,21.892,33.025,57.813,58.064,0
2025.7.1 0:02,R01,M09,32.234,29.099,30.666,3.6823,3.6511,88.0,46.084,39.073,42.579,89.954,98.888,0
2025.7.1 0:02,R01,M10,33.805,29.915,31.86,3.6877,3.6588,88.16,45.26,39.151,42.206,90.225,98.575,0
2025.7.1 0:02,R01,M11,33.387,29.266,31.326,3.6889,3.6536,88.11,46.151,37.514,41.833,90.51,99.427,0
2025.7.1 0:02,R01,M01,31.346,27.52,29.433,3.6794,3.6494,87.95,43.089,33.095,38.092,92.532,98.535,0
2025.7.1 0:02,R01,M02,31.071,28.055,29.563,3.6756,3.6425,87.82,42.479,33.49,37.984,91.404,99.368,0
2025.7.1 0:02,R01,M03,31.003,28.21,29.607,3.6742,3.6465,87.85,41.893,35.872,38.883,91.851,99.127,0
2025.7.1 0:02,R01,M04,32.498,28.001,30.249,3.6827,3.652,88.02,44.169,34.387,39.278,92.401,98.863,0
2025.7.1 0:02,R01,M05,31.976,28.794,30.385,3.6835,3.6527,88.03,43.949,35.105,39.527,91.233,99.089,0
2025.7.1 0:02,R01,M06,33.191,29.192,31.192,3.6765,3.6463,87.87,45.158,37.994,41.576,91.674,99.176,0
2025.7.1 0:02,R01,M07,31.983,28.99,30.486,3.6813,3.6489,87.96,44.526,35.782,40.154,91.535,98.942,0
2025.7.1 0:02,R01,M08,45.762,32.461,36.754,3.7213,3.2944,87.21,49.412,20.578,32.705,57.55,57.48,0
2025.7.1 0:02,R01,M09,32.025,29.135,30.58,3.689,3.6554,88.13,45.383,38.466,41.925,90.642,99.03,0
2025.7.1 0:02,R01,M10,33.904,29.573,31.739,3.6899,3.6501,88.08,47.765,39.303,43.534,89.403,98.543,0
2025.7.1 0:02,R01,M11,33.709,29.954,31.832,3.6865,3.6534,88.08,45.792,39.235,42.514,90.6,99.293,0
2025.7.1 0:02,R01,M01,32.065,27.707,29.886,3.6717,3.6483,87.84,42.69,34.273,38.481,92.337,98.922,0
2025.7.1 0:02,R01,M02,31.185,28.066,29.625,3.6776,3.6508,87.94,43.711,34.456,39.084,91.537,98.873,0
2025.7.1 0:02,R01,M03,31.789,28.372,30.081,3.6764,3.6465,87.87,42.891,35.695,39.293,92.315,98.632,0
2025.7.1 0:02,R01,M04,31.782,28.103,29.943,3.6833,3.6536,88.04,43.197,36.481,39.839,92.215,98.552,0
2025.7.1 0:02,R01,M05,32.06,28.512,30.286,3.6838,3.646,87.96,43.628,36.23,39.929,92.486,99.452,0
2025.7.1 0:02,R01,M06,32.105,28.536,30.32,3.6824,3.6478,87.96,43.026,37.099,40.062,91.88,99.051,0
2025.7.1 0:02,R01,M07,32.864,29.266,31.065,3.6773,3.6552,87.99,44.743,38.008,41.376,90.251,99.299,0
2025.7.1 0:02,R01,M08,46.491,31.265,36.632,3.7209,3.3107,87.6,46.045,20.803,33.013,58.367,56.475,0
2025.7.1 0:02,R01,M09,33.41,29.683,31.546,3.6796,3.6548,88.01,46.321,38.777,42.549,90.4,99.322,0
2025.7.1 0:02,R01,M10,32.841,29.669,31.255,3.6829,3.6522,88.02,46.022,37.295,41.659,90.467,99.327,0
2025.7.1 0:02,R01,M11,33.512,29.428,31.47,3.6876,3.6596,88.17,46.607,37.947,42.277,89.845,99.204,0
2025.7.1 0:02,R01,M01,31.73,27.62,29.675,3.6781,3.6422,87.84,42.034,34.313,38.174,91.395,99.121,0
2025.7.1 0:02,R01,M02,30.711,27.734,29.223,3.6722,3.6425,87.78,42.118,34.449,38.284,92.7,98.579,0
2025.7.1 0:02,R01,M03,32.468,27.652,30.06,3.6808,3.6458,87.92,41.678,34.436,38.057,91.014,99.407,0
2025.7.1 0:02,R01,M04,31.522,28.219,29.87,3.6834,3.6453,87.94,44.173,36.401,40.287,91.011,99.319,0
2025.7.1 0:02,R01,M05,32.801,28.84,30.821,3.6788,3.6532,87.98,45.048,37.465,41.257,91.312,98.95,0
2025.7.1 0:02,R01,M06,31.634,28.902,30.268,3.6814,3.646,87.93,43.048,36.324,39.686,90.421,99.301,0
2025.7.1 0:02,R01,M07,32.072,28.801,30.437,3.6787,3.6539,87.99,45.575,36.586,41.081,92.011,98.577,0
2025.7.1 0:02,R01,M08,46.618,31.53,36.025,3.7128,3.2689,87.39,49.321,22.688,32.474,58.687,57.619,0
2025.7.1 0:02,R01,M09,33.427,28.974,31.2,3.6859,3.6492,88.02,44.638,37.687,41.162,89.864,99.355,0
2025.7.1 0:02,R01,M10,32.095,29.257,30.676,3.6806,3.6582,88.07,46.753,39.212,42.983,90.593,98.814,0
2025.7.1 0:02,R01,M11,33.413,29.24,31.326,3.6883,3.6534,88.1,46.959,39.596,43.278,90.663,99.49,0
2025.7.1 0:02,R01,M01,31.044,27.995,29.52,3.678,3.6439,87.86,41.842,33.262,37.552,91.751,98.578,0
2025.7.1 0:02,R01,M02,32.282,28.318,30.3,3.6784,3.6499,87.94,42.927,33.315,38.121,92.762,98.588,0
2025.7.1 0:02,R01,M03,31.733,28.065,29.899,3.6779,3.6525,87.96,41.929,34.126,38.028,92.114,98.876,0
2025.7.1 0:02,R01,M04,32.683,27.836,30.259,3.6768,3.6535,87.96,42.495,35.85,39.172,92.235,99.073,0
2025.7.1 0:02,R01,M05,31.016,28.658,29.837,3.6811,3.6493,87.96,43.237,36.076,39.657,92.18,98.957,0
2025.7.1 0:02,R01,M06,32.541,29.127,30.834,3.6794,3.647,87.92,45.203,36.269,40.736,91.338,98.748,0
2025.7.1 0:02,R01,M07,31.747,28.795,30.271,3.6828,3.6541,88.04,44.846,38.331,41.588,91.088,98.669,0
2025.7.1 0:02,R01,M08,46.502,32.491,36.129,3.7218,3.2518,87.53,49.386,20.347,32.851,58.679,56.125,0
2025.7.1 0:02,R01,M09,32.028,29.354,30.691,3.6796,3.6525,87.99,45.128,39.431,42.279,90.12,99.202,0
2025.7.1 0:02,R01,M10,32.058,29.738,30.898,3.6802,3.651,87.97,47.681,39.356,43.519,89.636,98.609,0
2025.7.1 0:02,R01,M11,34.07,29.709,31.889,3.6895,3.6571,88.16,46.845,38.729,42.787,89.968,99.483,0
2025.7.1 0:02,R01,M01,30.975,27.424,29.2,3.6721,3.6416,87.76,42.082,32.551,37.317,92.666,99.439,0
2025.7.1 0:02,R01,M02,31.505,28.042,29.773,3.679,3.648,87.92,41.785,33.309,37.547,92.229,99.141,0
2025.7.1 0:02,R01,M03,32.563,28.359,30.461,3.675,3.6477,87.87,44.405,36.101,40.253,90.842,98.716,0
2025.7.1 0:02,R01,M04,32.601,28.044,30.322,3.6754,3.652,87.93,44.934,34.546,39.74,92.648,99.249,0
2025.7.1 0:02,R01,M05,32.266,28.866,30.566,3.6769,3.6485,87.9,44.778,36.298,40.538,90.583,99.324,0
2025.7.1 0:02,R01,M06,31.637,29.147,30.392,3.6814,3.6526,88.01,45.485,35.793,40.639,90.411,99.245,0
2025.7.1 0:02,R01,M07,32.962,29.047,31.005,3.6774,3.6538,87.97,43.84,36.405,40.123,90.413,98.963,0
2025.7.1 0:02,R01,M08,46.463,31.186,36.212,3.7285,3.2933,87.54,46.738,21.962,30.365,58.644,58.225,0
2025.7.1 0:02,R01,M09,33.275,29.134,31.204,3.6869,3.6586,88.15,46.158,36.693,41.425,89.509,98.662,0
2025.7.1 0:02,R01,M10,33.978,29.793,31.886,3.6842,3.6511,88.02,46.844,39.715,43.279,90.828,98.614,0
2025.7.1 0:02,R01,M11,32.242,29.566,30.904,3.6906,3.6537,88.13,48.196,38.714,43.455,89.596,98.879,0
2025.7.1 0:02,R01,M01,30.261,28.076,29.169,3.6769,3.6474,87.89,42.611,34.415,38.513,92.792,98.642,0
2025.7.1 0:02,R01,M02,30.933,27.492,29.212,3.6782,3.6519,87.96,41.167,35.034,38.1,91.03,99.367,0
2025.7.1 0:02,R01,M03,30.924,28.393,29.659,3.6822,3.6437,87.91,44.115,34.188,39.151,91.215,98.538,0
2025.7.1 0:02,R01,M04,32.69,28.149,30.419,3.6809,3.6518,87.99,44.368,36.748,40.558,92.475,98.805,0
2025.7.1 0:02,R01,M05,32.849,28.897,30.873,3.6833,3.6485,87.98,44.658,37.101,40.88,91.692,99.475,0
2025.7.1 0:02,R01,M06,32.672,29.095,30.883,3.6829,3.6551,88.06,44.878,36.304,40.591,91.424,98.959,0
2025.7.1 0:02,R01,M07,31.619,28.454,30.037,3.6848,3.648,87.99,45.353,35.707,40.53,90.517,98.987,0
2025.7.1 0:02,R01,M08,47.009,31.033,36.728,3.7208,3.2994,87.43,49.696,21.756,30.441,58.235,57.05,0
2025.7.1 0:02,R01,M09,32.195,29.138,30.666,3.6855,3.6551,88.09,46.384,37.702,42.043,89.984,99.348,0
2025.7.1 0:02,R01,M10,32.908,29.869,31.389,3.6866,3.6534,88.08,45.836,39.288,42.562,89.932,98.649,0
2025.7.1 0:02,R01,M11,32.298,29.753,31.026,3.686,3.6604,88.16,47.206,37.98,42.593,89.394,99.498,0
2025.7.1 0:02,R01,M01,31.453,27.74,29.596,3.6798,3.6433,87.88,42.214,35.191,38.703,91.793,99.287,0
2025.7.1 0:02,R01,M02,31.777,28.309,30.043,3.6767,3.645,87.86,42.957,34.968,38.963,90.973,99.154,0
2025.7.1 0:02,R01,M03,31.786,27.609,29.698,3.6829,3.6467,87.96,42.959,34.731,38.845,91.254,98.571,0
2025.7.1 0:02,R01,M04,31.638,28.083,29.861,3.6795,3.6489,87.94,43.184,35.178,39.181,91.637,99.091,0
2025.7.1 0:02,R01,M05,31.437,28.63,30.034,3.6759,3.646,87.86,43.571,34.501,39.036,91.627,99.432,0
2025.7.1 0:02,R01,M06,31.573,28.389,29.981,3.6778,3.6471,87.9,43.852,35.435,39.644,91.709,98.628,0
2025.7.1 0:02,R01,M07,32.015,28.785,30.4,3.677,3.6552,87.99,44.958,35.995,40.477,91.706,98.592,0
2025.7.1 0:02,R01,M08,44.987,31.061,36.764,3.7104,3.2855,87.27,47.209,23.883,31.429,57.519,56.862,0
2025.7.1 0:02,R01,M09,33.533,29.315,31.424,3.6833,3.65,88.0,45.875,39.318,42.596,89.505,99.335,0
2025.7.1 0:02,R01,M10,33.243,29.835,31.539,3.6897,3.6576,88.17,45.053,38.583,41.818,90.577,98.822,0
2025.7.1 0:02,R01,M11,33.828,29.254,31.541,3.6871,3.6524,88.07,47.178,39.418,43.298,89.937,99.221,0
2025.7.1 0:02,R01,M01,32.118,27.397,29.758,3.6722,3.6468,87.83,41.527,33.435,37.481,92.207,99.013,0
2025.7.1 0:02,R01,M02,32.183,27.853,30.018,3.6794,3.6445,87.89,42.505,35.68,39.093,92.696,99.319,0
2025.7.1 0:02,R01,M03,30.98,28.229,29.605,3.6813,3.6468,87.94,43.247,35.445,39.346,92.465,98.57,0
2025.7.1 0:02,R01,M04,32.112,28.527,30.32,3.6799,3.6538,88.0,42.058,36.166,39.112,90.93,99.324,0
2025.7.1 0:02,R01,M05,31.791,28.364,30.078,3.6808,3.6485,87.95,44.208,37.104,40.656,90.545,99.252,0
2025.7.1 0:02,R01,M06,32.788,28.853,30.82,3.6842,3.6478,87.98,45.546,37.718,41.632,91.152,99.449,0
2025.7.1 0:02,R01,M07,32.76,28.968,30.864,3.6817,3.6484,87.96,44.48,38.044,41.262,90.685,98.667,0
2025.7.1 0:02,R01,M08,46.198,32.752,36.154,3.7116,3.263,87.88,46.58,20.971,32.966,57.0,56.592,0
2025.7.1 0:02,R01,M09,32.773,28.85,30.812,3.6849,3.6572,88.11,44.808,37.772,41.29,89.839,99.031,0
2025.7.1 0:02,R01,M10,32.971,29.474,31.222,3.6839,3.6594,88.12,47.392,38.893,43.142,90.114,98.907,0
2025.7.1 0:02,R01,M11,32.925,29.545,31.235,3.6844,3.66,88.13,45.602,39.399,42.501,89.65,99.296,0
2025.7.1 0:02,R01,M01,31.386,27.573,29.48,3.6738,3.6498,87.88,42.396,34.555,38.475,90.995,98.745,0
2025.7.1 0:02,R01,M02,30.909,27.727,29.318,3.6749,3.6449,87.84,42.88,35.985,39.433,91.984,99.389,0
2025.7.1 0:02,R01,M03,30.95,28.245,29.598,3.6795,3.6496,87.95,42.995,34.233,38.614,91.713,98.581,0
2025.7.1 0:02,R01,M04,32.523,28.554,30.538,3.6752,3.6505,87.91,42.346,34.111,38.228,92.103,99.0,0
2025.7.1 0:02,R01,M05,31.943,28.439,30.191,3.682,3.6533,88.02,43.047,34.606,38.826,90.678,99.283,0
2025.7.1 0:02,R01,M06,32.919,28.926,30.922,3.6786,3.6485,87.93,44.48,37.439,40.959,92.081,99.154,0
2025.7.1 0:02,R01,M07,32.755,28.862,30.809,3.6852,3.6542,88.07,45.332,36.645,40.989,90.006,98.887,0
2025.7.1 0:02,R01,M08,46.173,32.023,36.979,3.7285,3.2606,87.61,46.497,23.892,32.43,57.865,57.726,0
2025.7.1 0:02,R01,M09,33.553,29.399,31.476,3.6866,3.6559,88.11,45.169,37.031,41.1,89.68,98.584,0
2025.7.1 0:02,R01,M10,33.517,29.029,31.273,3.6832,3.6575,88.09,46.374,38.561,42.468,89.559,98.779,0
2025.7.1 0:02,R01,M11,33.571,29.204,31.387,3.685,3.6566,88.1,46.09,40.074,43.082,89.901,98.605,0
2025.7.1 0:02,R01,M01,30.466,28.11,29.288,3.6799,3.6495,87.95,41.084,32.648,36.866,91.852,99.379,0
2025.7.1 0:02,R01,M02,31.669,27.956,29.812,3.6733,3.6431,87.8,41.509,34.998,38.254,92.242,98.508,0
2025.7.1 0:02,R01,M03,32.166,27.848,30.007,3.6756,3.6501,87.91,43.914,34.801,39.358,92.35,99.184,0
2025.7.1 0:02,R01,M04,31.797,27.982,29.889,3.6749,3.6472,87.87,42.566,35.423,38.995,90.898,98.784,0
2025.7.1 0:02,R01,M05,31.305,28.729,30.017,3.6816,3.6539,88.03,43.336,35.932,39.634,91.399,98.977,0
2025.7.1 0:02,R01,M06,31.619,28.841,30.23,3.6857,3.6484,88.01,45.555,36.829,41.192,91.21,98.959,0
2025.7.1 0:02,R01,M07,31.997,28.91,30.453,3.6797,3.6569,88.04,45.735,35.509,40.622,89.962,99.12,0
2025.7.1 0:02,R01,M08,45.175,32.108,35.418,3.7297,3.2689,87.9,48.701,21.528,31.095,57.207,59.184,0
2025.7.1 0:02,R01,M09,32.889,29.645,31.267,3.6833,3.6587,88.1,44.935,38.176,41.556,90.313,99.133,0
2025.7.1 0:02,R01,M10,32.194,29.545,30.87,3.6888,3.6579,88.16,46.593,38.172,42.383,90.936,99.484,0
2025.7.1 0:02,R01,M11,33.746,29.567,31.657,3.6892,3.6546,88.13,47.258,38.988,43.123,88.93,98.883,0
2025.7.1 0:02,R01,M01,31.119,27.543,29.331,3.6755,3.6449,87.84,42.977,33.917,38.447,91.189,99.309,0
2025.7.1 0:02,R01,M02,30.521,27.615,29.068,3.6815,3.6508,87.99,42.495,34.438,38.466,92.599,99.144,0
2025.7.1 0:02,R01,M03,32.452,28.471,30.462,3.6792,3.6495,87.94,43.775,35.039,39.407,92.268,98.73,0
2025.7.1 0:02,R01,M04,32.635,28.746,30.691,3.6833,3.6457,87.95,43.718,35.965,39.842,91.443,99.46,0
2025.7.1 0:02,R01,M05,31.711,28.098,29.904,3.6757,3.6532,87.95,44.759,35.508,40.133,90.494,99.08,0
2025.7.1 0:02,R01,M06,31.443,28.45,29.947,3.68,3.6524,87.99,44.664,36.901,40.782,90.653,98.948,0
2025.7.1 0:02,R01,M07,33.33,29.037,31.183,3.6848,3.6552,88.08,45.219,36.726,40.972,90.942,98.854,0
2025.7.1 0:02,R01,M08,45.338,31.773,35.846,3.7227,3.2558,87.9,48.083,21.004,32.889,57.249,57.195,0
2025.7.1 0:02,R01,M09,32.232,29.598,30.915,3.684,3.6505,88.01,46.196,39.324,42.76,90.857,99.286,0
2025.7.1 0:02,R01,M10,33.329,29.714,31.521,3.6803,3.6566,88.04,46.748,38.497,42.623,90.51,99.097,0
2025.7.1 0:02,R01,M11,33.519,29.676,31.597,3.687,3.6543,88.1,47.917,38.882,43.4,89.798,99.157,0
2025.7.1 0:02,R01,M01,32.099,27.643,29.871,3.6721,3.6456,87.81,41.817,35.289,38.553,91.277,99.062,0
2025.7.1 0:02,R01,M02,30.71,28.317,29.514,3.6789,3.6459,87.9,41.382,33.374,37.378,91.385,99.146,0
2025.7.1 0:02,R01,M03,32.308,28.451,30.38,3.6772,3.6484,87.91,41.877,36.128,39.002,90.802,99.043,0
2025.7.1 0:02,R01,M04,31.506,28.702,30.104,3.6829,3.6467,87.96,44.195,36.408,40.302,91.872,99.005,0
2025.7.1 0:02,R01,M05,32.177,28.263,30.22,3.6755,3.6479,87.88,45.433,34.673,40.053,91.062,98.876,0
2025.7.1 0:02,R01,M06,32.441,28.297,30.369,3.6841,3.6546,88.06,44.588,37.544,41.066,92.104,99.129,0
2025.7.1 0:02,R01,M07,32.872,29.001,30.937,3.6786,3.6568,88.02,44.373,36.374,40.373,90.21,99.469,0
2025.7.1 0:02,R01,M08,46.276,32.45,35.355,3.7182,3.2715,87.88,49.647,24.431,31.005,57.725,56.334,0
2025.7.1 0:02,R01,M09,32.171,28.936,30.553,3.6819,3.6574,88.07,46.961,37.945,42.453,89.929,99.37,0
2025.7.1 0:02,R01,M10,32.765,29.479,31.122,3.6808,3.6565,88.05,45.549,37.178,41.364,90.701,99.255,0
2025.7.1 0:02,R01,M11,33.64,29.983,31.812,3.682,3.6516,88.0,48.42,39.651,44.035,89.066,98.842,0
2025.7.1 0:02,R01,M01,31.197,28.01,29.604,3.6798,3.6486,87.94,40.57,32.787,36.678,91.453,99.282,0
2025.7.1 0:02,R01,M02,30.778,27.453,29.115,3.6818,3.6456,87.93,42.224,33.322,37.773,92.3,99.459,0
2025.7.1 0:02,R01,M03,32.451,28.171,30.311,3.6789,3.6484,87.93,43.458,33.593,38.526,91.697,99.139,0
2025.7.1 0:02,R01,M04,32.418,28.597,30.508,3.6753,3.6482,87.88,42.85,35.81,39.33,91.488,98.556,0
2025.7.1 0:02,R01,M05,31.563,28.26,29.912,3.6806,3.6498,87.96,43.203,36.642,39.922,91.721,99.239,0
2025.7.1 0:02,R01,M06,32.377,28.29,30.334,3.6801,3.6501,87.96,45.476,37.576,41.526,90.86,99.208,0
2025.7.1 0:02,R01,M07,31.67,28.446,30.058,3.6797,3.6523,87.98,44.351,37.325,40.838,91.581,99.097,0
2025.7.1 0:02,R01,M08,47.622,32.987,36.487,3.729,3.2449,87.74,48.548,24.912,32.324,56.175,59.739,0
2025.7.1 0:02,R01,M09,33.452,29.027,31.239,3.6885,3.6505,88.07,46.233,38.208,42.221,90.578,98.798,0
2025.7.1 0:02,R01,M10,33.846,29.62,31.733,3.6867,3.6568,88.12,46.387,39.598,42.992,90.545,98.916,0
2025.7.1 0:02,R01,M11,32.747,29.443,31.095,3.6843,3.6554,88.08,46.766,39.22,42.993,90.434,98.676,0
2025.7.1 0:02,R01,M01,30.614,27.956,29.285,3.6792,3.6475,87.92,43.383,33.417,38.4,92.078,99.159,0
2025.7.1 0:02,R01,M02,31.368,27.545,29.456,3.6732,3.6482,87.86,43.14,35.356,39.248,92.249,99.057,0
2025.7.1 0:02,R01,M03,31.378,28.147,29.762,3.6759,3.6527,87.94,43.714,35.779,39.746,92.378,98.989,0
2025.7.1 0:02,R01,M04,31.654,28.338,29.996,3.6743,3.6455,87.84,42.12,36.504,39.312,90.811,99.095,0
2025.7.1 0:02,R01,M05,31.117,28.951,30.034,3.6767,3.6547,87.98,43.784,35.545,39.665,91.717,98.619,0
2025.7.1 0:02,R01,M06,32.446,28.267,30.356,3.6774,3.6478,87.9,45.361,35.435,40.398,91.92,99.446,0
2025.7.1 0:02,R01,M07,32.968,28.809,30.889,3.6869,3.6481,88.02,45.867,37.275,41.571,90.09,99.081,0
2025.7.1 0:02,R01,M08,45.25,31.29,36.127,3.7245,3.2987,87.4,47.955,22.822,31.903,56.885,57.617,0
2025.7.1 0:02,R01,M09,31.956,29.098,30.527,3.6824,3.6539,88.04,45.589,38.419,42.004,90.46,98.754,0
2025.7.1 0:02,R01,M10,33.99,29.162,31.576,3.6804,3.6555,88.03,46.513,37.156,41.834,90.405,98.915,0
2025.7.1 0:02,R01,M11,33.62,29.605,31.612,3.6813,3.6546,88.03,46.487,39.057,42.772,89.574,98.701,0
2025.7.1 0:02,R01,M01,30.43,27.391,28.91,3.6743,3.6469,87.85,42.527,33.852,38.189,90.998,98.571,0
2025.7.1 0:02,R01,M02,32.034,27.765,29.899,3.6735,3.6461,87.84,42.789,35.513,39.151,90.926,98.906,0
2025.7.1 0:02,R01,M03,30.809,28.275,29.542,3.6747,3.6473,87.86,43.336,34.506,38.921,92.447,99.02,0
2025.7.1 0:02,R01,M04,31.542,28.481,30.012,3.6772,3.6489,87.91,43.909,36.049,39.979,91.823,98.513,0
2025.7.1 0:02,R01,M05,31.885,28.84,30.363,3.6848,3.6452,87.96,43.359,34.721,39.04,91.016,98.601,0
2025.7.1 0:02,R01,M06,32.317,28.587,30.452,3.6837,3.6529,88.04,43.175,35.098,39.136,92.03,98.925,0
2025.7.1 0:02,R01,M07,32.374,29.241,30.808,3.6773,3.6528,87.96,43.746,38.102,40.924,89.792,99.106,0
2025.7.1 0:02,R01,M08,44.917,32.349,36.975,3.7275,3.2612,87.46,48.839,24.874,33.475,56.344,57.51,0
2025.7.1 0:02,R01,M09,32.119,29.02,30.569,3.6855,3.6562,88.1,44.795,37.76,41.278,90.782,99.174,0
2025.7.1 0:02,R01,M10,32.747,29.28,31.014,3.6819,3.6524,88.01,47.446,39.753,43.599,89.258,99.009,0
2025.7.1 0:02,R01,M11,34.095,29.662,31.878,3.6811,3.6581,88.07,47.471,38.088,42.779,88.482,99.473,0
2025.7.1 0:02,R01,M01,31.483,27.489,29.486,3.6713,3.6434,87.78,40.78,35.131,37.956,91.936,99.149,0
2025.7.1 0:02,R01,M02,31.25,27.551,29.401,3.6815,3.6443,87.91,41.28,34.186,37.733,92.224,98.553,0
2025.7.1 0:02,R01,M03,31.795,28.328,30.062,3.6817,3.6509,87.99,42.926,34.488,38.707,91.854,99.055,0
2025.7.1 0:02,R01,M04,31.352,28.746,30.049,3.6767,3.6521,87.95,42.066,36.033,39.05,90.771,99.209,0
2025.7.1 0:02,R01,M05,31.111,28.226,29.669,3.6817,3.646,87.93,44.413,36.917,40.665,91.526,99.455,0
2025.7.1 0:02,R01,M06,32.884,28.376,30.63,3.6771,3.652,87.95,43.841,37.885,40.863,91.597,99.452,0
2025.7.1 0:02,R01,M07,32.431,28.602,30.517,3.6809,3.6495,87.96,45.653,35.904,40.779,89.794,98.946,0
2025.7.1 0:02,R01,M08,47.42,31.824,36.872,3.7202,3.2859,87.48,46.178,23.389,31.02,57.492,56.209,0
2025.7.1 0:02,R01,M09,32.053,29.587,30.82,3.6873,3.6578,88.14,46.346,37.663,42.004,90.566,98.56,0
2025.7.1 0:02,R01,M10,33.277,29.99,31.633,3.6832,3.6593,88.11,46.669,38.269,42.469,89.969,98.99,0
2025.7.1 0:02,R01,M11,34.134,29.787,31.96,3.6819,3.6517,88.0,47.441,39.818,43.63,89.867,99.398,0
2025.7.1 0:02,R01,M01,30.878,27.613,29.245,3.6759,3.6506,87.92,42.352,33.118,37.735,92.24,98.831,0
2025.7.1 0:02,R01,M02,31.105,27.741,29.423,3.6755,3.6512,87.92,42.082,35.026,38.554,91.042,99.463,0
2025.7.1 0:02,R01,M03,30.925,27.78,29.352,3.6761,3.6468,87.87,42.798,33.915,38.356,92.133,99.318,0
2025.7.1 0:02,R01,M04,32.082,28.314,30.198,3.678,3.6461,87.89,42.977,36.348,39.662,91.918,99.491,0
2025.7.1 0:02,R01,M05,32.656,28.052,30.354,3.6817,3.6538,88.03,45.165,37.171,41.168,91.414,98.866,0
2025.7.1 0:02,R01,M06,33.172,28.965,31.069,3.682,3.6555,88.05,44.779,36.494,40.636,90.405,99.088,0
2025.7.1 0:02,R01,M07,32.326,28.679,30.502,3.6838,3.6506,88.01,44.185,37.499,40.842,91.046,99.135,0
2025.7.1 0:02,R01,M08,46.766,32.507,36.859,3.7131,3.274,87.76,48.201,25.242,31.139,56.759,59.406,0
2025.7.1 0:02,R01,M09,33.455,29.656,31.555,3.6886,3.6505,88.07,45.133,37.532,41.332,90.728,99.403,0
2025.7.1 0:02,R01,M10,33.348,29.731,31.54,3.6806,3.6505,87.97,45.303,39.028,42.165,90.745,98.839,0
2025.7.1 0:02,R01,M11,32.848,29.673,31.261,3.6869,3.659,88.15,45.781,39.701,42.741,88.417,98.639,0
2025.7.1 0:02,R01,M01,31.717,27.925,29.821,3.6795,3.651,87.97,42.461,35.233,38.847,91.917,98.835,0
2025.7.1 0:02,R01,M02,30.45,28.148,29.299,3.6727,3.645,87.81,42.339,35.397,38.868,91.231,98.918,0
2025.7.1 0:02,R01,M03,30.701,27.936,29.319,3.6786,3.6509,87.95,42.392,34.05,38.221,92.354,99.121,0
2025.7.1 0:02,R01,M04,31.971,28.306,30.139,3.6746,3.6513,87.91,43.066,36.26,39.663,92.446,99.251,0
2025.7.1 0:02,R01,M05,31.99,28.195,30.093,3.6753,3.6521,87.93,45.249,35.85,40.55,92.142,99.381,0
2025.7.1 0:02,R01,M06,32.187,29.198,30.692,3.6781,3.6489,87.92,45.52,35.253,40.386,90.71,98.835,0
2025.7.1 0:02,R01,M07,32.369,28.973,30.671,3.6848,3.6565,88.1,44.962,38.011,41.487,90.631,99.494,0
2025.7.1 0:02,R01,M08,45.576,31.031,36.982,3.7242,3.2623,87.23,47.154,24.217,33.842,56.558,59.001,0
2025.7.1 0:02,R01,M09,33.169,29.391,31.28,3.6795,3.6574,88.04,45.203,39.07,42.136,90.518,99.197,0
2025.7.1 0:02,R01,M10,32.267,29.689,30.978,3.6836,3.6573,88.09,46.772,38.051,42.412,90.633,99.471,0
2025.7.1 0:02,R01,M11,33.039,29.987,31.513,3.6888,3.6593,88.18,46.37,39.336,42.853,89.415,99.068,0
2025.7.1 0:02,R01,M01,31.271,28.026,29.648,3.6789,3.6496,87.94,42.275,34.189,38.232,91.457,99.247,0
2025.7.1 0:02,R01,M02,31.803,27.534,29.669,3.6727,3.6461,87.83,41.568,35.607,38.587,91.815,98.654,0
2025.7.1 0:02,R01,M03,31.11,27.631,29.37,3.6775,3.6497,87.93,43.727,34.958,39.343,90.696,98.813,0
2025.7.1 0:02,R01,M04,31.664,27.921,29.793,3.6769,3.6512,87.94,43.592,34.159,38.876,90.608,99.071,0
2025.7.1 0:02,R01,M05,32.276,28.335,30.306,3.6827,3.6457,87.94,43.754,35.247,39.501,90.642,98.712,0
2025.7.1 0:02,R01,M06,33.155,28.686,30.921,3.6846,3.6486,88.0,45.421,37.869,41.645,91.745,99.111,0
2025.7.1 0:02,R01,M07,31.988,28.889,30.438,3.6845,3.6512,88.03,46.434,36.12,41.277,90.306,98.511,0
2025.7.1 0:02,R01,M08,46.778,31.316,35.997,3.722,3.2581,87.5,47.497,24.321,33.096,56.76,58.955,0
2025.7.1 0:02,R01,M09,32.333,29.433,30.883,3.6839,3.6585,88.11,46.091,37.808,41.95,91.005,99.3,0
2025.7.1 0:02,R01,M10,33.359,29.574,31.467,3.6862,3.6562,88.11,47.454,38.495,42.974,89.359,98.785,0
2025.7.1 0:02,R01,M11,33.272,29.273,31.273,3.6838,3.6598,88.12,47.68,38.502,43.091,88.514,98.51,0
2025.7.1 0:02,R01,M01,32.115,27.257,29.686,3.672,3.6471,87.83,43.424,34.98,39.202,91.177,98.847,0
2025.7.1 0:02,R01,M02,32.054,27.926,29.99,3.6742,3.6503,87.89,42.607,34.816,38.712,91.163,99.435,0
2025.7.1 0:02,R01,M03,30.965,28.563,29.764,3.6733,3.6438,87.81,42.619,36.304,39.462,90.746,98.927,0
2025.7.1 0:02,R01,M04,31.167,28.05,29.608,3.6826,3.6469,87.95,43.686,36.416,40.051,91.185,99.139,0
2025.7.1 0:02,R01,M05,32.87,28.724,30.797,3.6804,3.646,87.92,44.8,36.089,40.444,90.462,98.978,0
2025.7.1 0:02,R01,M06,32.317,29.165,30.741,3.6778,3.6498,87.93,44.099,36.014,40.056,90.576,99.031,0
2025.7.1 0:02,R01,M07,32.4,28.694,30.547,3.6792,3.657,88.03,43.839,36.175,40.007,91.105,99.436,0
2025.7.1 0:02,R01,M08,45.274,32.945,35.541,3.7178,3.2832,87.21,47.836,25.1,33.886,57.061,56.18,0
2025.7.1 0:02,R01,M09,33.711,29.071,31.391,3.6855,3.6587,88.13,45.53,37.504,41.517,89.83,99.193,0
2025.7.1 0:02,R01,M10,33.378,29.608,31.493,3.6891,3.6592,88.18,45.297,38.679,41.988,89.55,98.833,0
2025.7.1 0:02,R01,M11,32.374,29.248,30.811,3.6865,3.6565,88.12,45.539,38.238,41.889,88.287,98.622,0
2025.7.1 0:02,R01,M01,30.775,27.69,29.233,3.6721,3.6486,87.85,41.262,32.925,37.093,91.731,99.105,0
2025.7.1 0:02,R01,M02,31.611,27.857,29.734,3.6782,3.645,87.88,43.84,33.29,38.565,91.591,99.267,0
2025.7.1 0:02,R01,M03,31.18,28.387,29.784,3.674,3.6455,87.83,42.725,34.614,38.669,91.303,99.089,0
2025.7.1 0:02,R01,M04,31.159,28.439,29.799,3.679,3.6477,87.92,44.395,34.83,39.612,91.626,98.628,0
2025.7.1 0:02,R01,M05,31.174,28.423,29.798,3.6782,3.6514,87.96,43.824,35.535,39.679,90.709,98.697,0
2025.7.1 0:02,R01,M06,32.31,28.621,30.465,3.6811,3.6522,88.0,44.006,36.653,40.329,91.588,99.106,0
2025.7.1 0:02,R01,M07,32.865,29.3,31.083,3.6823,3.6558,88.06,43.572,37.016,40.294,90.599,99.351,0
2025.7.1 0:02,R01,M08,46.739,32.495,35.693,3.7251,3.2438,87.91,49.739,25.488,31.4,55.943,58.961,0
2025.7.1 0:02,R01,M09,32.17,29.475,30.823,3.6809,3.6517,87.99,45.567,36.823,41.195,90.934,98.993,0
2025.7.1 0:02,R01,M10,33.104,29.603,31.354,3.6834,3.6585,88.1,46.259,37.214,41.736,90.344,99.153,0
2025.7.1 0:02,R01,M11,33.994,29.508,31.751,3.6851,3.6552,88.08,46.987,37.911,42.449,88.353,99.226,0
2025.7.1 0:02,R01,M01,31.787,27.961,29.874,3.6794,3.6418,87.85,41.85,32.718,37.284,91.461,98.561,0
2025.7.1 0:02,R01,M02,32.339,28.17,30.255,3.6727,3.6441,87.8,43.904,35.486,39.695,91.689,98.524,0
2025.7.1 0:02,R01,M03,32.505,27.797,30.151,3.677,3.6513,87.94,43.492,33.984,38.738,91.367,99.144,0
2025.7.1 0:02,R01,M04,31.55,28.733,30.142,3.6779,3.6537,87.98,42.642,35.955,39.299,91.177,98.512,0
2025.7.1 0:02,R01,M05,32.469,28.545,30.507,3.6787,3.6514,87.96,43.188,34.916,39.052,90.693,98.537,0
2025.7.1 0:02,R01,M06,31.668,28.878,30.273,3.6767,3.6485,87.9,45.986,37.448,41.717,91.521,98.689,0
2025.7.1 0:02,R01,M07,32.932,28.403,30.668,3.6835,3.6477,87.97,44.402,37.419,40.91,91.478,99.2,0
2025.7.1 0:02,R01,M08,46.648,32.612,35.676,3.7203,3.2495,87.6,46.782,22.83,33.316,56.147,58.437,0
2025.7.1 0:02,R01,M09,33.538,29.534,31.536,3.6864,3.6544,88.09,47.457,36.668,42.062,89.337,99.35,0
2025.7.1 0:02,R01,M10,32.11,29.903,31.006,3.6863,3.651,88.05,47.199,37.049,42.124,90.079,99.209,0
2025.7.1 0:02,R01,M11,33.948,30.009,31.979,3.691,3.654,88.14,45.502,37.806,41.654,88.648,98.884,0
2025.7.1 0:02,R01,M01,31.306,27.539,29.422,3.6711,3.6459,87.8,42.164,33.361,37.763,91.649,99.005,0
2025.7.1 0:02,R01,M02,31.131,27.703,29.417,3.679,3.6461,87.9,43.277,34.552,38.915,91.089,99.143,0
2025.7.1 0:02,R01,M03,32.263,28.571,30.417,3.6769,3.645,87.86,43.379,35.869,39.624,90.741,98.637,0
2025.7.1 0:02,R01,M04,31.563,28.542,30.053,3.6838,3.6483,87.99,44.507,34.171,39.339,92.331,99.039,0
2025.7.1 0:02,R01,M05,31.182,28.62,29.901,3.6817,3.654,88.03,43.046,36.181,39.614,90.993,98.855,0
2025.7.1 0:02,R01,M06,33.153,28.231,30.692,3.6842,3.6552,88.07,43.348,37.434,40.391,90.864,99.431,0
2025.7.1 0:02,R01,M07,33.064,28.862,30.963,3.684,3.651,88.02,44.272,37.817,41.044,90.364,98.744,0
2025.7.1 0:02,R01,M08,44.572,32.422,37.16,3.7118,3.2735,87.25,48.233,22.385,33.722,55.872,58.548,0
2025.7.1 0:02,R01,M09,32.115,28.843,30.479,3.6801,3.6544,88.01,45.066,36.563,40.815,90.71,98.97,0
2025.7.1 0:02,R01,M10,33.021,29.96,31.491,3.6861,3.6538,88.08,45.43,38.771,42.1,88.768,98.748,0
2025.7.1 0:02,R01,M11,32.633,30.116,31.375,3.684,3.6565,88.09,47.657,38.11,42.883,89.098,99.036,0
2025.7.1 0:02,R01,M01,31.15,27.645,29.398,3.6724,3.6452,87.81,43.243,33.437,38.34,92.485,98.896,0
2025.7.1 0:02,R01,M02,30.575,27.706,29.14,3.6737,3.6502,87.89,43.829,33.448,38.639,91.652,99.108,0
2025.7.1 0:02,R01,M03,30.985,28.279,29.632,3.6792,3.6452,87.89,44.387,34.406,39.397,91.476,99.33,0
2025.7.1 0:02,R01,M04,32.59,28.651,30.62,3.6818,3.6469,87.94,43.031,36.978,40.005,90.529,98.894,0
2025.7.1 0:02,R01,M05,31.729,28.288,30.008,3.6799,3.6541,88.01,44.732,35.336,40.034,90.333,98.976,0
2025.7.1 0:02,R01,M06,32.292,29.02,30.656,3.6797,3.6516,87.98,43.977,37.892,40.934,91.116,98.649,0
2025.7.1 0:02,R01,M07,31.536,29.186,30.361,3.6787,3.6516,87.96,44.221,36.647,40.434,89.795,99.314,0
2025.7.1 0:02,R01,M08,44.093,31.877,36.574,3.7229,3.2468,87.8,46.108,23.394,32.572,56.027,56.408,0
2025.7.1 0:02,R01,M09,32.436,29.524,30.98,3.6821,3.6582,88.08,45.299,37.95,41.624,89.419,98.933,0
2025.7.1 0:02,R01,M10,32.477,29.987,31.232,3.6866,3.651,88.05,46.272,38.369,42.32,88.493,99.119,0
2025.7.1 0:02,R01,M11,33.99,29.62,31.805,3.6884,3.6567,88.14,45.571,37.876,41.724,89.478,98.737,0
2025.7.1 0:02,R01,M01,30.477,27.76,29.119,3.6718,3.6494,87.85,42.62,33.513,38.066,92.559,98.625,0
2025.7.1 0:02,R01,M02,32.321,28.374,30.347,3.6728,3.6516,87.89,43.96,33.93,38.945,91.743,98.78,0
2025.7.1 0:02,R01,M03,31.339,28.549,29.944,3.6821,3.6479,87.96,44.055,36.333,40.194,91.988,99.02,0
2025.7.1 0:02,R01,M04,32.434,27.972,30.203,3.682,3.6523,88.01,43.161,34.385,38.773,90.382,99.195,0
2025.7.1 0:02,R01,M05,31.341,28.931,30.136,3.6802,3.6535,88.0,45.311,35.274,40.293,90.267,98.808,0
2025.7.1 0:02,R01,M06,33.134,28.602,30.868,3.6813,3.6487,87.96,43.388,36.635,40.011,91.183,98.963,0
2025.7.1 0:02,R01,M07,32.772,29.174,30.973,3.685,3.6471,87.99,44.192,36.69,40.441,90.615,99.19,0
2025.7.1 0:02,R01,M08,46.882,32.138,36.467,3.7299,3.2453,87.31,47.588,22.831,32.014,56.9,56.764,0
2025.7.1 0:02,R01,M09,33.224,29.325,31.274,3.6872,3.6543,88.1,47.179,39.087,43.133,90.687,99.45,0
2025.7.1 0:02,R01,M10,33.214,29.896,31.555,3.6827,3.6564,88.07,45.304,37.183,41.243,90.239,99.097,0
2025.7.1 0:02,R01,M11,33.79,29.383,31.587,3.684,3.6558,88.08,48.301,38.006,43.154,89.572,98.974,0
2025.7.1 0:02,R01,M01,31.299,27.808,29.553,3.6797,3.6445,87.89,42.49,35.223,38.856,92.689,98.972,0
2025.7.1 0:02,R01,M02,32.186,27.717,29.951,3.6819,3.6437,87.91,41.407,35.131,38.269,92.387,98.574,0
2025.7.1 0:02,R01,M03,31.917,27.658,29.788,3.6818,3.6513,88.0,42.175,35.492,38.834,91.549,98.811,0
2025.7.1 0:02,R01,M04,31.394,28.489,29.941,3.6767,3.6523,87.95,44.167,35.948,40.058,92.041,99.066,0
2025.7.1 0:02,R01,M05,31.525,28.235,29.88,3.6796,3.6477,87.93,42.715,36.453,39.584,92.017,99.432,0
2025.7.1 0:02,R01,M06,31.381,28.751,30.066,3.6851,3.6522,88.05,44.251,36.788,40.519,91.239,98.839,0
2025.7.1 0:02,R01,M07,33.345,28.581,30.963,3.6789,3.6501,87.95,43.801,37.236,40.519,89.6,99.472,0
2025.7.1 0:02,R01,M08,46.603,31.051,37.263,3.7181,3.2315,87.29,47.898,23.245,31.85,56.012,58.98,0
2025.7.1 0:02,R01,M09,33.659,29.46,31.559,3.686,3.6574,88.12,47.13,39.306,43.218,90.373,98.802,0
2025.7.1 0:02,R01,M10,33.631,29.862,31.746,3.6831,3.6593,88.11,46.768,38.627,42.698,88.665,99.033,0
2025.7.1 0:02,R01,M11,33.421,29.61,31.515,3.6828,3.6607,88.12,45.69,39.306,42.498,88.794,99.142,0
2025.7.1 0:02,R01,M01,30.986,27.882,29.434,3.6732,3.6487,87.86,41.996,33.536,37.766,92.332,99.236,0
2025.7.1 0:02,R01,M02,31.95,28.292,30.121,3.6772,3.6472,87.89,41.793,35.673,38.733,90.75,99.483,0
2025.7.1 0:02,R01,M03,31.362,28.435,29.898,3.6826,3.6501,87.99,44.386,33.853,39.12,91.144,98.581,0
2025.7.1 0:02,R01,M04,32.177,27.874,30.026,3.6838,3.6477,87.98,43.274,36.131,39.703,91.514,99.232,0
2025.7.1 0:02,R01,M05,32.484,28.892,30.688,3.6788,3.6541,87.99,44.61,36.783,40.697,90.813,98.554,0
2025.7.1 0:02,R01,M06,32.544,28.789,30.666,3.6834,3.6518,88.02,45.717,35.935,40.826,90.69,98.737,0
2025.7.1 0:02,R01,M07,31.623,29.023,30.323,3.683,3.6531,88.03,45.689,37.992,41.84,89.62,98.918,0
2025.7.1 0:02,R01,M08,45.534,32.223,36.303,3.7125,3.2458,87.87,46.619,24.6,33.616,54.915,56.302,0
2025.7.1 0:02,R01,M09,31.916,29.329,30.623,3.6847,3.6525,88.05,45.128,37.712,41.42,89.732,99.42,0
2025.7.1 0:02,R01,M10,32.655,29.159,30.907,3.6857,3.6549,88.09,46.751,39.308,43.029,89.147,98.846,0
2025.7.1 0:02,R01,M11,33.701,29.858,31.779,3.6859,3.6584,88.13,47.444,38.32,42.882,88.501,98.966,0
2025.7.1 0:03,R01,M01,31.856,28.129,29.992,3.6755,3.6453,87.85,41.997,34.506,38.252,92.752,98.973,0
2025.7.1 0:03,R01,M02,31.543,28.158,29.851,3.6807,3.6479,87.94,42.43,34.387,38.409,91.644,99.246,0
2025.7.1 0:03,R01,M03,32.291,27.602,29.947,3.6799,3.6478,87.93,43.528,35.987,39.758,92.144,99.465,0
2025.7.1 0:03,R01,M04,31.964,28.463,30.213,3.6833,3.6507,88.01,44.01,34.852,39.431,90.862,99.263,0
2025.7.1 0:03,R01,M05,31.372,28.856,30.114,3.6849,3.6455,87.96,44.726,35.47,40.098,90.373,98.894,0
2025.7.1 0:03,R01,M06,33.026,28.747,30.887,3.6792,3.6526,87.98,45.223,36.349,40.786,90.325,99.067,0
2025.7.1 0:03,R01,M07,31.617,28.765,30.191,3.6826,3.6568,88.07,44.973,35.589,40.281,90.88,98.696,0
2025.7.1 0:03,R01,M08,44.873,31.018,35.452,3.7276,3.2858,87.89,47.317,25.873,30.835,56.658,57.64,0
2025.7.1 0:03,R01,M09,32.649,28.994,30.822,3.6831,3.6574,88.09,44.526,38.796,41.661,90.639,99.392,0
2025.7.1 0:03,R01,M10,32.134,29.628,30.881,3.6807,3.6567,88.05,47.782,39.196,43.489,88.746,99.189,0
2025.7.1 0:03,R01,M11,33.782,29.259,31.52,3.6855,3.6547,88.08,47.236,37.816,42.526,89.169,99.32,0
2025.7.1 0:03,R01,M01,31.185,27.573,29.379,3.6752,3.6454,87.85,42.629,34.073,38.351,91.476,99.377,0
2025.7.1 0:03,R01,M02,32.231,28.355,30.293,3.675,3.6432,87.82,41.637,34.157,37.897,90.664,99.027,0
2025.7.1 0:03,R01,M03,31.352,28.06,29.706,3.6743,3.6465,87.85,42.044,33.508,37.776,92.168,98.765,0
2025.7.1 0:03,R01,M04,31.087,28.103,29.595,3.6759,3.651,87.92,43.296,35.009,39.153,90.438,99.182,0
2025.7.1 0:03,R01,M05,31.977,28.062,30.02,3.6833,3.6457,87.95,43.514,35.063,39.288,90.116,98.836,0
2025.7.1 0:03,R01,M06,32.398,29.06,30.729,3.6856,3.6477,88.0,44.358,35.646,40.002,90.671,99.111,0
2025.7.1 0:03,R01,M07,32.918,28.747,30.832,3.6857,3.6508,88.04,46.019,36.093,41.056,90.554,99.207,0
2025.7.1 0:03,R01,M08,44.458,31.533,36.687,3.7194,3.2414,87.33,48.649,25.558,34.276,55.005,56.331,0
2025.7.1 0:03,R01,M09,32.134,29.591,30.863,3.6844,3.6528,88.05,47.242,39.268,43.255,90.513,99.268,0
2025.7.1 0:03,R01,M10,33.903,29.139,31.521,3.6835,3.6557,88.07,47.75,39.591,43.671,89.068,99.49,0
2025.7.1 0:03,R01,M11,32.364,29.511,30.938,3.6846,3.6512,88.03,47.172,38.179,42.675,89.226,99.471,0
2025.7.1 0:03,R01,M01,31.827,27.438,29.633,3.6768,3.6445,87.86,41.302,33.088,37.195,91.134,99.204,0
2025.7.1 0:03,R01,M02,31.738,27.494,29.616,3.6755,3.6465,87.86,43.359,35.885,39.622,91.355,98.567,0
2025.7.1 0:03,R01,M03,32.209,28.363,30.286,3.6811,3.6491,87.96,41.515,34.198,37.856,91.412,99.137,0
2025.7.1 0:03,R01,M04,31.065,28.603,29.834,3.6824,3.6507,88.0,43.741,34.103,38.922,90.256,98.818,0
2025.7.1 0:03,R01,M05,31.802,28.819,30.31,3.6817,3.6544,88.03,43.005,35.885,39.445,91.851,98.826,0
2025.7.1 0:03,R01,M06,31.489,28.468,29.979,3.6855,3.655,88.09,45.778,36.865,41.322,91.008,99.113,0
2025.7.1 0:03,R01,M07,32.095,28.67,30.383,3.6843,3.6522,88.04,45.133,36.025,40.579,90.811,99.054,0
2025.7.1 0:03,R01,M08,45.443,32.028,36.376,3.7112,3.2795,87.27,49.663,23.612,34.325,54.631,59.542,0
2025.7.1 0:03,R01,M09,33.603,29.41,31.507,3.6863,3.6579,88.13,46.053,37.129,41.591,89.665,99.497,0
2025.7.1 0:03,R01,M10,33.128,29.595,31.361,3.6801,3.6554,88.03,45.534,38.227,41.88,88.346,98.64,0
2025.7.1 0:03,R01,M11,32.822,29.485,31.154,3.6899,3.6511,88.09,46.48,37.861,42.17,88.526,99.274,0
2025.7.1 0:03,R01,M01,32.12,27.222,29.671,3.675,3.6431,87.82,40.711,34.407,37.559,91.487,99.025,0
2025.7.1 0:03,R01,M02,31.828,27.53,29.679,3.6797,3.6509,87.97,42.261,34.227,38.244,90.99,98.697,0
2025.7.1 0:03,R01,M03,30.849,27.829,29.339,3.6819,3.6516,88.0,42.891,36.257,39.574,91.342,99.457,0
2025.7.1 0:03,R01,M04,31.556,28.016,29.786,3.6838,3.6492,88.0,43.275,34.445,38.86,91.125,99.221,0
2025.7.1 0:03,R01,M05,31.094,28.485,29.79,3.6792,3.6467,87.91,43.057,35.767,39.412,90.643,99.357,0
2025.7.1 0:03,R01,M06,32.55,29.068,30.809,3.6859,3.6466,87.99,45.059,36.241,40.65,90.44,99.407,0
2025.7.1 0:03,R01,M07,32.664,28.83,30.747,3.6803,3.6547,88.02,44.532,35.582,40.057,91.24,99.265,0
2025.7.1 0:03,R01,M08,46.125,32.868,36.821,3.7209,3.2633,87.96,47.953,24.873,31.877,55.816,59.881,0
2025.7.1 0:03,R01,M09,33.093,29.51,31.302,3.6815,3.658,88.07,46.076,37.187,41.632,90.135,98.949,0
2025.7.1 0:03,R01,M10,32.726,29.303,31.014,3.685,3.6504,88.02,47.394,38.483,42.938,88.908,99.263,0
2025.7.1 0:03,R01,M11,32.752,29.294,31.023,3.6877,3.6541,88.1,48.486,38.726,43.606,89.348,98.721,0
2025.7.1 0:03,R01,M01,30.493,27.645,29.069,3.6743,3.6416,87.79,40.531,34.721,37.626,91.25,99.473,0
2025.7.1 0:03,R01,M02,31.743,27.913,29.828,3.6766,3.6436,87.84,41.498,34.729,38.114,92.182,98.779,0
2025.7.1 0:03,R01,M03,31.52,28.142,29.831,3.6742,3.6508,87.9,41.857,34.192,38.025,91.229,99.245,0
2025.7.1 0:03,R01,M04,32.7,28.771,30.736,3.6792,3.6474,87.92,42.776,35.668,39.222,90.562,98.884,0
2025.7.1 0:03,R01,M05,32.38,28.874,30.627,3.677,3.6504,87.93,45.183,36.254,40.718,91.634,99.203,0
2025.7.1 0:03,R01,M06,31.869,28.334,30.102,3.6801,3.6478,87.93,44.374,37.913,41.144,90.006,99.139,0
2025.7.1 0:03,R01,M07,32.169,29.019,30.594,3.6816,3.6529,88.01,43.997,36.159,40.078,90.025,99.157,0
2025.7.1 0:03,R01,M08,44.358,32.746,36.507,3.7163,3.2731,87.21,46.403,24.618,32.795,55.931,56.062,0
2025.7.1 0:03,R01,M09,32.868,29.1,30.984,3.6795,3.6533,87.99,46.115,37.891,42.003,90.509,99.363,0
2025.7.1 0:03,R01,M10,32.688,29.943,31.316,3.6884,3.6578,88.15,45.696,38.437,42.066,89.303,99.451,0
2025.7.1 0:03,R01,M11,33.27,29.279,31.275,3.6813,3.6566,88.05,47.252,38.514,42.883,89.176,98.608,0
2025.7.1 0:03,R01,M01,31.935,27.209,29.572,3.6729,3.6427,87.79,40.763,32.958,36.861,90.775,99.225,0
2025.7.1 0:03,R01,M02,31.028,27.653,29.34,3.6783,3.6477,87.91,43.178,34.242,38.71,91.733,98.722,0
2025.7.1 0:03,R01,M03,30.796,28.024,29.41,3.6746,3.6449,87.83,43.166,34.818,38.992,91.814,98.688,0
2025.7.1 0:03,R01,M04,30.919,28.215,29.567,3.6791,3.6487,87.93,43.186,36.835,40.011,90.755,98.819,0
2025.7.1 0:03,R01,M05,31.421,28.595,30.008,3.6813,3.6545,88.03,44.958,35.827,40.392,91.491,99.268,0
2025.7.1 0:03,R01,M06,32.227,28.43,30.328,3.6802,3.6552,88.02,44.594,36.569,40.582,90.53,99.34,0
2025.7.1 0:03,R01,M07,31.515,28.828,30.172,3.6829,3.6511,88.01,44.685,37.943,41.314,89.293,98.626,0
2025.7.1 0:03,R01,M08,43.72,32.673,36.231,3.7295,3.249,87.27,48.555,26.745,33.378,54.828,57.934,0
2025.7.1 0:03,R01,M09,31.801,29.063,30.432,3.6862,3.6575,88.12,45.413,37.183,41.298,88.598,98.735,0
2025.7.1 0:03,R01,M10,33.87,29.529,31.7,3.6823,3.6597,88.1,45.313,38.068,41.691,89.735,99.169,0
2025.7.1 0:03,R01,M11,33.073,29.583,31.328,3.6816,3.6562,88.05,48.132,40.377,44.255,89.037,99.1,0
2025.7.1 0:03,R01,M01,32.004,27.793,29.898,3.6769,3.6504,87.93,41.233,34.822,38.028,92.197,99.114,0
2025.7.1 0:03,R01,M02,32.06,28.299,30.18,3.678,3.6518,87.96,43.98,33.954,38.967,90.817,98.801,0
2025.7.1 0:03,R01,M03,30.652,28.49,29.571,3.6733,3.6518,87.9,41.514,35.188,38.351,91.177,99.15,0
2025.7.1 0:03,R01,M04,31.15,27.86,29.505,3.6811,3.6484,87.95,44.129,36.283,40.206,91.45,98.849,0
2025.7.1 0:03,R01,M05,32.974,28.403,30.688,3.685,3.6537,88.06,45.441,34.624,40.032,89.976,98.747,0
2025.7.1 0:03,R01,M06,32.06,28.738,30.399,3.6859,3.6496,88.03,45.542,36.919,41.23,90.755,99.147,0
2025.7.1 0:03,R01,M07,32.342,29.027,30.684,3.6867,3.6564,88.12,43.636,38.218,40.927,90.537,98.598,0
2025.7.1 0:03,R01,M08,45.964,32.407,37.216,3.7159,3.2531,87.62,49.022,23.275,31.867,55.924,56.33,0
2025.7.1 0:03,R01,M09,32.742,29.545,31.143,3.6884,3.6581,88.16,47.056,39.449,43.252,90.348,98.503,0
2025.7.1 0:03,R01,M10,33.385,29.179,31.282,3.6854,3.6589,88.13,46.301,39.355,42.828,89.248,99.056,0
2025.7.1 0:03,R01,M11,33.82,29.661,31.741,3.686,3.6562,88.11,47.95,39.748,43.849,89.255,98.568,0
2025.7.1 0:03,R01,M01,32.022,28.173,30.097,3.6764,3.646,87.87,41.115,34.788,37.951,90.78,99.388,0
2025.7.1 0:03,R01,M02,30.53,28.31,29.42,3.6723,3.6501,87.87,42.491,33.775,38.133,91.222,99.19,0
2025.7.1 0:03,R01,M03,32.299,27.931,30.115,3.6822,3.6446,87.92,42.941,34.46,38.701,91.049,98.795,0
2025.7.1 0:03,R01,M04,32.491,27.829,30.16,3.6768,3.6513,87.94,43.281,35.601,39.441,90.611,98.687,0
2025.7.1 0:03,R01,M05,31.155,28.821,29.988,3.6792,3.6467,87.91,44.46,36.584,40.522,89.872,99.422,0
2025.7.1 0:03,R01,M06,32.797,28.834,30.816,3.6799,3.6527,87.99,43.075,37.457,40.266,90.735,99.428,0
2025.7.1 0:03,R01,M07,32.748,28.602,30.675,3.6815,3.6495,87.97,44.27,38.088,41.179,89.331,99.015,0
2025.7.1 0:03,R01,M08,44.263,31.441,36.503,3.7197,3.2248,87.69,49.372,26.232,34.747,54.863,56.003,0
2025.7.1 0:03,R01,M09,32.791,28.942,30.866,3.6814,3.6577,88.07,46.768,38.197,42.483,89.326,99.333,0
2025.7.1 0:03,R01,M10,32.994,29.905,31.45,3.6809,3.6564,88.05,45.624,37.61,41.617,89.188,98.617,0
2025.7.1 0:03,R01,M11,32.512,29.821,31.166,3.6887,3.654,88.11,48.149,38.391,43.27,87.784,99.004,0
2025.7.1 0:03,R01,M01,31.304,27.291,29.297,3.6786,3.646,87.9,43.453,33.315,38.384,92.429,99.26,0
2025.7.1 0:03,R01,M02,31.719,27.896,29.808,3.6781,3.6439,87.86,43.914,33.108,38.511,92.155,99.107,0
2025.7.1 0:03,R01,M03,31.25,28.534,29.892,3.6814,3.648,87.95,42.719,35.134,38.927,91.042,99.278,0
2025.7.1 0:03,R01,M04,32.739,28.756,30.747,3.6794,3.649,87.94,44.484,34.994,39.739,91.099,99.096,0
2025.7.1 0:03,R01,M05,32.537,28.198,30.367,3.6837,3.65,88.0,42.626,35.564,39.095,91.5,99.282,0
2025.7.1 0:03,R01,M06,33.031,28.537,30.784,3.6828,3.6516,88.01,45.189,37.932,41.561,90.326,99.378,0
2025.7.1 0:03,R01,M07,32.177,28.873,30.525,3.6781,3.649,87.93,45.623,37.145,41.384,89.292,99.308,0
2025.7.1 0:03,R01,M08,44.513,32.294,36.076,3.7288,3.222,87.14,49.746,24.874,32.873,54.72,59.406,0
2025.7.1 0:03,R01,M09,32.068,29.42,30.744,3.6874,3.6576,88.14,47.446,38.677,43.061,89.814,98.905,0
2025.7.1 0:03,R01,M10,32.634,29.415,31.024,3.6877,3.6549,88.11,47.189,38.267,42.728,89.184,99.067,0
2025.7.1 0:03,R01,M11,33.74,29.646,31.693,3.6905,3.6579,88.18,46.357,38.935,42.646,89.336,98.752,0
2025.7.1 0:03,R01,M01,31.594,27.418,29.506,3.6763,3.6419,87.82,43.415,35.379,39.397,90.818,98.747,0
2025.7.1 0:03,R01,M02,31.4,28.28,29.84,3.6776,3.6427,87.84,41.569,35.708,38.639,92.14,98.992,0
2025.7.1 0:03,R01,M03,30.76,28.117,29.439,3.6822,3.6524,88.02,44.146,33.952,39.049,90.284,98.814,0
2025.7.1 0:03,R01,M04,31.736,27.821,29.779,3.6748,3.6505,87.9,44.985,35.212,40.099,91.925,99.055,0
2025.7.1 0:03,R01,M05,31.773,28.146,29.959,3.6782,3.6508,87.95,44.084,36.165,40.124,90.069,98.883,0
2025.7.1 0:03,R01,M06,31.762,28.951,30.357,3.6829,3.6479,87.97,45.108,36.585,40.846,90.36,99.284,0
2025.7.1 0:03,R01,M07,32.446,29.303,30.874,3.6825,3.6538,88.04,43.677,36.849,40.263,89.779,98.565,0
2025.7.1 0:03,R01,M08,44.99,31.28,36.623,3.721,3.2615,87.34,49.701,24.377,34.213,55.045,56.309,0
2025.7.1 0:03,R01,M09,31.817,29.386,30.602,3.6885,3.6556,88.13,46.611,37.164,41.888,89.87,98.794,0
2025.7.1 0:03,R01,M10,33.846,29.954,31.9,3.681,3.6537,88.02,45.635,39.605,42.62,88.795,99.431,0
2025.7.1 0:03,R01,M11,33.939,29.576,31.758,3.6859,3.6592,88.14,46.215,39.549,42.882,89.137,99.14,0
2025.7.1 0:03,R01,M01,31.736,27.983,29.86,3.6793,3.6414,87.85,42.181,32.65,37.415,90.97,99.261,0
2025.7.1 0:03,R01,M02,32.27,27.802,30.036,3.6782,3.6469,87.9,43.607,33.009,38.308,91.81,98.762,0
2025.7.1 0:03,R01,M03,32.42,27.88,30.15,3.6766,3.652,87.94,43.78,35.023,39.401,91.491,98.616,0
2025.7.1 0:03,R01,M04,32.005,28.232,30.119,3.6789,3.6476,87.92,43.836,34.954,39.395,90.56,99.198,0
2025.7.1 0:03,R01,M05,32.109,28.424,30.267,3.6833,3.6468,87.96,45.046,35.244,40.145,91.395,99.216,0
2025.7.1 0:03,R01,M06,31.499,28.419,29.959,3.6858,3.6553,88.09,43.095,36.971,40.033,90.049,99.056,0
2025.7.1 0:03,R01,M07,33.213,28.954,31.084,3.686,3.6487,88.02,44.48,36.43,40.455,89.453,98.609,0
2025.7.1 0:03,R01,M08,43.656,31.956,36.431,3.7226,3.2245,87.71,48.063,24.737,32.915,55.719,57.219,0
2025.7.1 0:03,R01,M09,33.77,29.314,31.542,3.6824,3.6502,87.99,45.144,37.629,41.386,88.957,99.166,0
2025.7.1 0:03,R01,M10,33.993,29.017,31.505,3.683,3.6525,88.03,45.241,39.309,42.275,89.008,99.176,0
2025.7.1 0:03,R01,M11,33.186,29.418,31.302,3.6843,3.6515,88.03,48.248,39.211,43.73,87.953,99.354,0
2025.7.1 0:03,R01,M01,32.055,27.972,30.014,3.6712,3.6506,87.86,43.276,35.033,39.154,91.125,98.98,0
2025.7.1 0:03,R01,M02,30.932,27.599,29.265,3.678,3.6444,87.87,43.94,35.449,39.694,90.811,99.321,0
2025.7.1 0:03,R01,M03,31.34,28.492,29.916,3.678,3.6515,87.95,42.374,34.117,38.245,90.324,98.823,0
2025.7.1 0:03,R01,M04,31.213,28.541,29.877,3.6766,3.6448,87.86,42.344,35.902,39.123,90.964,99.179,0
2025.7.1 0:03,R01,M05,32.721,28.274,30.497,3.682,3.6539,88.03,43.628,34.736,39.182,89.921,99.33,0
2025.7.1 0:03,R01,M06,32.479,29.094,30.787,3.6826,3.6556,88.06,44.859,36.454,40.657,91.226,98.747,0
2025.7.1 0:03,R01,M07,32.57,28.769,30.669,3.6793,3.6527,87.98,45.108,36.011,40.559,89.505,98.613,0
2025.7.1 0:03,R01,M08,45.083,31.647,36.332,3.7268,3.2717,87.84,48.2,24.194,31.8,54.674,59.739,0
2025.7.1 0:03,R01,M09,32.769,29.568,31.169,3.6848,3.6568,88.1,44.705,37.39,41.047,88.998,98.586,0
2025.7.1 0:03,R01,M10,33.631,29.188,31.41,3.6804,3.6591,88.07,45.039,39.824,42.431,89.342,99.238,0
2025.7.1 0:03,R01,M11,33.282,30.123,31.703,3.6821,3.6532,88.02,45.655,39.052,42.353,87.713,99.392,0
2025.7.1 0:03,R01,M01,31.948,27.821,29.885,3.6745,3.6491,87.88,42.288,32.924,37.606,90.716,98.791,0
2025.7.1 0:03,R01,M02,31.245,28.37,29.808,3.6785,3.644,87.87,42.788,35.762,39.275,91.137,99.195,0
2025.7.1 0:03,R01,M03,31.847,28.26,30.053,3.6789,3.6518,87.97,43.473,33.812,38.642,92.088,99.351,0
2025.7.1 0:03,R01,M04,31.843,28.779,30.311,3.6772,3.6509,87.94,42.751,36.797,39.774,91.745,99.143,0
2025.7.1 0:03,R01,M05,31.504,28.878,30.191,3.6771,3.6501,87.93,45.176,35.441,40.309,90.143,98.702,0
2025.7.1 0:03,R01,M06,32.992,28.997,30.994,3.6829,3.6548,88.05,45.953,35.99,40.972,89.748,98.815,0
2025.7.1 0:03,R01,M07,32.98,29.14,31.06,3.68,3.6548,88.02,44.078,36.25,40.164,89.493,98.597,0
2025.7.1 0:03,R01,M08,43.103,32.509,37.187,3.7256,3.2182,87.82,49.357,23.186,33.419,54.221,56.328,0
2025.7.1 0:03,R01,M09,32.345,29.017,30.681,3.6809,3.6516,87.99,46.525,36.648,41.587,89.728,98.73,0
2025.7.1 0:03,R01,M10,32.461,29.703,31.082,3.6838,3.6571,88.09,45.447,39.339,42.393,88.966,98.934,0
2025.7.1 0:03,R01,M11,32.869,29.906,31.387,3.683,3.6514,88.01,47.216,39.315,43.266,88.232,99.439,0
2025.7.1 0:03,R01,M01,30.59,27.863,29.227,3.6751,3.6503,87.9,41.746,34.084,37.915,92.538,98.584,0
2025.7.1 0:03,R01,M02,32.208,27.677,29.942,3.6725,3.642,87.77,42.543,33.278,37.91,92.012,99.171,0
2025.7.1 0:03,R01,M03,31.971,27.934,29.953,3.6812,3.6475,87.94,44.474,36.271,40.373,90.479,99.096,0
2025.7.1 0:03,R01,M04,32.216,28.724,30.47,3.6804,3.653,88.0,43.975,35.087,39.531,90.657,98.878,0
2025.7.1 0:03,R01,M05,32.737,28.489,30.613,3.6794,3.6493,87.94,44.247,36.071,40.159,89.73,99.455,0
2025.7.1 0:03,R01,M06,32.176,28.465,30.321,3.6854,3.6482,88.0,45.371,37.28,41.326,90.926,98.573,0
2025.7.1 0:03,R01,M07,32.558,28.698,30.628,3.6795,3.6496,87.95,44.197,36.264,40.231,89.931,99.016,0
2025.7.1 0:03,R01,M08,44.929,32.806,37.539,3.715,3.2565,87.64,49.593,25.869,33.593,54.816,57.249,0
2025.7.1 0:03,R01,M09,31.817,29.069,30.443,3.6835,3.6539,88.05,45.368,37.497,41.433,90.188,98.573,0
2025.7.1 0:03,R01,M10,33.514,29.322,31.418,3.6851,3.6585,88.12,47.645,39.485,43.565,88.665,98.825,0
2025.7.1 0:03,R01,M11,33.82,29.764,31.792,3.6885,3.654,88.11,46.831,39.607,43.219,88.044,99.341,0
2025.7.1 0:03,R01,M01,31.423,27.346,29.384,3.6772,3.6503,87.93,41.447,34.752,38.1,91.83,98.597,0
2025.7.1 0:03,R01,M02,31.651,27.481,29.566,3.681,3.6486,87.96,42.192,33.449,37.82,91.83,98.536,0
2025.7.1 0:03,R01,M03,31.677,28.15,29.913,3.6764,3.6508,87.93,42.116,34.279,38.198,91.454,98.682,0
2025.7.1 0:03,R01,M04,31.469,27.8,29.635,3.6792,3.6478,87.92,43.927,35.691,39.809,91.499,99.257,0
2025.7.1 0:03,R01,M05,32.76,28.431,30.596,3.6766,3.6456,87.87,43.944,36.187,40.066,90.194,98.931,0
2025.7.1 0:03,R01,M06,31.901,28.595,30.248,3.6845,3.6463,87.97,45.615,35.226,40.421,90.072,98.994,0
2025.7.1 0:03,R01,M07,32.621,28.488,30.555,3.6862,3.6478,88.01,45.911,36.516,41.213,90.626,98.731,0
2025.7.1 0:03,R01,M08,42.877,32.935,37.182,3.7167,3.2301,87.5,47.816,23.719,32.154,53.713,59.234,0
2025.7.1 0:03,R01,M09,33.666,29.3,31.483,3.6875,3.6576,88.14,45.717,39.421,42.569,89.355,98.845,0
2025.7.1 0:03,R01,M10,32.742,29.404,31.073,3.6807,3.6556,88.04,46.873,38.493,42.683,89.696,99.211,0
2025.7.1 0:03,R01,M11,33.481,29.961,31.721,3.6845,3.6514,88.03,46.297,39.085,42.691,89.094,98.669,0
2025.7.1 0:03,R01,M01,31.875,27.234,29.555,3.6724,3.6505,87.87,43.072,34.201,38.636,92.12,98.753,0
2025.7.1 0:03,R01,M02,30.901,28.39,29.645,3.6756,3.6501,87.91,43.454,33.625,38.54,91.311,98.937,0
2025.7.1 0:03,R01,M03,31.036,28.106,29.571,3.6782,3.6474,87.91,41.845,34.174,38.01,90.322,99.079,0
2025.7.1 0:03,R01,M04,31.327,28.284,29.806,3.6761,3.6482,87.89,43.243,35.664,39.454,91.655,98.862,0
2025.7.1 0:03,R01,M05,31.479,28.247,29.863,3.6777,3.65,87.93,43.006,35.51,39.258,91.167,99.254,0
2025.7.1 0:03,R01,M06,33.021,29.132,31.077,3.6791,3.6481,87.93,44.261,35.767,40.014,89.378,98.596,0
2025.7.1 0:03,R01,M07,31.657,28.616,30.136,3.6826,3.6485,87.97,44.491,38.282,41.386,89.6,98.785,0
2025.7.1 0:03,R01,M08,42.885,31.075,36.255,3.7166,3.2412,87.52,46.201,23.767,35.262,55.472,57.625,0
2025.7.1 0:03,R01,M09,32.945,29.1,31.023,3.6838,3.6543,88.06,45.198,38.054,41.626,88.823,98.672,0
2025.7.1 0:03,R01,M10,33.9,29.539,31.72,3.6824,3.6552,88.05,45.787,37.248,41.517,89.257,99.436,0
2025.7.1 0:03,R01,M11,32.897,30.04,31.468,3.6818,3.66,88.1,46.235,38.842,42.538,88.79,98.523,0
2025.7.1 0:03,R01,M01,32.194,27.851,30.023,3.6802,3.6453,87.91,41.388,32.869,37.129,91.839,99.456,0
2025.7.1 0:03,R01,M02,31.769,27.421,29.595,3.6747,3.6426,87.81,42.288,35.023,38.656,91.345,99.472,0
2025.7.1 0:03,R01,M03,31.033,27.783,29.408,3.6733,3.6504,87.88,44.264,35.508,39.886,91.493,98.983,0
2025.7.1 0:03,R01,M04,31.21,28.239,29.724,3.6746,3.652,87.92,43.822,36.026,39.924,90.42,99.015,0
2025.7.1 0:03,R01,M05,32.292,28.564,30.428,3.6829,3.6489,87.98,43.101,35.935,39.518,90.956,98.842,0
2025.7.1 0:03,R01,M06,31.274,28.552,29.913,3.6811,3.6489,87.96,45.471,36.08,40.775,90.756,98.629,0
2025.7.1 0:03,R01,M07,32.128,28.584,30.356,3.6784,3.6506,87.95,44.096,37.021,40.558,90.785,98.713,0
2025.7.1 0:03,R01,M08,42.935,31.351,37.266,3.7154,3.2219,87.61,48.757,25.85,35.544,54.842,59.478,0
2025.7.1 0:03,R01,M09,33.345,29.726,31.535,3.6806,3.6553,88.03,44.716,36.898,40.807,90.026,98.844,0
2025.7.1 0:03,R01,M10,32.625,29.47,31.047,3.6897,3.6596,88.19,46.18,39.697,42.939,89.313,98.55,0
2025.7.1 0:03,R01,M11,32.868,29.637,31.253,3.691,3.6551,88.15,48.388,38.555,43.471,87.623,98.997,0
2025.7.1 0:03,R01,M01,31.324,27.256,29.29,3.6765,3.6491,87.91,42.189,33.559,37.874,92.488,99.365,0
2025.7.1 0:03,R01,M02,32.226,27.412,29.819,3.6776,3.65,87.93,41.538,34.867,38.203,91.696,99.143,0
2025.7.1 0:03,R01,M03,32.313,28.578,30.446,3.6767,3.652,87.94,43.525,34.095,38.81,91.555,99.15,0
2025.7.1 0:03,R01,M04,32.636,28.681,30.659,3.6809,3.6525,88.0,42.224,36.819,39.522,90.925,98.667,0
2025.7.1 0:03,R01,M05,31.557,28.788,30.172,3.6832,3.651,88.01,45.045,35.721,40.383,91.071,99.161,0
2025.7.1 0:03,R01,M06,33.056,28.515,30.785,3.6818,3.6495,87.98,44.808,35.24,40.024,90.769,98.852,0
2025.7.1 0:03,R01,M07,33.227,28.662,30.944,3.6779,3.6517,87.96,44.072,35.793,39.933,89.975,98.727,0
2025.7.1 0:03,R01,M08,43.462,31.783,37.793,3.7112,3.2505,87.28,49.643,26.733,33.836,53.425,56.442,0
2025.7.1 0:03,R01,M09,32.02,29.21,30.615,3.6826,3.6506,88.0,46.505,36.963,41.734,90.004,98.623,0
2025.7.1 0:03,R01,M10,32.515,29.154,30.834,3.6822,3.6523,88.01,47.332,37.244,42.288,88.093,99.392,0
2025.7.1 0:03,R01,M11,33.167,29.707,31.437,3.6871,3.6545,88.1,47.121,40.492,43.806,88.64,99.051,0
2025.7.1 0:03,R01,M01,30.524,27.919,29.221,3.6713,3.6502,87.86,42.644,32.66,37.652,91.694,98.759,0
2025.7.1 0:03,R01,M02,31.465,28.047,29.756,3.673,3.6428,87.79,43.058,34.854,38.956,91.64,99.041,0
2025.7.1 0:03,R01,M03,30.883,28.558,29.721,3.6812,3.6474,87.94,42.051,34.014,38.032,90.246,99.27,0
2025.7.1 0:03,R01,M04,31.839,28.271,30.055,3.6746,3.6448,87.83,43.881,36.292,40.087,90.758,99.076,0
2025.7.1 0:03,R01,M05,31.433,28.811,30.122,3.6768,3.6469,87.88,44.713,36.692,40.703,90.547,98.83,0
2025.7.1 0:03,R01,M06,31.254,28.436,29.845,3.6808,3.6537,88.01,45.222,35.954,40.588,90.848,98.968,0
2025.7.1 0:03,R01,M07,31.628,29.383,30.505,3.6858,3.649,88.02,44.28,36.923,40.602,89.479,99.44,0
2025.7.1 0:03,R01,M08,42.734,31.679,36.955,3.7281,3.2654,87.13,46.689,24.103,35.529,54.763,57.481,0
2025.7.1 0:03,R01,M09,32.178,28.9,30.539,3.6818,3.6512,88.0,45.661,39.429,42.545,89.466,99.402,0
2025.7.1 0:03,R01,M10,33.051,29.035,31.043,3.686,3.6501,88.03,45.127,37.708,41.418,88.505,98.554,0
2025.7.1 0:03,R01,M11,32.264,29.696,30.98,3.6866,3.6604,88.16,47.413,39.402,43.407,88.98,99.076,0
2025.7.1 0:03,R01,M01,30.849,27.434,29.142,3.6784,3.6447,87.88,41.116,34.476,37.796,91.252,98.902,0
2025.7.1 0:03,R01,M02,31.626,27.636,29.631,3.6722,3.6421,87.77,43.009,33.539,38.274,90.666,98.736,0
2025.7.1 0:03,R01,M03,31.688,28.532,30.11,3.6766,3.6526,87.95,44.137,35.101,39.619,91.239,99.005,0
2025.7.1 0:03,R01,M04,32.018,27.86,29.939,3.6771,3.6489,87.91,44.094,36.866,40.48,89.755,98.69,0
2025.7.1 0:03,R01,M05,31.274,28.604,29.939,3.6809,3.6498,87.97,45.024,36.608,40.816,91.371,99.354,0
2025.7.1 0:03,R01,M06,31.297,28.775,30.036,3.6794,3.6538,88.0,43.647,37.516,40.581,90.791,98.773,0
2025.7.1 0:03,R01,M07,32.033,28.932,30.483,3.6802,3.6538,88.01,44.673,36.836,40.755,88.906,99.149,0
2025.7.1 0:03,R01,M08,42.479,31.041,36.212,3.7244,3.2456,87.19,48.017,26.286,32.912,54.592,58.399,0
2025.7.1 0:03,R01,M09,33.019,29.759,31.389,3.6833,3.655,88.06,46.875,39.067,42.971,88.055,99.236,0
2025.7.1 0:03,R01,M10,32.451,29.971,31.211,3.6843,3.654,88.06,47.269,37.255,42.262,88.962,99.497,0
2025.7.1 0:03,R01,M11,33.967,29.62,31.794,3.6814,3.6587,88.08,47.975,38.423,43.199,88.002,98.573,0
2025.7.1 0:03,R01,M01,31.213,28.176,29.694,3.6757,3.6435,87.83,42.92,35.446,39.183,91.227,98.618,0
2025.7.1 0:03,R01,M02,31.73,27.521,29.626,3.6751,3.6456,87.85,41.625,33.627,37.626,91.475,98.962,0
2025.7.1 0:03,R01,M03,31.225,27.91,29.568,3.6764,3.6433,87.84,41.637,33.722,37.68,90.636,98.815,0
2025.7.1 0:03,R01,M04,31.89,28.006,29.948,3.6809,3.6459,87.92,42.332,35.724,39.028,90.788,98.768,0
2025.7.1 0:03,R01,M05,32.37,28.461,30.415,3.6765,3.6537,87.96,45.025,35.414,40.219,91.208,99.27,0
2025.7.1 0:03,R01,M06,31.448,28.774,30.111,3.6854,3.647,87.99,43.053,35.512,39.282,89.944,98.579,0
2025.7.1 0:03,R01,M07,32.252,29.119,30.686,3.6869,3.6498,88.04,44.777,38.183,41.48,89.012,99.103,0
2025.7.1 0:03,R01,M08,41.884,31.508,37.245,3.7269,3.2184,87.46,49.254,26.337,35.773,54.514,57.373,0
2025.7.1 0:03,R01,M09,32.111,29.501,30.806,3.6886,3.6569,88.15,46.803,37.33,42.066,88.934,98.824,0
2025.7.1 0:03,R01,M10,33.534,29.042,31.288,3.6839,3.6538,88.05,45.991,38.878,42.434,88.339,98.755,0
2025.7.1 0:03,R01,M11,33.068,29.325,31.197,3.682,3.6518,88.01,48.353,40.156,44.255,87.167,99.045,0
2025.7.1 0:03,R01,M01,31.409,27.391,29.4,3.6767,3.6499,87.92,42.577,34.547,38.562,91.666,99.346,0
2025.7.1 0:03,R01,M02,31.376,27.976,29.676,3.6759,3.6424,87.82,41.404,35.427,38.416,90.289,98.902,0
2025.7.1 0:03,R01,M03,30.788,27.899,29.343,3.679,3.647,87.91,43.565,34.194,38.88,91.753,99.222,0
2025.7.1 0:03,R01,M04,32.529,28.505,30.517,3.6746,3.6537,87.94,42.622,35.96,39.291,90.534,98.512,0
2025.7.1 0:03,R01,M05,32.596,28.312,30.454,3.675,3.6488,87.89,45.296,35.545,40.421,89.472,99.421,0
2025.7.1 0:03,R01,M06,31.948,29.144,30.546,3.681,3.6533,88.01,43.719,35.161,39.44,89.982,99.454,0
2025.7.1 0:03,R01,M07,31.603,28.846,30.224,3.6842,3.6479,87.99,45.16,37.804,41.482,90.465,98.889,0
2025.7.1 0:03,R01,M08,44.005,31.707,36.207,3.7117,3.2405,87.77,47.581,25.704,36.292,54.153,57.941,0
2025.7.1 0:03,R01,M09,32.754,28.996,30.875,3.6876,3.6543,88.1,46.897,39.419,43.158,89.53,98.822,0
2025.7.1 0:03,R01,M10,32.28,29.427,30.854,3.6893,3.6516,88.09,47.297,37.901,42.599,87.537,98.617,0
2025.7.1 0:03,R01,M11,33.305,29.515,31.41,3.6881,3.6604,88.18,47.027,39.236,43.132,87.139,99.102,0
2025.7.1 0:03,R01,M01,31.043,27.872,29.457,3.6714,3.6467,87.82,40.608,33.151,36.88,90.806,98.659,0
2025.7.1 0:03,R01,M02,31.581,27.561,29.571,3.6723,3.6483,87.85,43.485,35.415,39.45,91.247,99.487,0
2025.7.1 0:03,R01,M03,31.453,27.684,29.569,3.676,3.6477,87.88,44.199,35.867,40.033,90.624,98.842,0
2025.7.1 0:03,R01,M04,32.031,28.166,30.099,3.68,3.6538,88.01,42.51,34.6,38.555,90.174,99.294,0
2025.7.1 0:03,R01,M05,31.767,28.162,29.965,3.6782,3.6532,87.98,42.954,35.769,39.361,90.381,99.4,0
2025.7.1 0:03,R01,M06,31.951,29.162,30.556,3.6832,3.6517,88.02,45.863,36.163,41.013,88.997,98.909,0
2025.7.1 0:03,R01,M07,31.824,29.088,30.456,3.6835,3.6531,88.04,43.988,37.704,40.846,88.921,98.617,0
2025.7.1 0:03,R01,M08,42.112,32.941,36.576,3.7278,3.2229,87.62,47.184,23.765,36.048,53.042,57.468,0
2025.7.1 0:03,R01,M09,33.758,29.445,31.602,3.6833,3.6543,88.05,44.995,39.426,42.21,89.471,99.176,0
2025.7.1 0:03,R01,M10,32.19,29.877,31.033,3.6864,3.6529,88.07,47.654,37.061,42.358,89.09,98.885,0
2025.7.1 0:03,R01,M11,33.376,29.393,31.384,3.6851,3.6562,88.1,46.052,38.454,42.253,87.376,99.151,0
2025.7.1 0:03,R01,M01,31.226,27.801,29.514,3.6782,3.6491,87.93,43.424,35.266,39.345,91.319,98.687,0
2025.7.1 0:03,R01,M02,31.147,28.243,29.695,3.6799,3.6439,87.89,41.042,35.377,38.21,91.955,98.657,0
2025.7.1 0:03,R01,M03,32.415,28.112,30.264,3.6751,3.6476,87.87,43.918,33.912,38.915,91.2,98.533,0
2025.7.1 0:03,R01,M04,32.365,28.325,30.345,3.684,3.6457,87.96,43.254,34.919,39.087,89.907,98.881,0
2025.7.1 0:03,R01,M05,31.135,28.228,29.681,3.6786,3.6495,87.94,45.139,37.125,41.132,91.124,98.941,0
2025.7.1 0:03,R01,M06,32.127,28.959,30.543,3.6793,3.6546,88.01,45.412,37.248,41.33,90.813,99.407,0
2025.7.1 0:03,R01,M07,32.978,29.134,31.056,3.6863,3.6544,88.09,46.181,36.847,41.514,89.499,99.329,0
2025.7.1 0:03,R01,M08,43.988,31.31,36.398,3.7281,3.2207,88.0,49.23,24.31,33.754,53.268,55.872,0
2025.7.1 0:03,R01,M09,33.701,29.145,31.423,3.6869,3.653,88.08,46.373,38.647,42.51,88.671,99.151,0
2025.7.1 0:03,R01,M10,32.149,29.709,30.929,3.68,3.6541,88.01,47.598,37.707,42.653,87.629,99.285,0
2025.7.1 0:03,R01,M11,32.32,29.357,30.838,3.6835,3.6553,88.07,45.642,40.064,42.853,88.068,99.31,0
2025.7.1 0:03,R01,M01,31.825,27.625,29.725,3.6772,3.6429,87.84,42.118,33.346,37.732,91.116,99.394,0
2025.7.1 0:03,R01,M02,30.72,28.344,29.532,3.6763,3.6432,87.83,42.478,35.784,39.131,90.762,98.752,0
2025.7.1 0:03,R01,M03,31.006,28.194,29.6,3.6824,3.6496,87.98,41.628,33.514,37.571,91.116,99.355,0
2025.7.1 0:03,R01,M04,32.679,27.929,30.304,3.6752,3.6535,87.94,42.688,35.501,39.094,90.983,99.141,0
2025.7.1 0:03,R01,M05,31.07,28.352,29.711,3.6807,3.6532,88.01,43.156,36.426,39.791,90.068,98.592,0
2025.7.1 0:03,R01,M06,32.89,28.562,30.726,3.6792,3.6552,88.01,45.959,35.061,40.51,89.509,98.848,0
2025.7.1 0:03,R01,M07,33.328,28.544,30.936,3.6834,3.6495,87.99,45.707,36.998,41.352,89.17,99.374,0
2025.7.1 0:03,R01,M08,44.281,31.344,37.754,3.7128,3.2116,88.03,46.36,26.636,34.902,53.648,56.419,0
2025.7.1 0:03,R01,M09,32.654,29.551,31.102,3.6837,3.6543,88.06,44.978,36.974,40.976,88.976,98.566,0
2025.7.1 0:03,R01,M10,33.905,29.861,31.883,3.6875,3.6528,88.08,45.729,38.478,42.103,88.083,98.87,0
2025.7.1 0:03,R01,M11,34.193,29.522,31.857,3.6841,3.6581,88.11,47.046,39.521,43.284,88.156,99.042,0
2025.7.1 0:03,R01,M01,31.087,27.325,29.206,3.6743,3.6475,87.86,42.782,34.732,38.757,92.17,98.571,0
2025.7.1 0:03,R01,M02,31.044,27.923,29.483,3.6815,3.6474,87.95,42.915,33.498,38.206,90.554,98.616,0
2025.7.1 0:03,R01,M03,31.282,27.628,29.455,3.6823,3.6515,88.01,44.48,34.037,39.258,90.747,99.198,0
2025.7.1 0:03,R01,M04,30.866,28.702,29.784,3.6747,3.6445,87.83,42.916,34.894,38.905,90.773,99.2,0
2025.7.1 0:03,R01,M05,32.456,28.659,30.558,3.683,3.6533,88.04,42.864,36.212,39.538,89.383,98.904,0
2025.7.1 0:03,R01,M06,31.39,29.048,30.219,3.6794,3.6499,87.95,45.545,35.338,40.442,90.38,98.851,0
2025.7.1 0:03,R01,M07,32.659,28.998,30.828,3.6809,3.6567,88.05,45.659,35.938,40.799,89.658,98.924,0
2025.7.1 0:03,R01,M08,42.165,32.971,37.76,3.7196,3.2263,87.87,48.204,24.576,34.699,53.771,58.483,0
2025.7.1 0:03,R01,M09,33.722,29.698,31.71,3.6823,3.6518,88.01,46.148,36.893,41.52,88.797,99.415,0
2025.7.1 0:03,R01,M10,32.197,29.517,30.857,3.6875,3.6552,88.11,45.355,38.635,41.995,88.645,98.909,0
2025.7.1 0:03,R01,M11,33.238,29.519,31.378,3.6815,3.6515,88.0,48.4,38.493,43.447,88.677,99.286,0
2025.7.1 0:03,R01,M01,30.864,27.345,29.105,3.6743,3.6497,87.89,42.228,33.644,37.936,91.399,99.46,0
2025.7.1 0:03,R01,M02,31.677,27.638,29.657,3.6736,3.6433,87.8,41.904,33.105,37.505,90.653,98.592,0
2025.7.1 0:03,R01,M03,30.97,28.57,29.77,3.6829,3.6498,87.99,43.894,36.19,40.042,91.503,98.996,0
2025.7.1 0:03,R01,M04,31.274,27.814,29.544,3.6832,3.654,88.05,43.086,36.494,39.79,91.1,99.372,0
2025.7.1 0:03,R01,M05,31.687,28.525,30.106,3.6792,3.6519,87.97,43.113,36.193,39.653,89.232,99.165,0
2025.7.1 0:03,R01,M06,33.177,28.579,30.878,3.6825,3.6539,88.04,44.82,35.213,40.017,90.608,98.996,0
2025.7.1 0:03,R01,M07,32.598,29.02,30.809,3.6772,3.6542,87.98,44.223,38.301,41.262,89.881,98.902,0
2025.7.1 0:03,R01,M08,43.427,32.304,38.143,3.7184,3.2551,87.78,48.358,23.652,34.535,53.975,58.041,0
2025.7.1 0:03,R01,M09,32.614,29.592,31.103,3.6835,3.6585,88.1,45.812,38.951,42.382,89.437,98.657,0
2025.7.1 0:03,R01,M10,33.734,29.121,31.428,3.681,3.6576,88.06,47.117,37.946,42.531,89.116,99.319,0
2025.7.1 0:03,R01,M11,33.978,29.245,31.611,3.69,3.6529,88.11,47.159,39.107,43.133,88.055,98.616,0
2025.7.1 0:03,R01,M01,31.5,27.969,29.735,3.6797,3.6412,87.85,42.908,33.556,38.232,91.74,98.867,0
2025.7.1 0:03,R01,M02,30.673,27.788,29.23,3.6771,3.6462,87.88,43.42,35.925,39.672,90.325,98.771,0
2025.7.1 0:03,R01,M03,31.463,28.169,29.816,3.6742,3.6486,87.87,42.155,36.259,39.207,90.439,99.462,0
2025.7.1 0:03,R01,M04,32.701,28.555,30.628,3.6785,3.6497,87.94,44.225,35.964,40.094,90.401,99.378,0
2025.7.1 0:03,R01,M05,31.121,28.488,29.804,3.6773,3.6544,87.98,44.518,35.011,39.764,90.573,98.782,0
2025.7.1 0:03,R01,M06,32.41,28.867,30.639,3.6808,3.6548,88.03,45.04,36.608,40.824,88.947,98.899,0
2025.7.1 0:03,R01,M07,32.622,28.947,30.785,3.6833,3.6537,88.04,43.673,36.986,40.329,89.931,99.01,0
2025.7.1 0:03,R01,M08,41.524,31.822,37.254,3.7213,3.2563,87.19,46.289,26.133,35.032,53.405,57.757,0
2025.7.1 0:03,R01,M09,32.845,29.231,31.038,3.6805,3.6511,87.98,44.656,36.912,40.784,89.007,99.29,0
2025.7.1 0:03,R01,M10,32.748,29.369,31.058,3.6884,3.6571,88.15,47.766,37.974,42.87,87.517,98.95,0
2025.7.1 0:03,R01,M11,33.111,29.971,31.541,3.6893,3.6609,88.2,48.012,38.316,43.164,88.217,99.063,0
2025.7.1 0:03,R01,M01,30.644,27.469,29.056,3.6755,3.6499,87.9,41.458,34.181,37.819,90.849,99.024,0
2025.7.1 0:03,R01,M02,30.52,27.471,28.995,3.6769,3.6421,87.83,43.721,35.969,39.845,91.702,99.268,0
2025.7.1 0:03,R01,M03,31.571,28.096,29.834,3.6781,3.647,87.9,43.746,35.065,39.406,90.27,99.453,0
2025.7.1 0:03,R01,M04,31.6,28.278,29.939,3.6773,3.653,87.96,42.169,34.022,38.096,89.535,98.543,0
2025.7.1 0:03,R01,M05,32.876,28.699,30.788,3.6843,3.6469,87.97,42.561,35.444,39.002,90.785,98.887,0
2025.7.1 0:03,R01,M06,32.024,28.569,30.297,3.6813,3.6483,87.96,43.855,35.881,39.868,90.254,99.487,0
2025.7.1 0:03,R01,M07,31.438,29.05,30.244,3.6864,3.6561,88.11,44.686,38.393,41.54,89.785,98.873,0
2025.7.1 0:03,R01,M08,42.788,32.634,36.873,3.7152,3.236,87.87,48.757,22.892,34.343,53.735,58.366,0
2025.7.1 0:03,R01,M09,32.034,28.95,30.492,3.6854,3.6569,88.11,45.593,39.249,42.421,88.46,98.842,0
2025.7.1 0:03,R01,M10,32.734,29.338,31.036,3.683,3.659,88.1,45.827,39.959,42.893,88.138,99.475,0
2025.7.1 0:03,R01,M11,33.854,29.387,31.62,3.6879,3.6547,88.11,46.353,39.029,42.691,87.497,98.623,0
2025.7.1 0:03,R01,M01,31.547,28.117,29.832,3.68,3.6505,87.97,41.296,32.727,37.011,91.502,99.371,0
2025.7.1 0:03,R01,M02,30.973,27.572,29.273,3.6758,3.6463,87.87,42.953,33.411,38.182,91.906,98.646,0
2025.7.1 0:03,R01,M03,32.562,28.476,30.519,3.6771,3.6526,87.96,44.481,35.953,40.217,91.504,99.441,0
2025.7.1 0:03,R01,M04,31.971,28.251,30.111,3.6763,3.6526,87.95,44.098,35.406,39.752,91.235,98.651,0
2025.7.1 0:03,R01,M05,32.385,28.722,30.553,3.6816,3.6486,87.96,43.109,36.524,39.817,89.116,98.989,0
2025.7.1 0:03,R01,M06,32.199,28.302,30.25,3.6848,3.6464,87.97,44.001,37.232,40.617,89.772,99.083,0
2025.7.1 0:03,R01,M07,32.932,28.585,30.759,3.6861,3.6555,88.1,44.357,36.451,40.404,88.814,99.341,0
2025.7.1 0:03,R01,M08,41.532,31.466,36.676,3.7236,3.2348,87.26,48.468,23.066,35.846,52.706,58.043,0
2025.7.1 0:03,R01,M09,31.821,29.269,30.545,3.6838,3.6547,88.06,46.389,38.759,42.574,89.261,98.836,0
2025.7.1 0:03,R01,M10,32.437,29.328,30.883,3.6808,3.6546,88.02,45.678,39.329,42.504,88.895,98.835,0
2025.7.1 0:03,R01,M11,33.703,29.257,31.48,3.6845,3.6609,88.14,46.335,39.31,42.823,88.609,98.764,0
2025.7.1 0:03,R01,M01,31.749,27.514,29.631,3.6785,3.6489,87.93,41.611,33.791,37.701,90.69,99.374,0
2025.7.1 0:03,R01,M02,31.895,27.471,29.683,3.6792,3.6451,87.89,42.783,34.995,38.889,91.825,99.176,0
2025.7.1 0:03,R01,M03,31.463,27.655,29.559,3.6809,3.6504,87.98,43.094,34.531,38.812,90.142,99.186,0
2025.7.1 0:03,R01,M04,32.201,28.003,30.102,3.6808,3.6457,87.92,44.962,34.294,39.628,89.461,99.146,0
2025.7.1 0:03,R01,M05,31.532,28.241,29.886,3.678,3.648,87.91,44.442,35.251,39.846,90.18,98.527,0
2025.7.1 0:03,R01,M06,31.83,28.788,30.309,3.6845,3.6559,88.08,44.973,37.747,41.36,89.052,99.1,0
2025.7.1 0:03,R01,M07,32.604,28.746,30.675,3.6788,3.6535,87.99,46.401,36.052,41.227,89.61,98.782,0
2025.7.1 0:03,R01,M08,43.147,32.582,37.066,3.725,3.2093,87.59,48.09,23.457,36.247,52.922,56.863,0
2025.7.1 0:03,R01,M09,32.237,28.812,30.525,3.6796,3.6517,87.98,46.623,37.043,41.833,88.873,98.925,0
2025.7.1 0:03,R01,M10,32.596,29.194,30.895,3.6822,3.6532,88.02,47.48,39.642,43.561,87.594,98.881,0
2025.7.1 0:03,R01,M11,32.485,30.072,31.279,3.6903,3.6569,88.17,45.629,39.523,42.576,87.184,98.581,0
2025.7.1 0:03,R01,M01,31.7,27.506,29.603,3.6776,3.6489,87.92,43.299,34.689,38.994,90.334,98.827,0
2025.7.1 0:03,R01,M02,31.339,27.947,29.643,3.6731,3.6495,87.87,43.107,34.119,38.613,91.47,99.085,0
2025.7.1 0:03,R01,M03,32.088,28.482,30.285,3.6801,3.6489,87.95,42.452,36.154,39.303,90.955,98.723,0
2025.7.1 0:03,R01,M04,32.485,28.014,30.249,3.6826,3.6498,87.99,42.438,35.071,38.755,90.51,99.293,0
2025.7.1 0:03,R01,M05,32.67,28.697,30.684,3.6781,3.6517,87.96,42.768,35.979,39.373,90.866,99.299,0
2025.7.1 0:03,R01,M06,32.828,28.983,30.906,3.682,3.653,88.02,45.808,37.818,41.813,90.114,99.06,0
2025.7.1 0:03,R01,M07,33.161,29.249,31.205,3.6789,3.6498,87.94,46.174,35.895,41.035,88.308,98.721,0
2025.7.1 0:03,R01,M08,42.659,32.303,36.862,3.7278,3.2416,87.94,47.652,22.479,36.278,53.289,59.478,0
2025.7.1 0:03,R01,M09,33.618,29.299,31.459,3.687,3.6586,88.15,46.832,37.291,42.061,88.043,98.96,0
2025.7.1 0:03,R01,M10,33.734,29.706,31.72,3.6859,3.6595,88.14,46.86,38.313,42.587,87.994,99.426,0
2025.7.1 0:03,R01,M11,33.365,29.688,31.526,3.6876,3.6547,88.11,47.213,38.304,42.758,86.733,99.263,0
2025.7.1 0:03,R01,M01,30.372,27.549,28.96,3.6809,3.6456,87.92,40.81,33.823,37.317,90.553,99.237,0
2025.7.1 0:03,R01,M02,30.752,27.454,29.103,3.68,3.6519,87.98,43.753,34.653,39.203,91.61,98.669,0
2025.7.1 0:03,R01,M03,30.75,28.503,29.627,3.6791,3.6445,87.88,43.794,34.853,39.323,91.259,99.207,0
2025.7.1 0:03,R01,M04,31.678,27.838,29.758,3.674,3.6458,87.84,43.483,34.564,39.023,90.484,99.145,0
2025.7.1 0:03,R01,M05,32.205,28.123,30.164,3.6792,3.6531,87.99,43.337,35.069,39.203,89.197,99.061,0
2025.7.1 0:03,R01,M06,32.287,28.77,30.529,3.6806,3.6502,87.97,43.842,36.996,40.419,90.112,98.53,0
2025.7.1 0:03,R01,M07,32.354,29.365,30.859,3.6825,3.6508,88.0,46.361,36.449,41.405,88.645,99.405,0
2025.7.1 0:03,R01,M08,43.681,32.88,36.678,3.7242,3.2562,87.62,48.571,26.038,36.712,52.669,58.72,0
2025.7.1 0:03,R01,M09,32.942,29.297,31.12,3.6822,3.655,88.05,45.747,36.562,41.154,89.306,98.758,0
2025.7.1 0:03,R01,M10,32.832,29.117,30.974,3.6806,3.6517,87.99,46.653,37.708,42.18,87.859,99.465,0
2025.7.1 0:03,R01,M11,33.043,29.463,31.253,3.689,3.653,88.1,47.174,37.806,42.49,86.697,98.992,0
2025.7.1 0:03,R01,M01,31.345,27.558,29.451,3.6751,3.6489,87.89,40.868,33.74,37.304,91.605,99.392,0
2025.7.1 0:03,R01,M02,30.512,27.715,29.114,3.6728,3.6477,87.85,43.913,33.714,38.813,90.365,99.461,0
2025.7.1 0:03,R01,M03,32.467,28.193,30.33,3.6784,3.6517,87.96,42.711,35.386,39.049,90.653,98.631,0
2025.7.1 0:03,R01,M04,31.524,28.564,30.044,3.6765,3.6466,87.88,44.341,36.902,40.621,90.883,99.259,0
2025.7.1 0:03,R01,M05,31.974,28.233,30.104,3.6814,3.6481,87.95,45.326,37.16,41.243,89.29,98.667,0
2025.7.1 0:03,R01,M06,32.461,28.744,30.602,3.6832,3.6529,88.03,43.232,35.463,39.347,89.536,98.669,0
2025.7.1 0:03,R01,M07,33.303,29.179,31.241,3.6805,3.6505,87.97,45.406,38.309,41.858,88.862,99.429,0
2025.7.1 0:03,R01,M08,43.468,31.231,37.692,3.7249,3.209,87.55,46.115,25.761,36.328,52.999,57.248,0
2025.7.1 0:03,R01,M09,32.584,29.289,30.937,3.6824,3.6499,87.99,47.283,37.381,42.332,88.546,98.836,0
2025.7.1 0:03,R01,M10,33.485,29.454,31.47,3.6879,3.6595,88.17,46.508,37.993,42.251,87.838,98.979,0
2025.7.1 0:03,R01,M11,33.629,30.171,31.9,3.6871,3.6596,88.16,46.608,39.099,42.853,88.07,99.236,0
2025.7.1 0:03,R01,M01,31.164,27.203,29.184,3.6713,3.6435,87.78,41.339,33.268,37.303,90.586,99.393,0
2025.7.1 0:03,R01,M02,32.317,27.669,29.993,3.6759,3.6517,87.93,42.708,34.597,38.653,91.526,99.414,0
2025.7.1 0:03,R01,M03,31.251,27.969,29.61,3.6815,3.6482,87.96,41.774,35.688,38.731,91.538,98.853,0
2025.7.1 0:03,R01,M04,31.539,27.877,29.708,3.6826,3.6493,87.98,43.309,35.982,39.645,90.075,99.243,0
2025.7.1 0:03,R01,M05,32.886,28.068,30.477,3.6807,3.6456,87.92,44.865,36.175,40.52,88.978,99.384,0
2025.7.1 0:03,R01,M06,31.203,28.739,29.971,3.6766,3.6493,87.91,44.804,37.471,41.138,89.158,99.337,0
2025.7.1 0:03,R01,M07,31.792,28.612,30.202,3.6772,3.6517,87.95,43.793,36.521,40.157,88.688,99.034,0
2025.7.1 0:03,R01,M08,42.517,31.736,37.208,3.7241,3.2602,87.12,47.252,23.476,33.944,52.803,58.449,0
2025.7.1 0:03,R01,M09,32.08,29.665,30.872,3.6863,3.6494,88.03,44.567,39.28,41.924,88.506,98.755,0
2025.7.1 0:03,R01,M10,32.197,29.05,30.623,3.6896,3.6545,88.13,47.631,38.674,43.153,87.366,98.882,0
2025.7.1 0:03,R01,M11,33.039,29.389,31.214,3.6893,3.6556,88.14,46.98,39.038,43.009,88.17,98.964,0
2025.7.1 0:03,R01,M01,31.497,27.433,29.465,3.6806,3.6451,87.91,40.508,34.093,37.3,90.784,98.941,0
2025.7.1 0:03,R01,M02,31.512,28.148,29.83,3.6783,3.6424,87.85,41.796,35.913,38.855,90.693,99.001,0
2025.7.1 0:03,R01,M03,31.442,27.999,29.721,3.6825,3.6439,87.92,43.649,36.472,40.061,91.505,98.811,0
2025.7.1 0:03,R01,M04,31.41,27.962,29.686,3.6742,3.6491,87.88,43.163,35.105,39.134,90.557,99.091,0
2025.7.1 0:03,R01,M05,31.74,28.671,30.206,3.6838,3.6539,88.05,42.876,35.806,39.341,90.732,98.605,0
2025.7.1 0:03,R01,M06,32.697,28.336,30.517,3.6859,3.6544,88.08,44.778,35.016,39.897,88.614,98.812,0
2025.7.1 0:03,R01,M07,32.054,29.217,30.636,3.6819,3.6538,88.03,46.02,35.865,40.943,88.709,99.462,0
2025.7.1 0:03,R01,M08,44.009,31.109,38.705,3.7211,3.2133,87.94,46.305,22.926,34.38,52.646,57.241,0
2025.7.1 0:03,R01,M09,32.782,29.204,30.993,3.6807,3.6498,87.97,44.795,38.84,41.818,87.472,98.806,0
2025.7.1 0:03,R01,M10,32.844,29.515,31.18,3.6857,3.6544,88.08,47.451,39.073,43.262,87.129,98.805,0
2025.7.1 0:03,R01,M11,32.261,30.088,31.175,3.6827,3.6598,88.11,45.672,39.426,42.549,86.72,98.571,0
2025.7.1 0:03,R01,M01,31.521,28.089,29.805,3.6757,3.6491,87.9,41.74,33.409,37.575,91.091,99.081,0
2025.7.1 0:03,R01,M02,31.036,28.006,29.521,3.6766,3.6482,87.9,41.608,34.402,38.005,90.696,98.885,0
2025.7.1 0:03,R01,M03,31.779,27.77,29.774,3.6815,3.6478,87.95,42.443,34.5,38.471,91.494,99.211,0
2025.7.1 0:03,R01,M04,32.62,28.345,30.482,3.6769,3.6503,87.93,43.032,36.276,39.654,90.35,98.809,0
2025.7.1 0:03,R01,M05,32.296,28.462,30.379,3.6762,3.6453,87.86,43.397,35.401,39.399,89.708,99.499,0
2025.7.1 0:03,R01,M06,32.989,28.341,30.665,3.6825,3.6501,87.99,43.914,36.463,40.189,90.141,98.509,0
2025.7.1 0:03,R01,M07,32.216,29.124,30.67,3.6824,3.6545,88.04,45.509,36.299,40.904,89.081,99.014,0
2025.7.1 0:03,R01,M08,43.639,32.608,38.147,3.7226,3.2624,87.11,49.514,23.242,33.688,54.157,57.857,0
2025.7.1 0:03,R01,M09,33.562,29.656,31.609,3.6876,3.649,88.04,46.655,39.074,42.864,87.367,98.902,0
2025.7.1 0:03,R01,M10,32.254,29.385,30.819,3.6868,3.6525,88.07,46.774,37.735,42.255,87.27,98.546,0
2025.7.1 0:03,R01,M11,33.587,29.418,31.503,3.6906,3.6601,88.21,46.641,40.363,43.502,86.982,99.382,0
2025.7.1 0:03,R01,M01,30.538,27.911,29.224,3.6783,3.6472,87.91,42.669,35.055,38.862,91.98,99.374,0
2025.7.1 0:03,R01,M02,30.89,27.566,29.228,3.6721,3.6441,87.79,42.224,35.838,39.031,90.744,98.607,0
2025.7.1 0:03,R01,M03,31.295,28.353,29.824,3.6794,3.649,87.94,44.163,33.669,38.916,90.393,99.451,0
2025.7.1 0:03,R01,M04,32.62,27.816,30.218,3.6836,3.6481,87.98,44.565,34.978,39.772,89.714,98.898,0
2025.7.1 0:03,R01,M05,32.622,28.713,30.668,3.6839,3.6533,88.05,43.758,36.749,40.254,90.257,99.367,0
2025.7.1 0:03,R01,M06,31.485,28.859,30.172,3.6825,3.6533,88.03,45.571,36.162,40.867,90.158,98.721,0
2025.7.1 0:03,R01,M07,32.167,29.025,30.596,3.6853,3.6544,88.08,43.863,36.777,40.32,88.617,99.014,0
2025.7.1 0:03,R01,M08,43.287,31.518,37.458,3.7164,3.249,87.43,49.087,23.641,35.339,54.098,56.861,0
2025.7.1 0:03,R01,M09,31.805,29.491,30.648,3.6808,3.6561,88.04,44.901,38.58,41.74,87.597,98.602,0
2025.7.1 0:03,R01,M10,32.196,29.567,30.881,3.6845,3.6583,88.11,45.756,38.385,42.07,88.445,98.552,0
2025.7.1 0:03,R01,M11,32.332,29.258,30.795,3.6811,3.6573,88.06,48.413,37.728,43.07,87.009,99.263,0
2025.7.1 0:03,R01,M01,31.631,28.167,29.899,3.677,3.6499,87.92,41.009,35.203,38.106,91.441,99.201,0
2025.7.1 0:03,R01,M02,31.224,28.115,29.669,3.6757,3.6483,87.89,41.104,35.306,38.205,90.627,98.535,0
2025.7.1 0:03,R01,M03,31.574,27.629,29.602,3.68,3.6436,87.88,42.611,34.276,38.444,91.06,98.897,0
2025.7.1 0:03,R01,M04,31.951,28.732,30.341,3.6743,3.6473,87.86,43.552,35.961,39.757,89.19,98.951,0
2025.7.1 0:03,R01,M05,32.654,28.837,30.745,3.6793,3.6539,88.0,45.07,34.678,39.874,90.307,98.692,0
2025.7.1 0:03,R01,M06,32.553,28.774,30.663,3.6821,3.6473,87.95,43.112,36.126,39.619,89.451,99.409,0
2025.7.1 0:03,R01,M07,31.51,28.473,29.992,3.6826,3.6471,87.96,46.238,36.725,41.481,89.291,99.181,0
2025.7.1 0:03,R01,M08,43.358,31.052,37.425,3.7262,3.2347,87.62,46.325,22.476,34.957,54.089,56.209,0
2025.7.1 0:03,R01,M09,33.596,29.717,31.656,3.6808,3.6572,88.06,46.652,37.466,42.059,87.511,99.125,0
2025.7.1 0:03,R01,M10,32.772,29.238,31.005,3.6868,3.66,88.16,45.319,37.24,41.279,88.729,99.356,0
2025.7.1 0:03,R01,M11,32.215,30.165,31.19,3.6906,3.6583,88.19,45.737,39.601,42.669,86.972,98.666,0
2025.7.1 0:03,R01,M01,31.286,27.898,29.592,3.6798,3.6432,87.88,43.149,32.584,37.867,90.414,98.855,0
2025.7.1 0:03,R01,M02,31.641,28.317,29.979,3.6771,3.6455,87.87,43.084,35.587,39.336,90.54,99.194,0
2025.7.1 0:03,R01,M03,32.121,28.322,30.221,3.675,3.6445,87.83,43.202,34.652,38.927,89.43,98.781,0
2025.7.1 0:03,R01,M04,32.752,27.83,30.291,3.6832,3.6524,88.03,44.312,35.044,39.678,89.626,98.968,0
2025.7.1 0:03,R01,M05,32.25,28.772,30.511,3.6841,3.6489,88.0,45.319,35.507,40.413,90.65,98.915,0
2025.7.1 0:03,R01,M06,31.817,28.464,30.14,3.6826,3.647,87.96,43.822,36.526,40.174,89.443,98.774,0
2025.7.1 0:03,R01,M07,32.606,29.224,30.915,3.684,3.6526,88.04,44.941,37.878,41.41,88.43,99.362,0
2025.7.1 0:03,R01,M08,42.798,32.656,37.174,3.7154,3.2515,87.12,47.971,23.791,35.002,53.978,56.438,0
2025.7.1 0:03,R01,M09,33.766,29.285,31.526,3.6832,3.6569,88.08,44.584,38.025,41.305,88.364,99.403,0
2025.7.1 0:03,R01,M10,32.776,29.022,30.899,3.6885,3.6535,88.1,45.824,37.538,41.681,87.65,98.797,0
2025.7.1 0:03,R01,M11,32.598,29.805,31.201,3.6827,3.6581,88.09,46.712,37.999,42.356,87.708,98.891,0
2025.7.1 0:03,R01,M01,31.839,27.482,29.66,3.6797,3.6496,87.95,41.129,33.81,37.469,91.492,99.143,0
2025.7.1 0:03,R01,M02,30.713,28.057,29.385,3.6732,3.6426,87.79,41.069,33.475,37.272,91.668,99.424,0
2025.7.1 0:03,R01,M03,30.814,27.838,29.326,3.6788,3.6493,87.94,43.821,35.485,39.653,89.798,99.251,0
2025.7.1 0:03,R01,M04,31.99,28.353,30.172,3.6827,3.6461,87.95,44.077,36.798,40.438,89.317,98.847,0
2025.7.1 0:03,R01,M05,31.366,28.633,29.999,3.6787,3.6544,88.0,43.129,35.603,39.366,90.482,99.087,0
2025.7.1 0:03,R01,M06,31.593,28.725,30.159,3.6807,3.648,87.94,43.972,35.99,39.981,90.104,98.863,0
2025.7.1 0:03,R01,M07,31.697,28.468,30.082,3.6833,3.6563,88.08,43.659,36.95,40.305,88.51,98.591,0
2025.7.1 0:03,R01,M08,43.63,32.853,37.101,3.7217,3.2277,87.78,46.175,23.628,36.573,53.441,58.193,0
2025.7.1 0:03,R01,M09,32.992,28.971,30.981,3.6885,3.6548,88.12,44.627,38.496,41.562,88.648,98.734,0
2025.7.1 0:03,R01,M10,33.207,29.468,31.337,3.6876,3.6584,88.15,46.077,37.602,41.84,87.828,99.421,0
2025.7.1 0:03,R01,M11,34.039,29.72,31.88,3.6854,3.6534,88.07,48.082,38.672,43.377,87.573,98.67,0
2025.7.1 0:03,R01,M01,31.936,27.546,29.741,3.6746,3.6436,87.82,41.011,34.206,37.609,91.11,99.488,0
2025.7.1 0:03,R01,M02,30.785,28.073,29.429,3.6757,3.6434,87.83,42.376,34.317,38.346,90.21,98.652,0
2025.7.1 0:03,R01,M03,30.875,27.861,29.368,3.6797,3.651,87.97,41.661,35.964,38.812,90.403,99.105,0
2025.7.1 0:03,R01,M04,31.777,28.352,30.065,3.6797,3.6513,87.97,44.7,36.143,40.422,89.836,98.833,0
2025.7.1 0:03,R01,M05,32.403,28.7,30.551,3.6807,3.6509,87.98,43.025,36.79,39.907,90.267,99.434,0
2025.7.1 0:03,R01,M06,31.209,28.312,29.761,3.684,3.651,88.02,44.505,36.335,40.42,89.098,98.71,0
2025.7.1 0:03,R01,M07,32.891,28.504,30.697,3.6834,3.652,88.02,45.39,37.108,41.249,89.205,98.786,0
2025.7.1 0:03,R01,M08,41.193,32.713,38.674,3.7101,3.2533,87.48,46.278,22.38,37.322,53.317,56.669,0
2025.7.1 0:03,R01,M09,32.876,29.35,31.113,3.6884,3.6497,88.06,45.471,38.377,41.924,88.92,99.452,0
2025.7.1 0:03,R01,M10,33.775,29.518,31.646,3.6874,3.6511,88.06,46.533,38.961,42.747,86.785,98.69,0
2025.7.1 0:03,R01,M11,32.873,29.658,31.265,3.6872,3.6573,88.13,47.468,39.147,43.308,87.562,98.53,0
2025.7.1 0:03,R01,M01,31.796,27.506,29.651,3.6743,3.6476,87.86,42.919,35.395,39.157,90.212,99.325,0
2025.7.1 0:03,R01,M02,31.263,27.985,29.624,3.6765,3.6427,87.83,42.032,33.659,37.846,91.284,98.831,0
2025.7.1 0:03,R01,M03,31.147,28.136,29.642,3.6802,3.6512,87.98,41.848,35.239,38.543,89.514,98.969,0
2025.7.1 0:03,R01,M04,32.49,28.4,30.445,3.6773,3.6476,87.9,42.606,36.524,39.565,89.828,99.109,0
2025.7.1 0:03,R01,M05,31.384,28.981,30.183,3.6813,3.6513,87.99,44.122,35.348,39.735,89.799,98.829,0
2025.7.1 0:03,R01,M06,31.794,28.619,30.206,3.6781,3.6528,87.97,43.967,35.561,39.764,88.555,99.049,0
2025.7.1 0:03,R01,M07,32.26,29.295,30.777,3.6811,3.6516,87.99,44.473,36.678,40.575,89.606,98.89,0
2025.7.1 0:03,R01,M08,43.538,32.754,37.13,3.7297,3.2551,87.92,46.532,22.656,38.176,53.85,56.288,0
2025.7.1 0:03,R01,M09,33.077,29.322,31.2,3.6877,3.6589,88.16,45.194,36.688,40.941,88.337,98.614,0
2025.7.1 0:03,R01,M10,33.942,29.293,31.617,3.685,3.6526,88.05,46.365,37.931,42.148,86.751,98.574,0
2025.7.1 0:03,R01,M11,32.991,29.721,31.356,3.6877,3.6595,88.17,46.904,39.884,43.394,86.76,98.831,0
2025.7.1 0:03,R01,M01,32.004,27.959,29.981,3.679,3.6454,87.89,41.079,34.947,38.013,90.949,98.857,0
2025.7.1 0:03,R01,M02,31.77,27.715,29.742,3.6802,3.6445,87.9,42.017,33.157,37.587,90.241,99.465,0
2025.7.1 0:03,R01,M03,31.742,28.337,30.04,3.6763,3.6465,87.87,43.221,33.599,38.41,90.589,98.97,0
2025.7.1 0:03,R01,M04,32.607,28.427,30.517,3.6834,3.6466,87.96,43.54,36.958,40.249,90.779,99.201,0
2025.7.1 0:03,R01,M05,31.389,28.467,29.928,3.6754,3.646,87.86,44.705,36.966,40.835,90.322,98.911,0
2025.7.1 0:03,R01,M06,32.1,28.401,30.251,3.6767,3.6476,87.89,45.809,35.601,40.705,89.008,99.406,0
2025.7.1 0:03,R01,M07,32.431,28.796,30.613,3.6774,3.6569,88.01,44.373,36.881,40.627,89.452,99.372,0
2025.7.1 0:03,R01,M08,41.343,31.915,37.421,3.7243,3.2221,87.27,47.762,23.831,37.145,53.947,57.252,0
2025.7.1 0:03,R01,M09,33.079,29.268,31.174,3.6817,3.6524,88.01,47.328,36.537,41.933,87.216,98.58,0
2025.7.1 0:03,R01,M10,33.868,29.676,31.772,3.6898,3.6566,88.16,45.845,38.695,42.27,88.293,98.738,0
2025.7.1 0:03,R01,M11,32.776,29.45,31.113,3.6825,3.6591,88.1,45.713,38.427,42.07,87.501,98.821,0
2025.7.1 0:03,R01,M01,31.193,27.837,29.515,3.6782,3.6483,87.92,40.557,34.987,37.772,90.029,99.269,0
2025.7.1 0:03,R01,M02,32.139,27.528,29.834,3.6791,3.6446,87.88,43.33,33.8,38.565,89.756,98.85,0
2025.7.1 0:03,R01,M03,31.178,28.29,29.734,3.6825,3.6505,88.0,43.356,33.64,38.498,91.115,98.571,0
2025.7.1 0:03,R01,M04,31.422,28.198,29.81,3.6783,3.651,87.95,42.31,34.181,38.245,90.79,99.014,0
2025.7.1 0:03,R01,M05,32.992,28.724,30.858,3.6791,3.6532,87.99,42.663,36.745,39.704,89.491,98.7,0
2025.7.1 0:03,R01,M06,31.862,28.45,30.156,3.6856,3.6532,88.07,45.145,36.113,40.629,88.652,98.988,0
2025.7.1 0:03,R01,M07,32.482,29.391,30.936,3.6777,3.6551,87.99,43.755,37.62,40.688,88.466,98.531,0
2025.7.1 0:03,R01,M08,41.671,32.014,38.72,3.7286,3.2546,87.54,47.662,23.957,34.54,54.074,57.094,0
2025.7.1 0:03,R01,M09,32.093,29.786,30.94,3.6881,3.656,88.13,45.03,37.525,41.278,88.75,99.214,0
2025.7.1 0:03,R01,M10,32.196,29.357,30.776,3.6891,3.6551,88.13,47.185,37.523,42.354,87.478,98.541,0
2025.7.1 0:03,R01,M11,32.2,29.819,31.01,3.6817,3.6566,88.06,47.156,38.105,42.63,87.113,99.042,0
2025.7.1 0:03,R01,M01,31.032,27.281,29.157,3.6755,3.6422,87.81,42.641,33.305,37.973,90.64,98.946,0
2025.7.1 0:03,R01,M02,30.502,27.863,29.182,3.6758,3.6478,87.88,42.081,33.667,37.874,91.438,99.028,0
2025.7.1 0:03,R01,M03,31.802,28.055,29.928,3.6824,3.6465,87.95,42.432,35.718,39.075,90.016,99.346,0
2025.7.1 0:03,R01,M04,31.799,28.773,30.286,3.6821,3.6495,87.98,42.411,35.226,38.819,89.476,98.78,0
2025.7.1 0:03,R01,M05,31.095,28.894,29.994,3.6782,3.6516,87.96,43.56,36.925,40.242,88.564,99.393,0
2025.7.1 0:03,R01,M06,32.677,28.624,30.651,3.6787,3.653,87.98,44.024,36.255,40.139,89.218,99.496,0
2025.7.1 0:03,R01,M07,31.929,29.281,30.605,3.6775,3.6541,87.98,45.217,38.491,41.854,89.127,99.171,0
2025.7.1 0:03,R01,M08,42.088,32.806,37.885,3.7152,3.2534,87.53,46.326,22.452,34.586,53.985,56.025,0
2025.7.1 0:03,R01,M09,33.207,28.887,31.047,3.6871,3.6513,88.06,45.512,36.539,41.026,87.996,99.07,0
2025.7.1 0:03,R01,M10,32.291,29.268,30.779,3.6888,3.6532,88.1,46.942,37.994,42.468,88.362,99.302,0
2025.7.1 0:03,R01,M11,33.634,29.917,31.776,3.6896,3.6558,88.14,46.489,37.831,42.16,87.75,98.799,0
2025.7.1 0:03,R01,M01,30.886,27.62,29.253,3.673,3.6494,87.87,41.275,34.704,37.989,90.768,98.958,0
2025.7.1 0:03,R01,M02,30.515,27.898,29.206,3.68,3.6421,87.87,43.126,33.288,38.207,89.67,99.205,0
2025.7.1 0:03,R01,M03,31.465,28.415,29.94,3.6792,3.6486,87.93,42.374,34.318,38.346,90.549,99.379,0
2025.7.1 0:03,R01,M04,32.38,28.121,30.251,3.6832,3.6484,87.98,44.364,34.914,39.639,90.438,98.602,0
2025.7.1 0:03,R01,M05,31.719,28.81,30.264,3.6844,3.6454,87.96,43.04,34.576,38.808,89.998,98.56,0
2025.7.1 0:03,R01,M06,32.489,29.03,30.759,3.6853,3.6506,88.03,45.574,35.566,40.57,89.188,98.729,0
2025.7.1 0:03,R01,M07,31.742,28.842,30.292,3.6777,3.6558,88.0,45.577,38.04,41.808,89.694,99.172,0
2025.7.1 0:03,R01,M08,43.727,31.4,39.148,3.7131,3.2528,87.36,47.666,23.138,37.777,53.796,59.167,0
2025.7.1 0:03,R01,M09,33.247,29.575,31.411,3.6821,3.6558,88.05,44.716,36.979,40.847,88.834,99.043,0
2025.7.1 0:03,R01,M10,33.733,29.14,31.436,3.6865,3.6512,88.05,47.686,38.568,43.127,86.905,99.314,0
2025.7.1 0:03,R01,M11,32.304,30.085,31.195,3.6891,3.6545,88.12,46.504,39.71,43.107,87.293,98.986,0
2025.7.1 0:03,R01,M01,30.826,27.899,29.363,3.6716,3.6459,87.81,43.468,33.394,38.431,90.138,99.11,0
2025.7.1 0:03,R01,M02,30.453,28.272,29.362,3.672,3.6454,87.81,43.793,33.468,38.63,90.894,99.027,0
2025.7.1 0:03,R01,M03,30.946,27.778,29.362,3.6788,3.6469,87.91,42.028,36.129,39.078,90.188,99.053,0
2025.7.1 0:03,R01,M04,32.519,27.953,30.236,3.6799,3.6502,87.96,43.559,36.591,40.075,89.652,98.516,0
2025.7.1 0:03,R01,M05,31.845,28.35,30.098,3.6778,3.6505,87.94,45.358,35.067,40.212,89.538,98.863,0
2025.7.1 0:03,R01,M06,32.11,28.714,30.412,3.6804,3.6546,88.02,44.218,37.531,40.874,88.602,98.621,0
2025.7.1 0:03,R01,M07,32.877,29.369,31.123,3.6791,3.6543,88.0,45.837,35.699,40.768,88.838,99.383,0
2025.7.1 0:03,R01,M08,43.034,31.919,38.657,3.721,3.2086,87.31,47.462,21.867,36.606,53.673,56.248,0
2025.7.1 0:03,R01,M09,33.667,29.444,31.556,3.6845,3.6583,88.11,45.689,38.502,42.096,88.108,98.517,0
2025.7.1 0:03,R01,M10,33.193,29.16,31.176,3.6802,3.6534,88.0,47.195,37.375,42.285,87.27,98.674,0
2025.7.1 0:03,R01,M11,32.487,29.661,31.074,3.682,3.66,88.1,46.495,37.811,42.153,86.756,99.034,0
2025.7.1 0:03,R01,M01,32.064,27.672,29.868,3.6781,3.6467,87.9,41.879,34.923,38.401,91.036,98.613,0
2025.7.1 0:03,R01,M02,31.009,27.57,29.29,3.6789,3.6497,87.94,41.762,35.96,38.861,90.59,99.366,0
2025.7.1 0:03,R01,M03,32.288,28.332,30.31,3.6802,3.6475,87.93,44.307,34.012,39.16,91.071,99.255,0
2025.7.1 0:03,R01,M04,31.331,27.852,29.591,3.6748,3.6463,87.85,42.353,34.252,38.303,90.233,99.372,0
2025.7.1 0:03,R01,M05,31.423,28.507,29.965,3.6756,3.6509,87.92,45.406,35.109,40.258,90.068,98.81,0
2025.7.1 0:03,R01,M06,32.828,28.234,30.531,3.6831,3.6556,88.06,44.837,37.522,41.18,88.204,98.609,0
2025.7.1 0:03,R01,M07,31.449,28.607,30.028,3.6831,3.6494,87.99,45.763,38.177,41.97,88.653,99.214,0
2025.7.1 0:03,R01,M08,44.052,32.459,37.467,3.7291,3.2006,87.97,47.311,23.82,36.967,52.85,58.756,0
2025.7.1 0:03,R01,M09,33.717,29.72,31.718,3.6865,3.6527,88.07,46.895,38.318,42.606,86.91,99.018,0
2025.7.1 0:03,R01,M10,32.652,29.002,30.827,3.6824,3.65,87.99,46.93,38.271,42.6,87.4,99.421,0
2025.7.1 0:03,R01,M11,32.988,30.194,31.591,3.6832,3.6542,88.05,46.206,38.543,42.374,86.554,98.924,0
2025.7.1 0:03,R01,M01,30.706,27.329,29.017,3.6718,3.6436,87.78,40.795,34.797,37.796,91.588,99.297,0
2025.7.1 0:03,R01,M02,30.659,27.541,29.1,3.6762,3.6475,87.88,41.773,33.595,37.684,89.507,99.146,0
2025.7.1 0:03,R01,M03,31.997,28.331,30.164,3.6785,3.6524,87.97,43.179,33.925,38.552,90.793,99.25,0
2025.7.1 0:03,R01,M04,31.9,28.623,30.261,3.6795,3.6515,87.97,43.646,35.89,39.768,90.42,99.014,0
2025.7.1 0:03,R01,M05,32.701,28.584,30.642,3.6819,3.6487,87.97,43.045,35.079,39.062,90.274,99.49,0
2025.7.1 0:03,R01,M06,31.593,28.446,30.02,3.6839,3.6499,88.01,44.467,37.997,41.232,89.517,98.687,0
2025.7.1 0:03,R01,M07,32.162,29.15,30.656,3.6856,3.6512,88.04,45.83,37.831,41.831,88.036,98.891,0
2025.7.1 0:03,R01,M08,43.955,32.496,38.061,3.713,3.2074,87.38,46.781,24.068,36.96,53.613,56.529,0
2025.7.1 0:03,R01,M09,33.004,29.532,31.268,3.6839,3.6503,88.01,45.242,39.44,42.341,87.857,99.434,0
2025.7.1 0:03,R01,M10,32.18,29.35,30.765,3.6869,3.6566,88.12,45.152,37.886,41.519,86.528,99.391,0
2025.7.1 0:03,R01,M11,32.432,29.426,30.929,3.6886,3.6553,88.13,48.301,37.697,42.999,86.272,99.341,0
2025.7.1 0:03,R01,M01,30.318,27.446,28.882,3.6744,3.65,87.89,42.97,33.75,38.36,91.547,99.095,0
2025.7.1 0:03,R01,M02,30.521,27.488,29.005,3.6726,3.6425,87.78,42.883,34.42,38.651,90.456,99.481,0
2025.7.1 0:03,R01,M03,31.138,27.734,29.436,3.6734,3.6495,87.87,42.894,36.42,39.657,91.026,99.351,0
2025.7.1 0:03,R01,M04,32.005,27.863,29.934,3.6742,3.6489,87.88,44.304,36.875,40.59,89.285,99.092,0
2025.7.1 0:03,R01,M05,32.982,28.02,30.501,3.6798,3.6481,87.93,43.179,34.991,39.085,90.322,98.782,0
2025.7.1 0:03,R01,M06,32.965,28.257,30.611,3.6846,3.6528,88.05,44.706,36.628,40.667,88.528,98.99,0
2025.7.1 0:03,R01,M07,31.585,28.957,30.271,3.6784,3.6505,87.95,44.802,38.056,41.429,88.921,99.463,0
2025.7.1 0:03,R01,M08,41.513,31.373,38.676,3.7107,3.2106,87.88,48.907,20.854,38.775,52.07,58.68,0
2025.7.1 0:03,R01,M09,32.394,29.493,30.944,3.6799,3.6586,88.06,44.659,36.558,40.608,87.907,98.887,0
2025.7.1 0:03,R01,M10,32.251,29.499,30.875,3.6848,3.6537,88.06,45.633,37.042,41.338,87.802,98.592,0
2025.7.1 0:03,R01,M11,34.071,29.565,31.818,3.6844,3.6608,88.14,47.345,39.331,43.338,87.188,99.225,0
2025.7.1 0:03,R01,M01,31.16,27.939,29.55,3.6791,3.648,87.93,42.997,32.862,37.93,89.851,99.494,0
2025.7.1 0:03,R01,M02,30.856,27.857,29.357,3.6784,3.6511,87.95,42.2,35.632,38.916,89.44,98.896,0
2025.7.1 0:03,R01,M03,31.345,28.463,29.904,3.6805,3.6464,87.92,41.867,33.63,37.748,90.242,99.06,0
2025.7.1 0:03,R01,M04,31.789,28.143,29.966,3.6779,3.6525,87.96,43.679,35.064,39.371,90.171,98.665,0
2025.7.1 0:03,R01,M05,32.045,28.924,30.485,3.6793,3.646,87.9,42.724,35.97,39.347,90.29,98.926,0
2025.7.1 0:03,R01,M06,31.789,28.912,30.351,3.6824,3.6467,87.95,45.557,36.912,41.234,88.51,98.947,0
2025.7.1 0:03,R01,M07,32.684,28.867,30.776,3.6846,3.648,87.99,46.16,35.697,40.928,88.185,98.504,0
2025.7.1 0:03,R01,M08,42.025,32.975,39.341,3.7271,3.2078,87.61,47.619,23.342,37.313,52.399,58.742,0
2025.7.1 0:03,R01,M09,32.131,29.708,30.919,3.6881,3.6581,88.15,44.942,36.914,40.928,88.356,98.888,0
2025.7.1 0:03,R01,M10,33.469,29.983,31.726,3.6818,3.6514,88.0,46.983,39.495,43.239,88.287,99.041,0
2025.7.1 0:03,R01,M11,33.531,29.294,31.413,3.6891,3.6578,88.16,46.422,39.871,43.147,87.114,99.04,0
2025.7.1 0:03,R01,M01,31.804,27.809,29.806,3.6788,3.6502,87.95,40.989,35.343,38.166,91.112,99.404,0
2025.7.1 0:03,R01,M02,32.11,27.484,29.797,3.6788,3.643,87.86,41.1,33.432,37.266,90.415,99.447,0
2025.7.1 0:03,R01,M03,31.768,28.215,29.992,3.6744,3.6494,87.89,41.872,35.291,38.581,89.937,99.171,0
2025.7.1 0:03,R01,M04,32.552,27.987,30.27,3.6789,3.6495,87.94,43.024,36.737,39.88,90.003,99.176,0
2025.7.1 0:03,R01,M05,32.473,28.65,30.561,3.6768,3.6465,87.88,44.298,37.165,40.731,89.737,98.551,0
2025.7.1 0:03,R01,M06,32.814,29.199,31.007,3.6842,3.6539,88.06,43.874,35.074,39.474,88.735,98.972,0
2025.7.1 0:03,R01,M07,32.754,28.66,30.707,3.6789,3.6559,88.02,46.184,36.236,41.21,87.74,98.715,0
2025.7.1 0:03,R01,M08,41.471,32.347,39.424,3.7295,3.2342,87.76,47.363,23.53,35.361,53.049,58.847,0
2025.7.1 0:03,R01,M09,33.625,29.384,31.505,3.6831,3.6512,88.01,46.328,38.849,42.588,86.822,98.705,0
2025.7.1 0:03,R01,M10,32.94,29.182,31.061,3.6862,3.6554,88.1,47.392,39.85,43.621,87.61,99.077,0
2025.7.1 0:03,R01,M11,32.491,29.934,31.212,3.6827,3.6585,88.09,48.165,39.779,43.972,87.775,99.464,0
2025.7.1 0:03,R01,M01,31.077,27.596,29.337,3.6729,3.6442,87.81,41.623,33.17,37.397,91.021,99.427,0
2025.7.1 0:03,R01,M02,31.755,28.286,30.02,3.6733,3.6466,87.84,43.312,34.27,38.791,90.703,98.878,0
2025.7.1 0:03,R01,M03,31.023,28.062,29.543,3.6773,3.6511,87.94,44.098,35.749,39.924,90.22,98.567,0
2025.7.1 0:03,R01,M04,30.892,28.024,29.458,3.6777,3.6535,87.97,44.068,35.453,39.761,90.053,98.568,0
2025.7.1 0:03,R01,M05,32.547,28.177,30.362,3.6778,3.653,87.97,45.094,34.571,39.832,89.415,98.967,0
2025.7.1 0:03,R01,M06,31.359,28.331,29.845,3.6805,3.6559,88.04,45.023,36.172,40.597,88.989,98.573,0
2025.7.1 0:03,R01,M07,32.921,29.186,31.053,3.6818,3.6501,87.98,45.712,36.37,41.041,89.088,99.066,0
2025.7.1 0:03,R01,M08,44.01,32.823,37.535,3.7207,3.214,87.54,49.926,22.706,36.535,52.385,55.479,0
2025.7.1 0:03,R01,M09,32.71,28.963,30.837,3.6791,3.6559,88.02,47.422,38.447,42.934,86.695,98.616,0
2025.7.1 0:03,R01,M10,33.519,29.826,31.672,3.6807,3.6555,88.03,46.368,39.315,42.841,86.826,98.539,0
2025.7.1 0:03,R01,M11,34.04,29.949,31.995,3.6862,3.657,88.12,46.347,39.132,42.739,86.826,99.456,0
2025.7.1 0:03,R01,M01,32.017,27.795,29.906,3.673,3.6447,87.81,41.483,32.846,37.164,91.386,99.13,0
2025.7.1 0:03,R01,M02,32.078,28.378,30.228,3.6783,3.6461,87.89,41.652,33.639,37.645,90.085,99.391,0
2025.7.1 0:03,R01,M03,32.546,28.596,30.571,3.6742,3.6467,87.85,41.674,33.904,37.789,89.06,99.397,0
2025.7.1 0:03,R01,M04,31.694,28.412,30.053,3.6829,3.6451,87.94,43.226,34.635,38.93,90.178,98.805,0
2025.7.1 0:03,R01,M05,32.149,28.552,30.351,3.6786,3.6529,87.98,44.789,36.474,40.632,88.866,98.721,0
2025.7.1 0:03,R01,M06,32.386,29.101,30.744,3.6801,3.6471,87.93,44.741,36.243,40.492,88.168,98.718,0
2025.7.1 0:03,R01,M07,32.297,28.516,30.406,3.6868,3.6548,88.1,45.426,36.173,40.8,88.691,99.415,0
2025.7.1 0:03,R01,M08,41.614,32.966,39.319,3.7196,3.2151,87.62,48.936,23.996,38.393,53.497,56.49,0
2025.7.1 0:03,R01,M09,33.098,29.489,31.294,3.6886,3.6569,88.15,46.071,37.369,41.72,87.581,98.924,0
2025.7.1 0:03,R01,M10,32.208,29.181,30.694,3.6866,3.6552,88.1,47.805,37.398,42.602,87.773,99.118,0
2025.7.1 0:03,R01,M11,32.272,30.162,31.217,3.6896,3.6521,88.1,48.412,39.189,43.8,86.44,99.413,0
2025.7.1 0:03,R01,M01,31.161,28.01,29.586,3.673,3.6485,87.86,41.243,35.249,38.246,90.32,99.224,0
2025.7.1 0:03,R01,M02,31.782,27.562,29.672,3.6757,3.6482,87.89,41.232,34.771,38.002,89.336,99.498,0
2025.7.1 0:03,R01,M03,30.707,28.314,29.511,3.6753,3.6527,87.94,43.004,34.515,38.76,89.822,98.893,0
2025.7.1 0:03,R01,M04,30.988,28.646,29.817,3.6826,3.6462,87.95,42.143,34.924,38.534,89.013,99.145,0
2025.7.1 0:03,R01,M05,31.404,28.17,29.787,3.6838,3.6522,88.03,42.943,36.739,39.841,88.964,99.453,0
2025.7.1 0:03,R01,M06,32.001,28.283,30.142,3.6856,3.6506,88.03,43.705,35.988,39.846,88.695,99.375,0
2025.7.1 0:03,R01,M07,33.08,29.359,31.22,3.6801,3.648,87.94,44.723,36.172,40.447,88.943,98.698,0
2025.7.1 0:03,R01,M08,41.713,31.632,38.96,3.711,3.245,87.44,47.454,21.929,35.649,53.953,56.517,0
2025.7.1 0:03,R01,M09,32.202,29.263,30.733,3.688,3.656,88.13,45.806,36.536,41.171,88.507,98.863,0
2025.7.1 0:03,R01,M10,32.227,29.184,30.706,3.6836,3.6546,88.06,47.904,39.821,43.862,87.735,99.237,0
2025.7.1 0:03,R01,M11,34.153,29.948,32.05,3.6834,3.6518,88.02,47.47,38.012,42.741,85.831,98.864,0
2025.7.1 0:03,R01,M01,31.551,27.216,29.383,3.6801,3.6419,87.86,43.036,34.914,38.975,90.95,99.035,0
2025.7.1 0:03,R01,M02,30.707,27.945,29.326,3.678,3.6438,87.86,41.124,34.806,37.965,90.938,98.668,0
2025.7.1 0:03,R01,M03,31.106,28.018,29.562,3.6801,3.6471,87.93,43.518,36.324,39.921,90.673,99.441,0
2025.7.1 0:03,R01,M04,32.236,28.513,30.374,3.6792,3.6525,87.98,43.156,34.411,38.784,89.093,99.38,0
2025.7.1 0:03,R01,M05,31.154,28.84,29.997,3.6823,3.645,87.93,42.891,37.397,40.144,90.017,98.72,0
2025.7.1 0:03,R01,M06,31.217,28.462,29.84,3.6814,3.6523,88.0,43.174,36.408,39.791,89.459,98.711,0
2025.7.1 0:03,R01,M07,32.925,29.018,30.971,3.6803,3.6545,88.02,44.95,37.863,41.407,88.936,99.308,0
2025.7.1 0:03,R01,M08,43.483,31.113,37.919,3.7103,3.245,87.28,47.333,22.603,37.083,52.86,55.398,0
2025.7.1 0:03,R01,M09,33.712,29.548,31.63,3.6845,3.6548,88.07,45.618,37.761,41.69,88.381,99.251,0
2025.7.1 0:03,R01,M10,33.591,29.062,31.327,3.69,3.6567,88.16,45.125,39.781,42.453,86.389,99.188,0
2025.7.1 0:03,R01,M11,33.852,30.001,31.926,3.6843,3.6533,88.05,46.587,39.336,42.962,86.566,98.975,0
2025.7.1 0:03,R01,M01,31.502,27.261,29.381,3.676,3.6414,87.81,42.458,33.175,37.816,90.052,98.678,0
2025.7.1 0:03,R01,M02,32.313,27.486,29.9,3.68,3.6476,87.93,42.131,34.428,38.279,89.61,99.469,0
2025.7.1 0:03,R01,M03,31.093,28.353,29.723,3.6791,3.6488,87.93,43.566,33.514,38.54,89.6,99.11,0
2025.7.1 0:03,R01,M04,32.302,28.499,30.401,3.6828,3.6456,87.94,43.8,36.137,39.968,89.741,98.999,0
2025.7.1 0:03,R01,M05,32.435,28.901,30.668,3.6819,3.6511,88.0,44.842,36.37,40.606,89.204,99.325,0
2025.7.1 0:03,R01,M06,32.264,29.12,30.692,3.6848,3.6469,87.98,43.725,35.967,39.846,89.459,98.792,0
2025.7.1 0:03,R01,M07,32.741,28.652,30.697,3.6856,3.6513,88.04,46.086,36.255,41.171,87.846,99.044,0
2025.7.1 0:03,R01,M08,42.405,32.981,38.311,3.7298,3.2308,88.0,49.75,23.444,35.555,53.052,56.187,0
2025.7.1 0:03,R01,M09,33.149,29.561,31.355,3.6857,3.6583,88.13,46.535,37.204,41.87,88.022,99.167,0
2025.7.1 0:03,R01,M10,33.804,29.416,31.61,3.6879,3.6518,88.08,46.852,39.874,43.363,87.022,99.481,0
2025.7.1 0:03,R01,M11,33.598,29.757,31.678,3.6863,3.6516,88.05,45.989,39.651,42.82,87.131,98.656,0
2025.7.1 0:03,R01,M01,31.357,27.246,29.301,3.678,3.6505,87.94,42.667,35.462,39.065,91.076,99.493,0
2025.7.1 0:03,R01,M02,31.619,28.198,29.909,3.6736,3.6517,87.9,42.23,35.743,38.986,89.275,99.444,0
2025.7.1 0:03,R01,M03,32.455,28.05,30.252,3.6777,3.6444,87.87,43.285,35.34,39.312,89.649,98.566,0
2025.7.1 0:03,R01,M04,32.776,28.692,30.734,3.6825,3.6449,87.93,44.005,36.468,40.237,89.888,98.588,0
2025.7.1 0:03,R01,M05,31.557,28.165,29.861,3.6765,3.6501,87.92,43.312,36.293,39.802,89.901,99.149,0
2025.7.1 0:03,R01,M06,31.605,28.94,30.273,3.6819,3.6538,88.03,44.813,36.771,40.792,88.892,98.517,0
2025.7.1 0:03,R01,M07,31.591,29.008,30.3,3.6851,3.6566,88.1,44.963,35.553,40.258,87.596,98.558,0
2025.7.1 0:03,R01,M08,44.162,32.697,37.83,3.7129,3.2263,87.74,47.824,20.651,37.259,53.454,56.782,0
2025.7.1 0:03,R01,M09,33.476,29.019,31.247,3.6844,3.6551,88.07,46.692,38.196,42.444,87.287,99.345,0
2025.7.1 0:03,R01,M10,33.407,29.412,31.409,3.6847,3.6527,88.05,46.372,37.122,41.747,86.578,98.613,0
2025.7.1 0:03,R01,M11,32.382,30.036,31.209,3.6848,3.6588,88.12,46.795,38.742,42.769,86.424,99.351,0
2025.7.1 0:03,R01,M01,31.545,27.851,29.698,3.6722,3.65,87.87,42.001,34.425,38.213,90.964,98.527,0
2025.7.1 0:03,R01,M02,30.452,28.352,29.402,3.6798,3.6437,87.88,41.872,35.67,38.771,89.524,98.97,0
2025.7.1 0:03,R01,M03,30.652,28.395,29.523,3.6815,3.6494,87.97,43.875,36.491,40.183,89.325,99.441,0
2025.7.1 0:03,R01,M04,32.179,28.006,30.093,3.6825,3.6477,87.96,43.903,35.222,39.562,89.816,99.306,0
2025.7.1 0:03,R01,M05,31.936,28.3,30.118,3.6816,3.6488,87.96,43.545,34.908,39.227,89.25,99.07,0
2025.7.1 0:03,R01,M06,32.586,28.843,30.715,3.6786,3.6547,88.0,43.438,36.469,39.954,89.566,99.39,0
2025.7.1 0:03,R01,M07,33.308,28.452,30.88,3.6799,3.6509,87.97,45.347,36.273,40.81,88.742,99.465,0
2025.7.1 0:03,R01,M08,43.05,31.541,39.518,3.7251,3.2483,87.5,46.597,21.994,35.768,53.694,58.429,0
2025.7.1 0:03,R01,M09,33.028,29.492,31.26,3.6808,3.6528,88.0,45.001,38.645,41.823,87.429,99.121,0
2025.7.1 0:03,R01,M10,33.828,29.494,31.661,3.681,3.6544,88.02,46.563,38.809,42.686,87.63,98.868,0
2025.7.1 0:03,R01,M11,33.309,29.405,31.357,3.684,3.6587,88.11,47.962,38.743,43.353,86.127,99.001,0
2025.7.1 0:04,R01,M01,31.637,27.661,29.649,3.6764,3.6479,87.89,43.32,34.582,38.951,89.808,98.672,0
2025.7.1 0:04,R01,M02,30.675,27.955,29.315,3.6794,3.6429,87.87,41.203,33.624,37.413,89.995,99.132,0
2025.7.1 0:04,R01,M03,31.048,28.061,29.554,3.6745,3.6525,87.92,42.674,35.097,38.886,90.26,99.216,0
2025.7.1 0:04,R01,M04,31.978,28.156,30.067,3.6821,3.649,87.97,43.92,35.808,39.864,89.965,99.482,0
2025.7.1 0:04,R01,M05,32.817,28.609,30.713,3.6803,3.6511,87.98,42.977,35.901,39.439,88.344,99.173,0
2025.7.1 0:04,R01,M06,33.149,28.481,30.815,3.677,3.6471,87.89,44.302,37.404,40.853,87.932,99.167,0
2025.7.1 0:04,R01,M07,32.036,28.954,30.495,3.6778,3.6523,87.96,45.314,36.246,40.78,88.956,99.005,0
2025.7.1 0:04,R01,M08,44.588,31.224,39.665,3.7112,3.2134,87.23,48.967,22.781,38.531,52.929,55.966,0
2025.7.1 0:04,R01,M09,33.116,29.124,31.12,3.681,3.6566,88.05,46.414,38.796,42.605,87.138,98.511,0
2025.7.1 0:04,R01,M10,32.436,29.711,31.073,3.6855,3.6586,88.13,45.059,39.166,42.112,87.482,98.932,0
2025.7.1 0:04,R01,M11,33.053,29.62,31.337,3.6846,3.6584,88.12,46.393,39.37,42.882,85.88,98.575,0
2025.7.1 0:04,R01,M01,31.082,27.498,29.29,3.6788,3.6421,87.85,42.709,34.842,38.776,90.0,98.938,0
2025.7.1 0:04,R01,M02,31.218,28.365,29.791,3.6762,3.6428,87.83,41.405,35.64,38.523,89.638,99.234,0
2025.7.1 0:04,R01,M03,31.003,28.592,29.797,3.676,3.6489,87.9,41.679,35.139,38.409,90.108,98.786,0
2025.7.1 0:04,R01,M04,31.111,28.532,29.822,3.6756,3.6506,87.91,42.783,36.487,39.635,88.336,99.069,0
2025.7.1 0:04,R01,M05,32.566,28.804,30.685,3.6767,3.6538,87.97,42.575,36.238,39.407,88.349,99.31,0
2025.7.1 0:04,R01,M06,32.498,28.546,30.522,3.6766,3.6504,87.92,45.818,35.948,40.883,88.912,98.579,0
2025.7.1 0:04,R01,M07,32.258,29.039,30.649,3.6846,3.6483,87.99,46.166,37.421,41.793,87.676,99.474,0
2025.7.1 0:04,R01,M08,42.775,32.634,39.046,3.711,3.2004,88.07,46.593,20.284,37.308,53.541,55.392,0
2025.7.1 0:04,R01,M09,32.813,29.686,31.25,3.6806,3.6583,88.07,46.357,38.29,42.323,87.683,99.461,0
2025.7.1 0:04,R01,M10,32.217,29.136,30.676,3.6828,3.6545,88.05,47.37,38.458,42.914,86.642,99.168,0
2025.7.1 0:04,R01,M11,32.381,29.317,30.849,3.6906,3.6568,88.17,46.327,40.468,43.398,86.826,99.458,0
2025.7.1 0:04,R01,M01,31.797,27.641,29.719,3.6724,3.6447,87.81,40.834,34.882,37.858,89.44,98.82,0
2025.7.1 0:04,R01,M02,31.758,27.838,29.798,3.6815,3.6443,87.91,42.033,33.489,37.761,89.078,98.602,0
2025.7.1 0:04,R01,M03,31.663,27.703,29.683,3.6767,3.6438,87.85,42.992,34.511,38.752,89.011,98.561,0
2025.7.1 0:04,R01,M04,31.427,28.126,29.776,3.6784,3.6499,87.94,42.585,34.292,38.439,90.204,99.438,0
2025.7.1 0:04,R01,M05,31.153,28.576,29.864,3.6765,3.6545,87.97,42.581,34.776,38.678,88.159,99.01,0
2025.7.1 0:04,R01,M06,32.336,28.913,30.624,3.6842,3.6511,88.02,45.87,37.144,41.507,88.118,98.984,0
2025.7.1 0:04,R01,M07,31.671,29.093,30.382,3.6837,3.6539,88.05,44.126,38.161,41.144,88.619,98.51,0
2025.7.1 0:04,R01,M08,44.2,32.847,38.219,3.7286,3.2513,87.19,46.256,21.998,38.778,53.28,58.037,0
2025.7.1 0:04,R01,M09,32.82,29.746,31.283,3.6881,3.6508,88.07,44.843,36.69,40.767,86.571,99.124,0
2025.7.1 0:04,R01,M10,32.498,29.892,31.195,3.6859,3.6593,88.14,45.629,38.285,41.957,87.715,98.897,0
2025.7.1 0:04,R01,M11,32.587,29.523,31.055,3.6903,3.6538,88.13,46.559,37.551,42.055,86.396,99.037,0
2025.7.1 0:04,R01,M01,30.339,27.622,28.98,3.6776,3.6447,87.87,41.42,35.459,38.44,90.01,99.266,0
2025.7.1 0:04,R01,M02,31.802,27.472,29.637,3.6804,3.6443,87.9,41.002,34.333,37.668,90.319,98.972,0
2025.7.1 0:04,R01,M03,31.958,27.719,29.838,3.6781,3.6487,87.92,43.474,34.147,38.81,88.88,99.031,0
2025.7.1 0:04,R01,M04,31.323,28.225,29.774,3.6799,3.6512,87.97,42.179,36.429,39.304,89.617,99.434,0
2025.7.1 0:04,R01,M05,32.406,28.806,30.606,3.6835,3.6543,88.05,44.855,36.809,40.832,89.447,99.396,0
2025.7.1 0:04,R01,M06,31.903,28.483,30.193,3.6818,3.655,88.04,43.644,36.237,39.941,87.484,98.89,0
2025.7.1 0:04,R01,M07,31.855,29.041,30.448,3.6843,3.6509,88.02,44.395,36.914,40.654,88.872,99.117,0
2025.7.1 0:04,R01,M08,44.858,31.381,37.845,3.7252,3.2337,87.25,47.805,20.896,37.973,53.943,57.7,0
2025.7.1 0:04,R01,M09,33.758,29.786,31.772,3.6792,3.6519,87.97,46.979,37.269,42.124,86.41,98.54,0
2025.7.1 0:04,R01,M10,32.911,29.422,31.166,3.6826,3.6514,88.01,47.816,38.714,43.265,86.633,99.277,0
2025.7.1 0:04,R01,M11,33.124,29.425,31.275,3.6851,3.6519,88.04,47.03,39.997,43.514,86.906,99.421,0
2025.7.1 0:04,R01,M01,31.45,27.93,29.69,3.6759,3.6457,87.86,43.287,33.406,38.346,90.819,99.417,0
2025.7.1 0:04,R01,M02,31.215,28.193,29.704,3.6811,3.6488,87.96,41.954,33.653,37.803,89.758,99.424,0
2025.7.1 0:04,R01,M03,31.353,27.926,29.639,3.6795,3.6479,87.93,43.305,35.015,39.16,88.594,98.527,0
2025.7.1 0:04,R01,M04,31.125,28.186,29.655,3.6754,3.6496,87.9,42.684,36.06,39.372,90.133,98.529,0
2025.7.1 0:04,R01,M05,32.672,28.308,30.49,3.6774,3.655,87.99,42.89,35.414,39.152,88.685,98.602,0
2025.7.1 0:04,R01,M06,31.23,29.12,30.175,3.6835,3.6479,87.98,44.855,36.387,40.621,88.224,98.94,0
2025.7.1 0:04,R01,M07,32.44,29.11,30.775,3.6863,3.6516,88.05,44.617,36.671,40.644,87.71,98.858,0
2025.7.1 0:04,R01,M08,45.045,32.276,39.764,3.7268,3.2184,87.66,49.477,19.958,37.853,53.514,56.558,0
2025.7.1 0:04,R01,M09,31.812,29.355,30.584,3.687,3.653,88.08,46.845,37.854,42.349,86.722,99.424,0
2025.7.1 0:04,R01,M10,33.066,29.385,31.226,3.6862,3.6515,88.05,47.767,38.667,43.217,86.71,99.331,0
2025.7.1 0:04,R01,M11,32.213,29.584,30.898,3.6881,3.6537,88.1,48.498,39.524,44.011,86.718,99.259,0
2025.7.1 0:04,R01,M01,31.018,28.105,29.562,3.6809,3.6449,87.91,42.896,32.553,37.724,90.711,99.052,0
2025.7.1 0:04,R01,M02,30.583,28.149,29.366,3.6809,3.6518,87.99,42.149,33.906,38.028,90.21,98.538,0
2025.7.1 0:04,R01,M03,30.853,27.798,29.325,3.6744,3.65,87.89,41.915,34.977,38.446,89.184,98.805,0
2025.7.1 0:04,R01,M04,32.23,28.461,30.345,3.6787,3.6528,87.98,44.776,36.875,40.826,88.85,98.667,0
2025.7.1 0:04,R01,M05,31.927,28.47,30.198,3.6772,3.6508,87.94,45.403,37.326,41.364,89.487,99.062,0
2025.7.1 0:04,R01,M06,32.014,28.212,30.113,3.6859,3.6534,88.07,45.141,37.3,41.221,87.863,99.21,0
2025.7.1 0:04,R01,M07,31.948,29.158,30.553,3.6811,3.6535,88.02,45.846,37.747,41.796,87.691,98.951,0
2025.7.1 0:04,R01,M08,42.586,31.174,38.191,3.7171,3.2606,88.03,48.117,21.436,39.627,52.182,55.279,0
2025.7.1 0:04,R01,M09,32.839,29.383,31.111,3.687,3.6519,88.07,45.529,38.673,42.101,87.518,98.701,0
2025.7.1 0:04,R01,M10,32.013,29.138,30.575,3.687,3.6557,88.11,47.564,38.147,42.855,86.861,98.646,0
2025.7.1 0:04,R01,M11,33.925,29.497,31.711,3.6906,3.6543,88.14,48.306,38.039,43.172,87.059,98.966,0
2025.7.1 0:04,R01,M01,31.973,27.318,29.645,3.6724,3.6441,87.8,41.545,34.232,37.889,89.305,99.382,0
2025.7.1 0:04,R01,M02,31.832,27.817,29.825,3.6816,3.6424,87.89,43.122,34.307,38.715,89.49,98.549,0
2025.7.1 0:04,R01,M03,31.0,27.907,29.453,3.6793,3.646,87.9,43.078,34.5,38.789,89.156,98.981,0
2025.7.1 0:04,R01,M04,31.534,27.953,29.743,3.682,3.6532,88.02,44.216,35.883,40.05,89.814,98.54,0
2025.7.1 0:04,R01,M05,31.701,28.732,30.216,3.6775,3.6497,87.93,43.893,35.171,39.532,88.812,99.119,0
2025.7.1 0:04,R01,M06,32.154,28.802,30.478,3.6851,3.6475,87.99,44.612,36.033,40.323,88.851,99.004,0
2025.7.1 0:04,R01,M07,31.547,28.931,30.239,3.6806,3.6567,88.05,46.09,37.068,41.579,86.956,98.627,0
2025.7.1 0:04,R01,M08,42.94,31.031,38.964,3.7224,3.2167,87.76,46.847,20.057,39.126,54.127,55.238,0
2025.7.1 0:04,R01,M09,32.66,29.558,31.109,3.6883,3.6546,88.11,47.461,39.165,43.313,87.476,99.151,0
2025.7.1 0:04,R01,M10,33.794,29.032,31.413,3.6852,3.6556,88.09,46.656,39.423,43.04,86.112,99.386,0
2025.7.1 0:04,R01,M11,33.312,29.375,31.343,3.6904,3.6532,88.12,46.073,40.319,43.196,87.04,98.94,0
2025.7.1 0:04,R01,M01,31.033,27.443,29.238,3.6779,3.6505,87.94,42.438,33.276,37.857,90.242,98.902,0
2025.7.1 0:04,R01,M02,32.376,27.821,30.099,3.677,3.6488,87.91,43.108,34.943,39.025,90.128,99.077,0
2025.7.1 0:04,R01,M03,31.176,28.333,29.755,3.6748,3.6454,87.84,42.933,36.044,39.489,88.679,99.335,0
2025.7.1 0:04,R01,M04,31.65,28.187,29.919,3.6835,3.6523,88.03,43.95,35.055,39.502,88.175,99.257,0
2025.7.1 0:04,R01,M05,31.128,28.101,29.614,3.6787,3.6496,87.94,43.938,35.539,39.739,88.02,98.586,0
2025.7.1 0:04,R01,M06,32.215,28.693,30.454,3.6838,3.6475,87.98,45.542,36.196,40.869,87.289,98.724,0
2025.7.1 0:04,R01,M07,32.078,28.511,30.294,3.6864,3.6523,88.06,46.093,36.464,41.279,88.21,98.747,0
2025.7.1 0:04,R01,M08,43.14,31.002,38.667,3.7123,3.258,87.93,47.136,20.136,38.649,53.588,56.333,0
2025.7.1 0:04,R01,M09,32.702,29.275,30.988,3.6853,3.6572,88.11,44.53,39.241,41.886,88.056,99.131,0
2025.7.1 0:04,R01,M10,33.098,29.574,31.336,3.6827,3.6504,88.0,45.07,39.526,42.298,85.805,99.14,0
2025.7.1 0:04,R01,M11,32.9,29.99,31.445,3.6885,3.6557,88.13,48.441,37.681,43.061,86.218,99.071,0
2025.7.1 0:04,R01,M01,32.09,27.437,29.764,3.6752,3.6447,87.84,42.597,32.521,37.559,90.972,98.886,0
2025.7.1 0:04,R01,M02,30.862,28.039,29.45,3.68,3.6457,87.91,41.652,35.861,38.757,89.941,99.035,0
2025.7.1 0:04,R01,M03,31.36,28.317,29.838,3.6733,3.6527,87.91,43.68,36.412,40.046,88.651,99.434,0
2025.7.1 0:04,R01,M04,32.595,27.956,30.276,3.675,3.6452,87.84,43.726,34.112,38.919,88.082,98.536,0
2025.7.1 0:04,R01,M05,31.41,28.073,29.742,3.6842,3.6462,87.96,45.074,36.577,40.825,89.51,98.97,0
2025.7.1 0:04,R01,M06,32.24,28.306,30.273,3.6769,3.6484,87.9,44.812,35.833,40.322,88.021,99.022,0
2025.7.1 0:04,R01,M07,33.18,29.093,31.136,3.6867,3.6504,88.05,45.21,36.659,40.934,87.725,98.655,0
2025.7.1 0:04,R01,M08,42.774,32.241,39.764,3.7268,3.2079,87.81,48.089,21.039,38.301,53.637,56.816,0
2025.7.1 0:04,R01,M09,32.553,29.661,31.107,3.6883,3.6538,88.11,44.805,39.08,41.942,86.092,99.338,0
2025.7.1 0:04,R01,M10,33.197,29.883,31.54,3.6835,3.653,88.04,46.592,38.192,42.392,85.712,99.065,0
2025.7.1 0:04,R01,M11,33.85,30.199,32.025,3.6841,3.653,88.05,45.671,38.273,41.972,87.124,99.247,0
2025.7.1 0:04,R01,M01,30.473,28.09,29.282,3.6756,3.6435,87.83,41.663,34.7,38.181,91.003,98.811,0
2025.7.1 0:04,R01,M02,30.703,28.01,29.357,3.6739,3.6461,87.84,41.559,34.477,38.018,89.613,98.559,0
2025.7.1 0:04,R01,M03,32.288,28.048,30.168,3.6779,3.6435,87.86,43.227,35.306,39.266,89.067,98.985,0
2025.7.1 0:04,R01,M04,31.384,28.298,29.841,3.6789,3.6502,87.95,44.537,35.507,40.022,88.454,99.111,0
2025.7.1 0:04,R01,M05,31.66,28.374,30.017,3.6813,3.6502,87.98,43.382,36.578,39.98,89.054,99.359,0
2025.7.1 0:04,R01,M06,31.8,28.921,30.361,3.6778,3.6557,88.0,43.604,35.25,39.427,87.28,98.792,0
2025.7.1 0:04,R01,M07,31.668,28.543,30.105,3.6844,3.6502,88.02,46.233,35.897,41.065,87.385,99.312,0
2025.7.1 0:04,R01,M08,44.455,31.245,39.748,3.7274,3.2029,87.71,47.524,19.986,39.575,52.437,57.636,0
2025.7.1 0:04,R01,M09,32.336,29.277,30.806,3.6864,3.6518,88.06,45.242,37.898,41.57,86.845,99.361,0
2025.7.1 0:04,R01,M10,32.094,29.001,30.547,3.6816,3.6561,88.05,46.159,38.92,42.54,86.885,98.752,0
2025.7.1 0:04,R01,M11,33.71,29.835,31.773,3.6834,3.6534,88.04,48.031,39.729,43.88,86.393,98.723,0
2025.7.1 0:04,R01,M01,31.303,27.438,29.37,3.6794,3.6483,87.93,40.86,33.896,37.378,90.49,98.619,0
2025.7.1 0:04,R01,M02,30.916,28.349,29.633,3.6747,3.6461,87.85,41.616,33.153,37.385,89.557,98.732,0
2025.7.1 0:04,R01,M03,31.672,27.827,29.75,3.6804,3.6527,88.0,43.673,35.578,39.626,89.51,99.335,0
2025.7.1 0:04,R01,M04,31.68,28.458,30.069,3.6781,3.6506,87.94,43.244,35.758,39.501,88.133,99.01,0
2025.7.1 0:04,R01,M05,31.998,28.026,30.012,3.6752,3.6499,87.9,44.698,36.434,40.566,89.262,99.008,0
2025.7.1 0:04,R01,M06,31.707,28.372,30.04,3.6816,3.6519,88.0,45.2,37.914,41.557,88.292,99.103,0
2025.7.1 0:04,R01,M07,31.714,28.672,30.193,3.6838,3.6488,87.99,44.728,38.331,41.529,87.605,99.243,0
2025.7.1 0:04,R01,M08,43.644,32.511,38.866,3.7261,3.2498,87.85,46.837,21.241,37.747,53.039,58.071,0
2025.7.1 0:04,R01,M09,32.14,29.47,30.805,3.6887,3.6525,88.09,46.38,37.242,41.811,86.646,98.588,0
2025.7.1 0:04,R01,M10,33.415,29.349,31.382,3.6802,3.6535,88.0,46.783,37.344,42.064,87.156,99.195,0
2025.7.1 0:04,R01,M11,33.856,30.033,31.945,3.6869,3.6587,88.15,46.225,38.356,42.291,87.117,98.828,0
2025.7.1 0:04,R01,M01,31.386,27.518,29.452,3.6742,3.6494,87.88,41.828,34.609,38.219,89.879,99.305,0
2025.7.1 0:04,R01,M02,31.912,28.331,30.121,3.6726,3.6503,87.87,42.202,35.574,38.888,89.546,99.125,0
2025.7.1 0:04,R01,M03,32.305,28.514,30.41,3.6774,3.6513,87.94,42.423,36.082,39.252,89.262,98.889,0
2025.7.1 0:04,R01,M04,31.102,28.208,29.655,3.6798,3.6496,87.95,44.176,35.145,39.66,88.962,98.9,0
2025.7.1 0:04,R01,M05,32.949,28.396,30.672,3.681,3.6531,88.01,42.769,34.961,38.865,88.78,98.654,0
2025.7.1 0:04,R01,M06,31.27,28.793,30.032,3.6838,3.6486,87.99,44.753,35.743,40.248,88.63,98.751,0
2025.7.1 0:04,R01,M07,32.47,29.205,30.837,3.6813,3.6482,87.95,43.796,36.507,40.151,87.761,99.415,0
2025.7.1 0:04,R01,M08,43.476,32.881,38.988,3.7203,3.2043,87.26,48.848,19.516,39.366,53.92,57.58,0
2025.7.1 0:04,R01,M09,32.984,29.33,31.157,3.6856,3.6584,88.13,46.003,37.481,41.742,85.961,98.934,0
2025.7.1 0:04,R01,M10,33.527,29.656,31.591,3.6823,3.658,88.08,46.83,37.584,42.207,86.276,98.785,0
2025.7.1 0:04,R01,M11,33.5,29.411,31.456,3.6813,3.6565,88.05,47.613,39.752,43.683,87.186,98.763,0
2025.7.1 0:04,R01,M01,30.543,28.064,29.303,3.6795,3.648,87.93,43.064,32.865,37.965,90.271,99.103,0
2025.7.1 0:04,R01,M02,31.961,27.911,29.936,3.6798,3.6514,87.97,42.651,34.581,38.616,89.816,99.178,0
2025.7.1 0:04,R01,M03,32.53,27.899,30.215,3.6743,3.6478,87.87,43.658,34.82,39.239,88.633,98.617,0
2025.7.1 0:04,R01,M04,31.287,28.636,29.962,3.6781,3.65,87.94,43.325,36.005,39.665,89.475,98.718,0
2025.7.1 0:04,R01,M05,32.047,28.377,30.212,3.6777,3.6484,87.91,43.314,34.831,39.073,89.145,98.807,0
2025.7.1 0:04,R01,M06,32.28,28.777,30.529,3.6803,3.6524,87.99,44.132,37.088,40.61,88.9,98.504,0
2025.7.1 0:04,R01,M07,32.497,28.562,30.529,3.6827,3.6498,87.99,44.683,37.337,41.01,88.268,99.233,0
2025.7.1 0:04,R01,M08,44.9,31.775,39.544,3.711,3.2252,87.22,49.891,18.996,38.909,53.726,56.789,0
2025.7.1 0:04,R01,M09,32.024,29.447,30.736,3.6882,3.6511,88.07,46.938,36.95,41.944,87.126,99.217,0
2025.7.1 0:04,R01,M10,33.525,29.245,31.385,3.6881,3.6514,88.07,47.686,39.642,43.664,86.235,99.139,0
2025.7.1 0:04,R01,M11,33.574,29.449,31.511,3.6819,3.6547,88.04,46.187,40.444,43.316,86.457,99.262,0
2025.7.1 0:04,R01,M01,32.09,27.96,30.025,3.6715,3.6437,87.78,42.041,34.187,38.114,89.583,99.057,0
2025.7.1 0:04,R01,M02,31.983,27.774,29.879,3.6748,3.6466,87.86,41.552,35.42,38.486,90.583,99.303,0
2025.7.1 0:04,R01,M03,31.843,28.586,30.215,3.6819,3.6515,88.0,42.687,34.492,38.59,89.928,99.087,0
2025.7.1 0:04,R01,M04,32.776,27.84,30.308,3.68,3.6442,87.89,44.914,34.174,39.544,89.35,99.159,0
2025.7.1 0:04,R01,M05,32.243,28.174,30.209,3.6802,3.6485,87.94,43.331,34.557,38.944,87.736,99.336,0
2025.7.1 0:04,R01,M06,32.243,28.782,30.513,3.6786,3.6531,87.98,44.308,36.638,40.473,88.535,99.304,0
2025.7.1 0:04,R01,M07,31.5,29.31,30.405,3.683,3.654,88.04,46.355,36.003,41.179,87.745,98.606,0
2025.7.1 0:04,R01,M08,44.797,32.365,39.337,3.7138,3.2412,88.03,47.607,18.355,38.673,53.092,56.071,0
2025.7.1 0:04,R01,M09,32.647,29.655,31.151,3.6821,3.6529,88.02,44.881,36.845,40.863,86.011,99.113,0
2025.7.1 0:04,R01,M10,32.074,29.631,30.852,3.6889,3.6583,88.17,45.691,38.499,42.095,86.109,98.622,0
2025.7.1 0:04,R01,M11,32.67,30.169,31.419,3.6893,3.6513,88.09,47.089,39.451,43.27,85.658,99.181,0
2025.7.1 0:04,R01,M01,31.507,27.8,29.654,3.6729,3.6489,87.86,42.611,32.762,37.686,89.689,98.559,0
2025.7.1 0:04,R01,M02,31.538,27.573,29.556,3.6796,3.6504,87.96,43.326,35.323,39.325,89.3,98.53,0
2025.7.1 0:04,R01,M03,31.759,28.013,29.886,3.6738,3.6435,87.81,42.041,35.464,38.752,88.383,99.388,0
2025.7.1 0:04,R01,M04,32.547,28.596,30.572,3.6754,3.6521,87.93,44.532,36.122,40.327,87.913,99.465,0
2025.7.1 0:04,R01,M05,32.565,28.616,30.59,3.6815,3.6532,88.02,44.014,37.345,40.68,88.859,99.346,0
2025.7.1 0:04,R01,M06,31.829,28.399,30.114,3.6796,3.6464,87.91,44.689,37.21,40.95,87.668,98.656,0
2025.7.1 0:04,R01,M07,31.836,28.868,30.352,3.6837,3.647,87.97,46.365,37.378,41.871,87.697,98.831,0
2025.7.1 0:04,R01,M08,45.142,32.786,38.189,3.7141,3.2558,87.93,47.024,17.982,39.404,53.658,58.262,0
2025.7.1 0:04,R01,M09,33.136,29.437,31.287,3.6805,3.6492,87.96,46.957,37.896,42.427,86.092,99.18,0
2025.7.1 0:04,R01,M10,33.08,29.24,31.16,3.6897,3.6563,88.15,45.051,37.588,41.32,86.456,99.364,0
2025.7.1 0:04,R01,M11,33.958,29.606,31.782,3.69,3.6605,88.21,47.902,38.119,43.011,85.148,99.182,0
2025.7.1 0:04,R01,M01,31.432,27.447,29.439,3.6768,3.6493,87.91,42.034,33.806,37.92,90.323,98.923,0
2025.7.1 0:04,R01,M02,30.514,28.327,29.421,3.68,3.6455,87.91,41.464,33.817,37.641,89.861,99.293,0
2025.7.1 0:04,R01,M03,32.35,28.089,30.22,3.6789,3.6448,87.88,42.956,33.771,38.364,88.494,99.19,0
2025.7.1 0:04,R01,M04,31.883,28.732,30.307,3.6751,3.6531,87.94,44.946,34.536,39.741,88.862,99.375,0
2025.7.1 0:04,R01,M05,31.256,28.065,29.66,3.6822,3.6492,87.98,44.806,35.026,39.916,87.62,98.952,0
2025.7.1 0:04,R01,M06,32.716,28.907,30.812,3.6808,3.6464,87.93,45.408,36.034,40.721,88.715,99.149,0
2025.7.1 0:04,R01,M07,32.42,28.923,30.672,3.6808,3.648,87.95,43.798,37.668,40.733,87.481,99.373,0
2025.7.1 0:04,R01,M08,43.98,31.049,39.035,3.7147,3.2237,87.26,47.491,18.094,38.248,52.759,56.897,0
2025.7.1 0:04,R01,M09,32.924,29.787,31.355,3.6855,3.654,88.07,45.276,36.588,40.932,86.121,99.323,0
2025.7.1 0:04,R01,M10,33.179,29.139,31.159,3.6822,3.6529,88.02,46.604,37.556,42.08,86.358,98.75,0
2025.7.1 0:04,R01,M11,32.278,29.905,31.091,3.685,3.6513,88.04,46.857,38.697,42.777,85.914,98.889,0
2025.7.1 0:04,R01,M01,31.161,28.111,29.636,3.675,3.6475,87.87,43.205,35.479,39.342,90.23,98.691,0
2025.7.1 0:04,R01,M02,31.862,27.544,29.703,3.6812,3.6467,87.93,41.859,33.541,37.7,89.659,99.018,0
2025.7.1 0:04,R01,M03,31.213,28.145,29.679,3.6753,3.6517,87.92,43.852,34.167,39.01,88.451,99.224,0
2025.7.1 0:04,R01,M04,30.842,28.764,29.803,3.679,3.65,87.95,43.42,34.046,38.733,88.215,98.957,0
2025.7.1 0:04,R01,M05,31.561,28.322,29.941,3.6779,3.6471,87.9,44.367,37.199,40.783,89.116,99.0,0
2025.7.1 0:04,R01,M06,32.78,28.761,30.77,3.6811,3.6469,87.94,45.246,37.559,41.403,87.144,99.354,0
2025.7.1 0:04,R01,M07,32.125,28.506,30.316,3.681,3.653,88.01,46.005,38.131,42.068,87.66,98.674,0
2025.7.1 0:04,R01,M08,45.112,31.019,38.437,3.7251,3.2132,87.74,46.39,19.41,37.457,53.446,58.069,0
2025.7.1 0:04,R01,M09,31.936,29.603,30.77,3.689,3.6559,88.14,45.027,37.611,41.319,86.803,99.436,0
2025.7.1 0:04,R01,M10,32.193,29.576,30.884,3.6803,3.6569,88.05,45.462,37.319,41.391,85.871,98.873,0
2025.7.1 0:04,R01,M11,33.408,29.345,31.377,3.6896,3.6521,88.1,45.59,39.995,42.793,86.105,99.16,0
2025.7.1 0:04,R01,M01,31.707,28.111,29.909,3.6738,3.6421,87.79,41.153,33.097,37.125,89.424,99.394,0
2025.7.1 0:04,R01,M02,31.562,27.668,29.615,3.6742,3.6465,87.85,42.055,35.201,38.628,90.398,99.237,0
2025.7.1 0:04,R01,M03,32.324,28.166,30.245,3.6827,3.649,87.98,42.567,36.331,39.449,89.341,99.042,0
2025.7.1 0:04,R01,M04,31.474,28.407,29.941,3.6757,3.6532,87.95,44.743,36.474,40.608,88.673,99.182,0
2025.7.1 0:04,R01,M05,32.015,28.074,30.044,3.6844,3.6464,87.97,42.869,35.091,38.98,87.808,99.487,0
2025.7.1 0:04,R01,M06,32.047,29.14,30.593,3.6847,3.6534,88.06,43.453,35.084,39.269,87.106,98.747,0
2025.7.1 0:04,R01,M07,32.722,28.977,30.849,3.6814,3.6477,87.95,45.856,37.321,41.588,87.368,98.675,0
2025.7.1 0:04,R01,M08,44.763,32.066,39.916,3.7124,3.2554,88.03,49.15,18.696,39.886,53.808,55.436,0
2025.7.1 0:04,R01,M09,31.802,29.333,30.567,3.6872,3.6513,88.06,45.166,37.09,41.128,86.973,98.563,0
2025.7.1 0:04,R01,M10,32.002,29.81,30.906,3.6822,3.6536,88.03,45.219,39.216,42.218,86.373,99.092,0
2025.7.1 0:04,R01,M11,33.05,29.999,31.524,3.6829,3.6514,88.01,46.834,40.182,43.508,85.658,98.628,0
2025.7.1 0:04,R01,M01,32.046,27.853,29.95,3.6732,3.643,87.79,42.88,32.753,37.817,89.366,98.745,0
2025.7.1 0:04,R01,M02,31.465,28.151,29.808,3.6735,3.6447,87.82,43.714,34.602,39.158,88.964,99.102,0
2025.7.1 0:04,R01,M03,32.456,28.527,30.492,3.679,3.6459,87.9,43.654,35.565,39.609,89.097,99.047,0
2025.7.1 0:04,R01,M04,31.08,28.662,29.871,3.6758,3.6464,87.87,42.817,35.111,38.964,87.999,98.731,0
2025.7.1 0:04,R01,M05,31.632,28.078,29.855,3.6819,3.6544,88.04,44.248,35.588,39.918,88.223,99.201,0
2025.7.1 0:04,R01,M06,31.767,28.699,30.233,3.685,3.6539,88.07,44.697,37.021,40.859,87.645,98.942,0
2025.7.1 0:04,R01,M07,31.558,29.238,30.398,3.6815,3.6474,87.95,44.102,37.352,40.727,87.745,99.45,0
2025.7.1 0:04,R01,M08,46.217,31.048,39.29,3.7166,3.2331,87.88,46.874,19.058,37.886,53.605,58.432,0
2025.7.1 0:04,R01,M09,33.641,29.232,31.436,3.6822,3.6536,88.03,44.885,37.986,41.435,86.977,98.908,0
2025.7.1 0:04,R01,M10,33.349,29.885,31.617,3.6827,3.6527,88.02,47.877,38.742,43.309,85.493,98.831,0
2025.7.1 0:04,R01,M11,33.84,29.541,31.691,3.685,3.656,88.09,46.18,38.984,42.582,86.453,99.139,0
2025.7.1 0:04,R01,M01,32.083,27.575,29.829,3.6712,3.6419,87.76,41.0,32.912,36.956,89.972,99.039,0
2025.7.1 0:04,R01,M02,31.311,28.199,29.755,3.6728,3.6481,87.85,43.351,33.35,38.35,88.476,98.768,0
2025.7.1 0:04,R01,M03,32.565,27.897,30.231,3.6751,3.6499,87.9,44.3,34.716,39.508,89.494,98.665,0
2025.7.1 0:04,R01,M04,31.746,27.822,29.784,3.6767,3.648,87.9,43.639,34.567,39.103,88.486,98.784,0
2025.7.1 0:04,R01,M05,32.84,28.039,30.44,3.68,3.65,87.96,42.977,35.216,39.096,87.306,99.266,0
2025.7.1 0:04,R01,M06,32.54,28.498,30.519,3.6799,3.6551,88.02,45.281,36.491,40.886,88.242,99.076,0
2025.7.1 0:04,R01,M07,32.897,28.942,30.919,3.6819,3.6488,87.97,45.37,35.843,40.606,87.538,99.076,0
2025.7.1 0:04,R01,M08,44.789,31.534,39.045,3.7218,3.2333,87.94,49.237,17.824,36.497,54.456,55.675,0
2025.7.1 0:04,R01,M09,32.846,29.163,31.005,3.6805,3.6569,88.05,45.279,39.124,42.202,86.932,98.856,0
2025.7.1 0:04,R01,M10,33.98,29.031,31.505,3.6845,3.6511,88.03,46.47,38.4,42.435,86.775,98.877,0
2025.7.1 0:04,R01,M11,33.021,29.699,31.36,3.6897,3.6511,88.09,45.835,37.515,41.675,86.453,98.862,0
2025.7.1 0:04,R01,M01,30.852,27.769,29.31,3.6763,3.6473,87.88,43.246,32.605,37.925,90.438,99.338,0
2025.7.1 0:04,R01,M02,30.843,27.529,29.186,3.6773,3.6486,87.91,42.365,33.468,37.916,88.918,99.248,0
2025.7.1 0:04,R01,M03,32.589,28.277,30.433,3.6768,3.6476,87.89,42.008,36.123,39.066,89.676,99.41,0
2025.7.1 0:04,R01,M04,31.657,28.458,30.057,3.6819,3.6516,88.0,43.56,36.689,40.124,88.238,98.699,0
2025.7.1 0:04,R01,M05,31.91,28.46,30.185,3.6834,3.6472,87.97,42.838,36.535,39.686,89.094,98.537,0
2025.7.1 0:04,R01,M06,32.474,28.551,30.512,3.6764,3.6474,87.89,44.327,37.456,40.892,87.144,99.179,0
2025.7.1 0:04,R01,M07,32.677,28.711,30.694,3.687,3.649,88.03,45.384,36.425,40.904,87.752,99.484,0
2025.7.1 0:04,R01,M08,44.952,32.375,38.857,3.7265,3.2202,87.3,49.227,17.787,38.235,53.79,56.983,0
2025.7.1 0:04,R01,M09,33.611,29.198,31.404,3.68,3.652,87.98,46.837,39.403,43.12,87.199,99.355,0
2025.7.1 0:04,R01,M10,32.022,29.615,30.819,3.6876,3.659,88.16,47.773,38.757,43.265,86.018,99.004,0
2025.7.1 0:04,R01,M11,33.274,30.03,31.652,3.6863,3.6523,88.06,47.058,39.753,43.406,85.113,98.539,0
2025.7.1 0:04,R01,M01,31.563,27.895,29.729,3.6776,3.6471,87.9,42.699,33.576,38.138,88.892,98.926,0
2025.7.1 0:04,R01,M02,30.709,27.601,29.155,3.6733,3.6498,87.88,43.971,33.385,38.678,89.036,99.474,0
2025.7.1 0:04,R01,M03,30.819,28.389,29.604,3.6776,3.6505,87.94,42.716,34.923,38.82,89.646,98.622,0
2025.7.1 0:04,R01,M04,32.347,28.565,30.456,3.6764,3.6481,87.89,44.168,35.121,39.645,88.395,99.5,0
2025.7.1 0:04,R01,M05,32.948,28.792,30.87,3.6781,3.648,87.91,43.703,34.731,39.217,88.492,99.455,0
2025.7.1 0:04,R01,M06,31.869,28.719,30.294,3.6781,3.654,87.99,44.972,35.911,40.442,86.923,98.703,0
2025.7.1 0:04,R01,M07,31.711,29.279,30.495,3.6843,3.6522,88.04,46.07,37.889,41.98,86.832,98.634,0
2025.7.1 0:04,R01,M08,46.852,32.626,38.42,3.7191,3.2455,87.31,47.278,18.945,37.45,54.222,57.546,0
2025.7.1 0:04,R01,M09,33.384,29.168,31.276,3.6851,3.651,88.03,45.134,37.349,41.242,86.721,99.207,0
2025.7.1 0:04,R01,M10,33.795,29.031,31.413,3.683,3.6534,88.04,47.373,37.718,42.546,86.62,98.561,0
2025.7.1 0:04,R01,M11,34.171,30.159,32.165,3.6876,3.6553,88.11,47.867,39.662,43.764,86.041,99.152,0
2025.7.1 0:04,R01,M01,30.829,28.047,29.438,3.6775,3.6429,87.84,42.716,34.085,38.401,89.651,98.674,0
2025.7.1 0:04,R01,M02,30.817,28.242,29.529,3.6728,3.6494,87.87,42.398,34.112,38.255,89.176,98.595,0
2025.7.1 0:04,R01,M03,30.748,28.083,29.416,3.6749,3.6441,87.83,41.618,35.479,38.549,89.485,99.152,0
2025.7.1 0:04,R01,M04,32.764,28.044,30.404,3.6792,3.6451,87.89,44.061,35.113,39.587,89.077,99.104,0
2025.7.1 0:04,R01,M05,32.383,28.995,30.689,3.6825,3.6468,87.95,44.864,35.056,39.96,87.667,98.981,0
2025.7.1 0:04,R01,M06,33.169,28.317,30.743,3.6832,3.6507,88.01,43.444,35.083,39.264,88.262,98.786,0
2025.7.1 0:04,R01,M07,33.075,29.355,31.215,3.6802,3.649,87.95,45.316,35.812,40.564,86.5,99.026,0
2025.7.1 0:04,R01,M08,44.679,31.207,38.478,3.7115,3.2096,87.65,46.549,17.423,38.918,54.288,57.485,0
2025.7.1 0:04,R01,M09,32.454,29.093,30.773,3.6796,3.6502,87.96,44.842,39.257,42.049,86.793,98.743,0
2025.7.1 0:04,R01,M10,33.177,29.619,31.398,3.6899,3.6532,88.12,47.006,37.102,42.054,85.992,99.337,0
2025.7.1 0:04,R01,M11,34.045,29.244,31.645,3.6888,3.6575,88.16,45.866,38.007,41.936,86.25,98.769,0
2025.7.1 0:04,R01,M01,31.548,27.523,29.535,3.676,3.646,87.86,41.747,33.794,37.77,89.349,99.263,0
2025.7.1 0:04,R01,M02,30.859,28.4,29.63,3.6744,3.6484,87.87,43.977,35.632,39.804,88.285,98.739,0
2025.7.1 0:04,R01,M03,32.087,27.991,30.039,3.6775,3.6525,87.96,43.243,34.986,39.114,88.034,99.192,0
2025.7.1 0:04,R01,M04,32.129,28.056,30.093,3.6747,3.6455,87.84,44.427,36.447,40.437,88.295,99.077,0
2025.7.1 0:04,R01,M05,31.052,28.607,29.829,3.6812,3.6492,87.96,42.866,35.944,39.405,88.813,99.495,0
2025.7.1 0:04,R01,M06,33.187,28.457,30.822,3.6859,3.6491,88.02,44.886,35.26,40.073,87.725,98.576,0
2025.7.1 0:04,R01,M07,32.282,29.019,30.65,3.6773,3.6487,87.91,44.692,36.223,40.457,87.511,99.343,0
2025.7.1 0:04,R01,M08,45.619,31.42,38.203,3.717,3.2218,87.22,46.63,18.109,36.824,53.941,56.405,0
2025.7.1 0:04,R01,M09,32.939,28.878,30.909,3.6878,3.6498,88.05,46.832,38.471,42.651,85.574,98.739,0
2025.7.1 0:04,R01,M10,32.317,29.668,30.992,3.6871,3.6535,88.09,46.72,39.481,43.1,86.959,98.565,0
2025.7.1 0:04,R01,M11,34.155,30.181,32.168,3.6824,3.6514,88.01,45.874,39.472,42.673,85.2,99.277,0
2025.7.1 0:04,R01,M01,30.744,27.802,29.273,3.6799,3.6445,87.89,41.656,32.907,37.281,89.87,99.135,0
2025.7.1 0:04,R01,M02,31.325,27.674,29.499,3.6748,3.6426,87.81,43.86,33.727,38.793,89.63,98.915,0
2025.7.1 0:04,R01,M03,30.896,28.051,29.474,3.6802,3.6478,87.94,42.18,35.992,39.086,88.359,98.637,0
2025.7.1 0:04,R01,M04,32.48,28.17,30.325,3.6831,3.6511,88.01,43.087,34.199,38.643,87.975,99.287,0
2025.7.1 0:04,R01,M05,31.871,28.899,30.385,3.6826,3.6488,87.98,43.411,34.565,38.988,88.97,99.11,0
2025.7.1 0:04,R01,M06,32.767,29.036,30.902,3.6803,3.6547,88.02,44.324,35.408,39.866,86.619,98.623,0
2025.7.1 0:04,R01,M07,32.971,29.276,31.123,3.6771,3.6483,87.9,45.159,38.125,41.642,87.688,99.421,0
2025.7.1 0:04,R01,M08,44.362,32.555,38.345,3.721,3.2363,87.77,48.209,18.259,36.168,53.493,56.321,0
2025.7.1 0:04,R01,M09,33.791,29.69,31.74,3.6886,3.6532,88.1,47.177,37.933,42.555,87.281,99.354,0
2025.7.1 0:04,R01,M10,32.201,29.675,30.938,3.6828,3.659,88.1,45.349,38.608,41.978,86.13,98.563,0
2025.7.1 0:04,R01,M11,33.16,29.281,31.22,3.6827,3.6566,88.07,46.654,39.092,42.873,86.205,99.447,0
2025.7.1 0:04,R01,M01,30.754,27.562,29.158,3.6787,3.6488,87.93,41.206,34.535,37.87,88.778,99.424,0
2025.7.1 0:04,R01,M02,32.136,28.073,30.105,3.6783,3.6513,87.96,43.302,33.876,38.589,88.899,99.095,0
2025.7.1 0:04,R01,M03,31.029,28.409,29.719,3.6789,3.6469,87.91,43.325,34.185,38.755,88.241,98.909,0
2025.7.1 0:04,R01,M04,31.252,28.403,29.828,3.6777,3.6473,87.9,44.033,36.83,40.431,88.355,99.473,0
2025.7.1 0:04,R01,M05,31.008,28.107,29.557,3.6839,3.6521,88.03,43.812,35.103,39.457,88.453,98.69,0
2025.7.1 0:04,R01,M06,31.943,29.175,30.559,3.6778,3.6477,87.91,45.33,36.308,40.819,86.717,98.705,0
2025.7.1 0:04,R01,M07,33.276,29.373,31.325,3.6816,3.6524,88.01,45.466,37.351,41.409,87.696,98.602,0
2025.7.1 0:04,R01,M08,46.246,31.602,39.539,3.7197,3.2627,87.51,47.348,17.918,38.954,53.237,57.445,0
2025.7.1 0:04,R01,M09,32.445,29.256,30.851,3.6795,3.657,88.04,47.261,38.028,42.645,87.299,99.254,0
2025.7.1 0:04,R01,M10,32.538,29.651,31.094,3.6867,3.6548,88.1,47.228,39.79,43.509,85.127,99.44,0
2025.7.1 0:04,R01,M11,32.292,30.104,31.198,3.6864,3.6554,88.1,47.163,39.918,43.54,86.548,99.405,0
2025.7.1 0:04,R01,M01,30.662,27.46,29.061,3.675,3.6505,87.91,41.95,33.958,37.954,89.979,98.749,0
2025.7.1 0:04,R01,M02,31.855,28.273,30.064,3.6794,3.6516,87.97,41.709,34.8,38.255,88.47,99.14,0
2025.7.1 0:04,R01,M03,31.223,28.382,29.803,3.6743,3.6457,87.84,42.293,35.785,39.039,89.053,98.834,0
2025.7.1 0:04,R01,M04,32.345,27.847,30.096,3.6792,3.65,87.95,43.507,36.548,40.028,88.446,98.724,0
2025.7.1 0:04,R01,M05,32.101,28.486,30.294,3.683,3.6549,88.05,43.728,35.473,39.6,88.6,98.776,0
2025.7.1 0:04,R01,M06,32.108,29.093,30.6,3.6781,3.6527,87.97,43.555,35.128,39.341,87.707,98.966,0
2025.7.1 0:04,R01,M07,32.464,28.946,30.705,3.6794,3.655,88.01,44.626,37.028,40.827,86.153,98.676,0
2025.7.1 0:04,R01,M08,44.539,32.275,38.381,3.7256,3.2307,87.45,47.951,19.201,36.234,54.013,56.542,0
2025.7.1 0:04,R01,M09,33.472,28.92,31.196,3.6806,3.6542,88.02,47.435,37.515,42.475,87.256,99.365,0
2025.7.1 0:04,R01,M10,32.538,29.897,31.217,3.6837,3.6554,88.07,45.515,37.098,41.306,85.252,99.115,0
2025.7.1 0:04,R01,M11,32.738,29.251,30.995,3.6814,3.6552,88.04,46.442,38.654,42.548,85.847,98.728,0
2025.7.1 0:04,R01,M01,30.422,27.837,29.13,3.6714,3.6448,87.79,40.514,35.173,37.844,89.189,98.536,0
2025.7.1 0:04,R01,M02,31.529,27.58,29.554,3.6764,3.6481,87.89,42.616,35.007,38.811,88.733,99.279,0
2025.7.1 0:04,R01,M03,32.327,28.112,30.219,3.6741,3.645,87.83,41.881,36.007,38.944,89.252,99.32,0
2025.7.1 0:04,R01,M04,31.928,28.518,30.223,3.6764,3.649,87.9,42.675,36.314,39.495,88.677,98.676,0
2025.7.1 0:04,R01,M05,32.288,28.385,30.337,3.6812,3.6547,88.03,43.398,36.285,39.841,87.097,98.615,0
2025.7.1 0:04,R01,M06,32.05,28.869,30.459,3.6835,3.6537,88.05,43.323,36.031,39.677,87.95,98.602,0
2025.7.1 0:04,R01,M07,31.405,28.804,30.105,3.6854,3.6484,88.01,45.945,37.756,41.85,87.3,98.994,0
2025.7.1 0:04,R01,M08,46.694,32.495,39.054,3.7165,3.2368,87.94,49.451,19.152,36.816,53.823,57.908,0
2025.7.1 0:04,R01,M09,33.594,29.134,31.364,3.6816,3.6524,88.01,44.56,38.672,41.616,87.16,99.324,0
2025.7.1 0:04,R01,M10,33.964,29.863,31.913,3.6812,3.6546,88.03,47.134,37.558,42.346,85.001,98.639,0
2025.7.1 0:04,R01,M11,32.783,29.951,31.367,3.6867,3.6583,88.14,48.427,38.266,43.346,86.045,98.874,0
2025.7.1 0:04,R01,M01,32.139,28.163,30.151,3.6721,3.6415,87.76,40.822,33.873,37.347,89.143,98.871,0
2025.7.1 0:04,R01,M02,31.776,27.655,29.715,3.6728,3.6502,87.88,43.74,33.747,38.743,88.946,98.651,0
2025.7.1 0:04,R01,M03,31.272,28.384,29.828,3.6758,3.6507,87.92,42.974,34.915,38.944,88.792,98.778,0
2025.7.1 0:04,R01,M04,31.308,28.219,29.764,3.6813,3.647,87.94,43.793,34.97,39.382,88.449,99.022,0
2025.7.1 0:04,R01,M05,32.756,28.003,30.38,3.6794,3.6498,87.95,44.649,36.891,40.77,87.401,98.83,0
2025.7.1 0:04,R01,M06,31.648,28.668,30.158,3.6765,3.6494,87.91,44.457,36.362,40.41,88.134,99.262,0
2025.7.1 0:04,R01,M07,32.809,28.603,30.706,3.6826,3.6481,87.97,46.209,35.554,40.882,86.177,98.741,0
2025.7.1 0:04,R01,M08,45.081,31.926,39.308,3.724,3.2677,87.49,46.444,17.101,36.574,54.393,57.256,0
2025.7.1 0:04,R01,M09,32.244,29.131,30.688,3.6887,3.6571,88.15,46.88,37.651,42.266,85.819,98.925,0
2025.7.1 0:04,R01,M10,33.749,29.527,31.638,3.6839,3.6584,88.11,45.945,38.352,42.148,85.289,99.033,0
2025.7.1 0:04,R01,M11,33.11,29.892,31.501,3.6853,3.6515,88.04,46.066,40.011,43.038,86.285,99.38,0
2025.7.1 0:04,R01,M01,31.348,27.493,29.42,3.6743,3.65,87.89,42.494,33.957,38.225,88.719,98.565,0
2025.7.1 0:04,R01,M02,31.149,28.371,29.76,3.6759,3.6493,87.9,43.88,35.91,39.895,88.607,99.004,0
2025.7.1 0:04,R01,M03,31.502,27.955,29.728,3.6827,3.6477,87.96,42.212,35.115,38.663,88.652,99.074,0
2025.7.1 0:04,R01,M04,32.581,27.825,30.203,3.6792,3.6501,87.95,43.632,35.0,39.316,89.111,99.373,0
2025.7.1 0:04,R01,M05,32.477,28.107,30.292,3.6827,3.6518,88.01,44.461,37.394,40.927,88.388,99.344,0
2025.7.1 0:04,R01,M06,32.435,28.535,30.485,3.6826,3.655,88.05,45.498,37.494,41.496,86.819,99.315,0
2025.7.1 0:04,R01,M07,33.175,28.931,31.053,3.6786,3.6499,87.94,44.273,37.179,40.726,86.738,98.75,0
2025.7.1 0:04,R01,M08,46.548,31.59,38.766,3.7292,3.2332,87.91,48.771,20.652,37.657,54.298,56.718,0
2025.7.1 0:04,R01,M09,32.082,29.769,30.925,3.6803,3.6584,88.06,46.022,37.776,41.899,85.863,99.379,0
2025.7.1 0:04,R01,M10,33.4,29.291,31.346,3.6881,3.6578,88.15,46.037,39.036,42.537,86.445,99.174,0
2025.7.1 0:04,R01,M11,34.078,29.623,31.851,3.6844,3.6541,88.06,46.911,37.938,42.425,85.1,99.266,0
2025.7.1 0:04,R01,M01,31.384,27.832,29.608,3.6781,3.6429,87.85,40.897,33.444,37.171,88.693,98.609,0
2025.7.1 0:04,R01,M02,31.821,28.275,30.048,3.6743,3.6506,87.9,41.869,34.481,38.175,89.146,98.613,0
2025.7.1 0:04,R01,M03,32.44,27.694,30.067,3.6803,3.648,87.94,44.038,34.034,39.036,88.387,99.148,0
2025.7.1 0:04,R01,M04,31.671,28.519,30.095,3.6761,3.6517,87.93,43.889,36.904,40.397,88.298,98.91,0
2025.7.1 0:04,R01,M05,32.223,28.222,30.223,3.6832,3.6515,88.02,44.832,35.903,40.367,87.427,98.609,0
2025.7.1 0:04,R01,M06,32.246,28.341,30.294,3.6799,3.6505,87.96,45.89,37.944,41.917,86.953,98.51,0
2025.7.1 0:04,R01,M07,31.525,29.01,30.267,3.6825,3.648,87.97,45.333,36.541,40.937,86.525,98.832,0
2025.7.1 0:04,R01,M08,47.57,32.26,38.158,3.7127,3.2234,87.63,46.818,19.423,38.449,54.386,55.406,0
2025.7.1 0:04,R01,M09,32.597,29.46,31.029,3.6827,3.6567,88.07,47.148,39.042,43.095,86.288,98.963,0
2025.7.1 0:04,R01,M10,32.114,29.88,30.997,3.6854,3.6556,88.09,45.532,39.222,42.377,86.302,98.738,0
2025.7.1 0:04,R01,M11,33.443,29.669,31.556,3.6827,3.66,88.11,46.786,39.217,43.002,85.45,98.657,0
2025.7.1 0:04,R01,M01,31.466,27.639,29.553,3.6763,3.6422,87.82,41.9,33.19,37.545,89.34,99.197,0
2025.7.1 0:04,R01,M02,30.718,28.248,29.483,3.6727,3.6497,87.87,41.166,34.025,37.596,88.563,98.769,0
2025.7.1 0:04,R01,M03,31.15,28.519,29.834,3.681,3.6458,87.92,43.524,35.734,39.629,89.19,99.242,0
2025.7.1 0:04,R01,M04,31.399,28.565,29.982,3.6748,3.6488,87.88,42.471,35.751,39.111,88.613,98.77,0
2025.7.1 0:04,R01,M05,31.294,28.686,29.99,3.6754,3.6492,87.9,44.924,34.93,39.927,87.5,99.4,0
2025.7.1 0:04,R01,M06,31.635,28.744,30.19,3.6784,3.6463,87.9,44.6,36.35,40.475,87.948,98.626,0
2025.7.1 0:04,R01,M07,32.512,28.64,30.576,3.6853,3.6545,88.08,44.564,36.464,40.514,87.433,99.137,0
2025.7.1 0:04,R01,M08,45.091,31.822,39.825,3.7201,3.2127,87.51,48.349,20.117,38.369,54.14,56.887,0
2025.7.1 0:04,R01,M09,32.837,29.558,31.198,3.6881,3.656,88.13,47.381,38.37,42.876,86.734,98.923,0
2025.7.1 0:04,R01,M10,32.328,29.176,30.752,3.6893,3.6513,88.09,46.413,39.619,43.016,86.578,99.168,0
2025.7.1 0:04,R01,M11,32.38,30.017,31.199,3.6896,3.6525,88.11,47.446,39.653,43.549,85.403,99.463,0
2025.7.1 0:04,R01,M01,32.054,27.546,29.8,3.6765,3.6454,87.86,42.568,32.566,37.567,90.204,99.117,0
2025.7.1 0:04,R01,M02,30.604,27.909,29.256,3.6794,3.6484,87.93,41.831,34.119,37.975,89.875,98.694,0
2025.7.1 0:04,R01,M03,31.45,28.563,30.006,3.6826,3.6525,88.02,43.174,35.311,39.242,88.877,99.443,0
2025.7.1 0:04,R01,M04,31.831,28.588,30.209,3.6815,3.6469,87.94,44.107,36.166,40.136,88.153,98.894,0
2025.7.1 0:04,R01,M05,32.541,28.075,30.308,3.6781,3.6453,87.88,44.392,37.335,40.864,88.543,99.085,0
2025.7.1 0:04,R01,M06,31.506,28.335,29.921,3.6797,3.6505,87.96,43.68,36.451,40.066,87.195,98.915,0
2025.7.1 0:04,R01,M07,31.579,29.151,30.365,3.6852,3.6521,88.05,46.337,36.567,41.452,86.389,99.442,0
2025.7.1 0:04,R01,M08,46.031,31.601,38.085,3.7142,3.2283,88.08,48.42,19.0,39.578,53.573,57.704,0
2025.7.1 0:04,R01,M09,33.709,29.653,31.681,3.682,3.6541,88.03,46.98,38.525,42.752,86.586,98.597,0
2025.7.1 0:04,R01,M10,32.472,29.663,31.068,3.6878,3.6586,88.16,47.552,37.815,42.683,86.192,98.855,0
2025.7.1 0:04,R01,M11,33.02,29.687,31.354,3.682,3.653,88.02,47.876,38.719,43.297,85.086,99.184,0
2025.7.1 0:04,R01,M01,30.812,27.94,29.376,3.6729,3.6436,87.8,42.413,33.513,37.963,88.9,98.687,0
2025.7.1 0:04,R01,M02,32.284,28.222,30.253,3.6789,3.6472,87.91,42.812,34.303,38.557,89.458,99.202,0
2025.7.1 0:04,R01,M03,32.217,28.305,30.261,3.6817,3.644,87.91,41.634,36.082,38.858,87.611,98.775,0
2025.7.1 0:04,R01,M04,31.318,28.621,29.97,3.6764,3.6446,87.85,42.384,34.05,38.217,88.933,99.154,0
2025.7.1 0:04,R01,M05,31.975,28.434,30.205,3.681,3.6464,87.93,43.037,36.414,39.725,86.693,99.234,0
2025.7.1 0:04,R01,M06,32.709,28.346,30.528,3.6798,3.6555,88.02,44.522,37.192,40.857,87.798,99.233,0
2025.7.1 0:04,R01,M07,31.49,28.737,30.113,3.6847,3.655,88.08,43.899,36.059,39.979,86.588,98.819,0
2025.7.1 0:04,R01,M08,47.577,31.478,37.987,3.7261,3.2457,88.07,49.166,19.09,39.553,54.005,58.093,0
2025.7.1 0:04,R01,M09,32.992,29.486,31.239,3.6854,3.6566,88.1,47.103,39.164,43.133,85.201,99.408,0
2025.7.1 0:04,R01,M10,32.919,29.556,31.237,3.6841,3.6532,88.05,46.096,39.001,42.548,84.837,99.29,0
2025.7.1 0:04,R01,M11,33.468,30.028,31.748,3.6814,3.658,88.07,45.949,39.1,42.525,84.857,99.052,0
2025.7.1 0:04,R01,M01,32.136,28.048,30.092,3.6767,3.6425,87.83,41.206,33.011,37.109,88.731,99.275,0
2025.7.1 0:04,R01,M02,32.088,28.383,30.236,3.6765,3.6422,87.82,42.753,34.461,38.607,89.527,99.367,0
2025.7.1 0:04,R01,M03,32.415,28.034,30.224,3.6815,3.6467,87.94,41.774,35.412,38.593,89.011,99.415,0
2025.7.1 0:04,R01,M04,32.225,28.056,30.141,3.6743,3.6533,87.93,42.025,35.851,38.938,88.932,98.801,0
2025.7.1 0:04,R01,M05,32.847,28.059,30.453,3.6817,3.6547,88.04,43.967,36.373,40.17,87.928,98.586,0
2025.7.1 0:04,R01,M06,33.164,28.949,31.056,3.6823,3.6543,88.04,43.993,37.077,40.535,87.568,99.284,0
2025.7.1 0:04,R01,M07,33.376,28.99,31.183,3.6819,3.6482,87.96,46.075,38.057,42.066,87.128,99.148,0
2025.7.1 0:04,R01,M08,46.718,31.447,38.378,3.7213,3.2366,87.34,48.422,18.362,37.65,54.018,55.682,0
2025.7.1 0:04,R01,M09,31.915,29.155,30.535,3.6846,3.6568,88.1,46.623,37.32,41.971,85.409,98.913,0
2025.7.1 0:04,R01,M10,33.943,29.139,31.541,3.685,3.654,88.07,45.721,38.368,42.044,86.304,98.987,0
2025.7.1 0:04,R01,M11,32.712,30.092,31.402,3.6825,3.6566,88.07,47.868,38.382,43.125,84.609,98.604,0
2025.7.1 0:04,R01,M01,31.442,27.596,29.519,3.6727,3.6444,87.81,40.9,34.954,37.927,89.75,99.222,0
2025.7.1 0:04,R01,M02,30.63,27.73,29.18,3.6786,3.6472,87.91,43.57,35.817,39.694,88.905,98.746,0
2025.7.1 0:04,R01,M03,31.512,28.428,29.97,3.676,3.6507,87.92,43.994,36.346,40.17,89.351,98.537,0
2025.7.1 0:04,R01,M04,32.348,27.871,30.109,3.6801,3.6529,88.0,44.438,36.368,40.403,87.286,98.567,0
2025.7.1 0:04,R01,M05,31.093,28.26,29.677,3.6839,3.6501,88.01,44.042,37.253,40.648,87.324,99.474,0
2025.7.1 0:04,R01,M06,33.001,29.103,31.052,3.6843,3.6559,88.08,44.69,36.695,40.692,88.044,98.676,0
2025.7.1 0:04,R01,M07,31.984,28.669,30.327,3.6849,3.6547,88.08,45.745,36.692,41.218,87.456,99.473,0
2025.7.1 0:04,R01,M08,46.083,31.709,39.683,3.7284,3.26,87.31,48.045,17.033,37.209,54.363,55.652,0
2025.7.1 0:04,R01,M09,33.691,29.329,31.51,3.6848,3.65,88.02,46.32,38.509,42.415,86.188,98.601,0
2025.7.1 0:04,R01,M10,33.388,29.087,31.237,3.6809,3.6565,88.05,47.659,39.239,43.449,85.113,98.973,0
2025.7.1 0:04,R01,M11,33.79,29.493,31.642,3.6908,3.6585,88.19,48.384,39.755,44.07,84.423,98.687,0
2025.7.1 0:04,R01,M01,31.015,27.871,29.443,3.6781,3.6504,87.94,43.093,34.072,38.583,88.698,99.005,0
2025.7.1 0:04,R01,M02,30.911,27.874,29.392,3.6779,3.6496,87.93,43.949,33.432,38.691,89.018,99.281,0
2025.7.1 0:04,R01,M03,31.837,27.827,29.832,3.6745,3.6433,87.81,44.355,34.693,39.524,87.88,98.65,0
2025.7.1 0:04,R01,M04,31.786,27.951,29.869,3.6794,3.6479,87.93,43.237,34.705,38.971,88.458,98.797,0
2025.7.1 0:04,R01,M05,31.935,28.372,30.154,3.6798,3.6487,87.94,42.577,36.682,39.63,88.033,98.725,0
2025.7.1 0:04,R01,M06,33.002,29.124,31.063,3.6816,3.6489,87.97,43.851,35.253,39.552,87.437,99.127,0
2025.7.1 0:04,R01,M07,31.571,29.366,30.468,3.6814,3.657,88.06,46.109,36.011,41.06,86.963,99.103,0
2025.7.1 0:04,R01,M08,47.722,31.418,38.178,3.7128,3.2733,87.61,48.868,19.995,39.168,53.896,56.176,0
2025.7.1 0:04,R01,M09,33.245,29.018,31.131,3.6814,3.6538,88.02,45.309,38.18,41.745,85.41,98.797,0
2025.7.1 0:04,R01,M10,33.967,29.915,31.941,3.6856,3.6534,88.07,45.014,37.288,41.151,85.196,99.048,0
2025.7.1 0:04,R01,M11,32.678,29.773,31.225,3.6866,3.6588,88.14,46.584,37.972,42.278,84.406,98.8,0
2025.7.1 0:04,R01,M01,31.005,27.336,29.17,3.672,3.643,87.78,42.848,33.47,38.159,89.54,98.576,0
2025.7.1 0:04,R01,M02,30.858,28.087,29.473,3.6763,3.6465,87.87,42.668,34.31,38.489,87.895,99.099,0
2025.7.1 0:04,R01,M03,31.855,28.188,30.021,3.6819,3.6503,87.99,41.897,35.641,38.769,88.437,98.787,0
2025.7.1 0:04,R01,M04,32.626,28.767,30.697,3.6776,3.6452,87.87,42.67,36.52,39.595,87.175,99.051,0
2025.7.1 0:04,R01,M05,31.07,28.028,29.549,3.6751,3.6514,87.92,43.568,34.829,39.198,87.326,98.972,0
2025.7.1 0:04,R01,M06,31.57,28.24,29.905,3.6804,3.6554,88.03,43.493,37.507,40.5,87.697,99.2,0
2025.7.1 0:04,R01,M07,32.396,28.677,30.537,3.6828,3.654,88.04,43.721,36.965,40.343,86.493,99.276,0
2025.7.1 0:04,R01,M08,45.008,31.391,39.28,3.7122,3.2697,87.46,49.183,18.465,38.961,54.211,57.118,0
2025.7.1 0:04,R01,M09,32.932,29.63,31.281,3.6816,3.6554,88.04,45.849,39.077,42.463,85.304,99.08,0
2025.7.1 0:04,R01,M10,32.046,29.551,30.798,3.6869,3.6596,88.16,47.455,39.116,43.285,85.524,99.334,0
2025.7.1 0:04,R01,M11,33.63,29.898,31.764,3.6869,3.6567,88.12,46.638,37.76,42.199,85.191,99.069,0
2025.7.1 0:04,R01,M01,32.169,27.416,29.792,3.6809,3.6484,87.95,40.532,35.446,37.989,88.591,98.56,0
2025.7.1 0:04,R01,M02,32.176,27.418,29.797,3.6755,3.6446,87.84,42.72,35.811,39.266,88.256,99.445,0
2025.7.1 0:04,R01,M03,30.969,28.477,29.723,3.679,3.6465,87.91,44.355,33.787,39.071,88.201,98.918,0
2025.7.1 0:04,R01,M04,31.696,28.018,29.857,3.6839,3.6449,87.95,44.014,34.873,39.444,87.222,98.874,0
2025.7.1 0:04,R01,M05,32.291,28.819,30.555,3.6828,3.6507,88.0,44.724,35.674,40.199,86.958,98.682,0
2025.7.1 0:04,R01,M06,32.704,28.331,30.517,3.685,3.6516,88.04,43.899,35.324,39.611,87.836,98.562,0
2025.7.1 0:04,R01,M07,32.034,29.261,30.648,3.6829,3.6559,88.07,43.63,37.6,40.615,87.512,99.133,0
2025.7.1 0:04,R01,M08,46.267,31.761,39.654,3.7236,3.2489,87.92,46.813,20.935,38.544,54.56,54.967,0
2025.7.1 0:04,R01,M09,33.553,28.87,31.212,3.6791,3.6579,88.04,46.899,39.067,42.983,86.37,98.847,0
2025.7.1 0:04,R01,M10,32.192,29.863,31.027,3.6851,3.6592,88.13,46.139,37.292,41.716,84.737,98.603,0
2025.7.1 0:04,R01,M11,33.862,29.679,31.77,3.6875,3.6593,88.16,46.961,38.299,42.63,84.316,98.993,0
2025.7.1 0:04,R01,M01,31.313,27.623,29.468,3.6722,3.6488,87.85,42.97,34.98,38.975,89.211,98.649,0
2025.7.1 0:04,R01,M02,30.776,27.893,29.334,3.6768,3.6518,87.94,42.761,35.126,38.944,89.336,98.621,0
2025.7.1 0:04,R01,M03,32.461,27.668,30.064,3.6794,3.6491,87.94,43.31,36.446,39.878,88.304,98.841,0
2025.7.1 0:04,R01,M04,31.274,28.635,29.955,3.6825,3.6504,87.99,43.502,34.123,38.812,87.205,99.1,0
2025.7.1 0:04,R01,M05,32.01,28.368,30.189,3.6766,3.6538,87.96,43.911,36.427,40.169,87.186,99.064,0
2025.7.1 0:04,R01,M06,31.236,29.142,30.189,3.6772,3.6475,87.9,45.39,36.558,40.974,86.398,99.212,0
2025.7.1 0:04,R01,M07,31.411,28.595,30.003,3.6868,3.6472,88.01,46.406,35.582,40.994,86.396,98.955,0
2025.7.1 0:04,R01,M08,46.232,32.959,38.563,3.7216,3.2362,88.09,49.568,18.62,35.587,54.311,57.822,0
2025.7.1 0:04,R01,M09,33.007,29.678,31.343,3.6867,3.6518,88.06,47.439,39.196,43.317,86.223,98.823,0
2025.7.1 0:04,R01,M10,33.14,29.341,31.241,3.6805,3.6525,88.0,45.551,37.484,41.517,85.581,99.038,0
2025.7.1 0:04,R01,M11,33.422,29.954,31.688,3.6853,3.6607,88.15,47.458,39.306,43.382,84.38,98.614,0
2025.7.1 0:04,R01,M01,31.264,27.71,29.487,3.6751,3.643,87.82,40.595,35.22,37.907,88.32,98.76,0
2025.7.1 0:04,R01,M02,30.882,28.128,29.505,3.6812,3.6479,87.95,43.884,33.475,38.68,88.575,99.147,0
2025.7.1 0:04,R01,M03,31.544,27.741,29.642,3.6775,3.6507,87.94,43.712,34.648,39.18,87.444,99.007,0
2025.7.1 0:04,R01,M04,32.101,28.667,30.384,3.6746,3.6539,87.94,44.017,35.041,39.529,87.536,99.474,0
2025.7.1 0:04,R01,M05,31.775,28.392,30.084,3.6798,3.6483,87.94,43.067,35.734,39.401,87.214,98.649,0
2025.7.1 0:04,R01,M06,32.569,28.69,30.63,3.6837,3.6494,88.0,43.805,35.893,39.849,86.715,98.826,0
2025.7.1 0:04,R01,M07,32.57,28.489,30.529,3.6846,3.6487,88.0,43.765,35.563,39.664,86.783,98.515,0
2025.7.1 0:04,R01,M08,45.246,31.797,39.501,3.7115,3.2448,87.82,46.692,19.174,36.358,55.061,57.4,0
2025.7.1 0:04,R01,M09,33.513,29.218,31.365,3.6829,3.65,87.99,45.804,36.505,41.154,86.412,98.618,0
2025.7.1 0:04,R01,M10,32.02,29.299,30.66,3.6858,3.6514,88.05,46.122,38.492,42.307,84.974,99.07,0
2025.7.1 0:04,R01,M11,34.156,29.697,31.926,3.6833,3.6561,88.07,46.868,39.416,43.142,85.713,98.648,0
2025.7.1 0:04,R01,M01,32.108,27.31,29.709,3.6806,3.6454,87.91,41.963,32.939,37.451,89.779,98.742,0
2025.7.1 0:04,R01,M02,30.569,28.26,29.415,3.6804,3.6512,87.98,42.447,34.618,38.532,89.326,99.026,0
2025.7.1 0:04,R01,M03,32.582,28.161,30.372,3.6818,3.6463,87.94,44.239,33.812,39.025,88.498,99.029,0
2025.7.1 0:04,R01,M04,31.674,28.542,30.108,3.6752,3.654,87.95,43.335,35.828,39.582,87.702,99.254,0
2025.7.1 0:04,R01,M05,32.013,28.411,30.212,3.6841,3.6485,87.99,45.352,34.704,40.028,86.873,99.324,0
2025.7.1 0:04,R01,M06,31.624,28.486,30.055,3.6827,3.6467,87.95,44.521,36.119,40.32,87.495,98.682,0
2025.7.1 0:04,R01,M07,33.185,29.023,31.104,3.6784,3.6494,87.93,44.776,38.077,41.427,87.045,98.771,0
2025.7.1 0:04,R01,M08,45.845,31.03,37.94,3.7276,3.2294,87.22,48.103,20.305,37.019,54.191,56.346,0
2025.7.1 0:04,R01,M09,33.105,29.459,31.282,3.6807,3.6495,87.96,44.732,39.287,42.01,85.744,99.191,0
2025.7.1 0:04,R01,M10,32.943,29.017,30.98,3.6872,3.6569,88.13,45.191,39.099,42.145,85.634,98.962,0
2025.7.1 0:04,R01,M11,32.247,29.382,30.815,3.6815,3.6562,88.05,48.266,37.684,42.975,84.755,98.545,0
2025.7.1 0:04,R01,M01,30.91,27.25,29.08,3.6791,3.6439,87.88,41.17,32.701,36.936,88.675,98.72,0
2025.7.1 0:04,R01,M02,31.665,27.794,29.73,3.6763,3.6489,87.9,43.481,33.682,38.582,88.219,99.036,0
2025.7.1 0:04,R01,M03,30.705,27.791,29.248,3.6804,3.6451,87.91,42.194,34.734,38.464,87.399,99.076,0
2025.7.1 0:04,R01,M04,32.798,28.543,30.671,3.6754,3.6495,87.9,43.056,35.589,39.322,88.118,99.461,0
2025.7.1 0:04,R01,M05,31.209,28.311,29.76,3.6787,3.6492,87.93,43.443,37.446,40.444,87.574,98.839,0
2025.7.1 0:04,R01,M06,32.08,29.003,30.541,3.6822,3.6498,87.98,44.995,35.241,40.118,86.08,98.672,0
2025.7.1 0:04,R01,M07,32.449,29.155,30.802,3.6801,3.6519,87.98,45.863,36.626,41.245,85.885,99.034,0
2025.7.1 0:04,R01,M08,45.62,31.075,38.951,3.717,3.2677,87.67,48.454,20.726,38.753,55.02,55.932,0
2025.7.1 0:04,R01,M09,33.751,29.523,31.637,3.6878,3.6541,88.1,45.791,36.596,41.194,86.019,98.929,0
2025.7.1 0:04,R01,M10,32.103,29.632,30.867,3.6811,3.6528,88.01,45.152,39.981,42.567,85.538,98.933,0
2025.7.1 0:04,R01,M11,32.227,29.939,31.083,3.6826,3.6585,88.09,48.364,39.371,43.867,86.128,98.52,0
2025.7.1 0:04,R01,M01,30.26,27.31,28.785,3.6798,3.6464,87.91,41.459,34.921,38.19,89.125,98.725,0
2025.7.1 0:04,R01,M02,32.314,27.52,29.917,3.6795,3.6448,87.89,41.781,35.764,38.773,88.517,98.747,0
2025.7.1 0:04,R01,M03,32.174,27.86,30.017,3.6731,3.6441,87.81,44.309,34.816,39.562,88.229,98.806,0
2025.7.1 0:04,R01,M04,31.596,27.905,29.751,3.6787,3.6496,87.94,44.237,34.607,39.422,88.327,98.823,0
2025.7.1 0:04,R01,M05,32.039,28.687,30.363,3.6765,3.6525,87.95,43.138,35.489,39.313,87.429,98.612,0
2025.7.1 0:04,R01,M06,32.56,28.275,30.418,3.6843,3.6487,88.0,45.051,37.61,41.331,87.808,99.38,0
2025.7.1 0:04,R01,M07,32.748,28.843,30.795,3.6852,3.6512,88.04,44.053,36.343,40.198,86.495,99.399,0
2025.7.1 0:04,R01,M08,46.89,32.535,39.441,3.7239,3.2427,87.55,49.194,19.325,39.121,54.316,56.836,0
2025.7.1 0:04,R01,M09,33.463,29.199,31.331,3.6815,3.6513,87.99,45.972,39.324,42.648,85.901,98.96,0
2025.7.1 0:04,R01,M10,32.827,29.436,31.131,3.6874,3.6514,88.07,46.628,39.161,42.895,84.795,99.082,0
2025.7.1 0:04,R01,M11,33.328,30.171,31.75,3.6901,3.6597,88.2,45.681,39.325,42.503,85.372,98.952,0
2025.7.1 0:04,R01,M01,31.949,27.778,29.864,3.6743,3.6447,87.83,43.171,34.562,38.867,87.893,98.53,0
2025.7.1 0:04,R01,M02,30.445,27.565,29.005,3.6807,3.6453,87.91,42.061,34.216,38.139,88.31,99.482,0
2025.7.1 0:04,R01,M03,32.342,27.966,30.154,3.6816,3.6433,87.9,44.316,36.337,40.327,88.051,98.807,0
2025.7.1 0:04,R01,M04,31.666,28.161,29.913,3.6814,3.6533,88.02,44.556,36.792,40.674,87.431,98.627,0
2025.7.1 0:04,R01,M05,31.228,28.844,30.036,3.6823,3.6507,88.0,43.533,35.744,39.639,86.977,99.24,0
2025.7.1 0:04,R01,M06,31.896,28.25,30.073,3.6764,3.6517,87.94,43.575,36.978,40.276,87.176,98.826,0
2025.7.1 0:04,R01,M07,32.303,29.181,30.742,3.6796,3.6542,88.01,43.692,36.92,40.306,87.205,98.734,0
2025.7.1 0:04,R01,M08,45.452,31.906,38.918,3.7109,3.2618,87.58,48.68,18.619,37.372,55.937,55.437,0
2025.7.1 0:04,R01,M09,33.657,29.408,31.532,3.6878,3.6512,88.07,45.737,37.468,41.603,86.007,98.592,0
2025.7.1 0:04,R01,M10,32.436,29.388,30.912,3.6813,3.6538,88.02,45.563,39.213,42.388,86.053,99.152,0
2025.7.1 0:04,R01,M11,32.915,29.599,31.257,3.6872,3.6565,88.12,47.041,39.586,43.313,85.351,99.245,0
2025.7.1 0:04,R01,M01,31.409,28.099,29.754,3.6793,3.6492,87.94,40.851,32.529,36.69,88.266,99.487,0
2025.7.1 0:04,R01,M02,32.113,27.896,30.005,3.6778,3.6505,87.94,42.679,33.628,38.154,89.193,99.165,0
2025.7.1 0:04,R01,M03,32.079,27.635,29.857,3.6809,3.6512,87.99,42.133,35.412,38.773,88.471,99.055,0
2025.7.1 0:04,R01,M04,30.932,27.981,29.456,3.6755,3.6526,87.94,42.816,36.582,39.699,87.76,98.998,0
2025.7.1 0:04,R01,M05,31.228,28.542,29.885,3.6769,3.6517,87.94,44.078,37.231,40.654,86.361,99.42,0
2025.7.1 0:04,R01,M06,32.53,28.456,30.493,3.682,3.6499,87.98,45.789,37.396,41.593,87.033,98.57,0
2025.7.1 0:04,R01,M07,32.907,28.504,30.706,3.6849,3.6481,88.0,44.326,36.734,40.53,85.828,98.72,0
2025.7.1 0:04,R01,M08,46.413,32.325,38.891,3.7146,3.2662,87.32,46.816,20.313,35.585,56.115,55.775,0
2025.7.1 0:04,R01,M09,33.34,29.77,31.555,3.6884,3.6548,88.12,45.122,36.66,40.891,84.892,99.328,0
2025.7.1 0:04,R01,M10,33.546,29.556,31.551,3.6895,3.6552,88.14,46.492,38.077,42.284,85.901,99.27,0
2025.7.1 0:04,R01,M11,32.97,29.594,31.282,3.6848,3.652,88.04,47.019,38.77,42.895,85.56,98.884,0
2025.7.1 0:04,R01,M01,31.885,27.301,29.593,3.6802,3.6472,87.93,41.509,33.043,37.276,87.733,98.902,0
2025.7.1 0:04,R01,M02,31.829,28.131,29.98,3.68,3.6427,87.87,42.913,33.601,38.257,88.917,99.119,0
2025.7.1 0:04,R01,M03,31.521,28.283,29.902,3.6741,3.6475,87.86,43.477,33.844,38.66,87.672,98.85,0
2025.7.1 0:04,R01,M04,32.184,28.553,30.368,3.6752,3.6451,87.84,42.393,36.601,39.497,88.461,98.513,0
2025.7.1 0:04,R01,M05,32.007,28.888,30.447,3.6802,3.6483,87.94,44.636,35.718,40.177,86.604,98.532,0
2025.7.1 0:04,R01,M06,32.441,28.345,30.393,3.6791,3.6513,87.96,43.97,35.932,39.951,86.269,98.759,0
2025.7.1 0:04,R01,M07,32.03,29.244,30.637,3.6802,3.6499,87.96,43.503,36.333,39.918,85.525,99.466,0
2025.7.1 0:04,R01,M08,45.732,31.536,38.405,3.7174,3.2347,87.75,47.323,17.36,35.507,56.412,56.2,0
2025.7.1 0:04,R01,M09,32.366,29.763,31.065,3.6852,3.6584,88.12,46.088,38.71,42.399,84.826,99.0,0
2025.7.1 0:04,R01,M10,32.284,29.717,31.0,3.681,3.6522,88.0,46.043,37.865,41.954,84.543,98.709,0
2025.7.1 0:04,R01,M11,33.527,29.793,31.66,3.6887,3.6523,88.09,46.781,40.121,43.451,85.962,99.246,0
2025.7.1 0:04,R01,M01,30.394,27.552,28.973,3.6734,3.6462,87.84,41.046,33.692,37.369,87.688,98.668,0
2025.7.1 0:04,R01,M02,31.162,27.595,29.378,3.6765,3.6442,87.85,41.244,33.275,37.26,88.409,98.909,0
2025.7.1 0:04,R01,M03,31.842,27.929,29.886,3.6767,3.6484,87.9,41.959,35.567,38.763,87.067,98.51,0
2025.7.1 0:04,R01,M04,30.865,28.596,29.73,3.6757,3.6531,87.95,42.929,36.31,39.62,87.604,98.803,0
2025.7.1 0:04,R01,M05,32.685,28.949,30.817,3.6807,3.653,88.0,44.726,34.899,39.812,87.142,99.082,0
2025.7.1 0:04,R01,M06,32.638,28.503,30.57,3.6814,3.655,88.04,45.199,36.924,41.061,87.157,99.425,0
2025.7.1 0:04,R01,M07,31.993,29.253,30.623,3.6831,3.6533,88.04,45.068,37.702,41.385,86.222,99.429,0
2025.7.1 0:04,R01,M08,45.286,31.329,38.886,3.7236,3.2823,87.37,48.119,19.3,38.691,55.533,54.977,0
2025.7.1 0:04,R01,M09,33.294,29.28,31.287,3.6832,3.6556,88.07,46.83,38.749,42.79,85.111,98.749,0
2025.7.1 0:04,R01,M10,32.661,29.01,30.836,3.6843,3.658,88.11,45.153,37.761,41.457,85.771,99.068,0
2025.7.1 0:04,R01,M11,32.858,29.777,31.317,3.6866,3.6519,88.06,46.106,38.026,42.066,85.991,98.686,0
2025.7.1 0:04,R01,M01,31.568,28.152,29.86,3.678,3.6497,87.93,42.112,34.891,38.502,87.693,99.452,0
2025.7.1 0:04,R01,M02,30.419,27.416,28.918,3.6758,3.6456,87.86,41.544,33.992,37.768,87.368,99.071,0
2025.7.1 0:04,R01,M03,31.561,28.459,30.01,3.6766,3.651,87.93,43.341,34.127,38.734,88.389,98.73,0
2025.7.1 0:04,R01,M04,32.094,28.784,30.439,3.6766,3.6446,87.85,43.358,35.908,39.633,86.81,98.966,0
2025.7.1 0:04,R01,M05,31.804,28.927,30.365,3.6759,3.6455,87.86,45.083,35.795,40.439,86.712,98.928,0
2025.7.1 0:04,R01,M06,32.298,28.504,30.401,3.6811,3.6501,87.97,44.888,36.384,40.636,86.491,99.459,0
2025.7.1 0:04,R01,M07,31.901,28.444,30.172,3.679,3.6517,87.97,46.35,36.711,41.531,86.791,99.189,0
2025.7.1 0:04,R01,M08,45.048,32.932,38.351,3.7198,3.2376,87.98,47.174,18.106,35.637,55.68,54.417,0
2025.7.1 0:04,R01,M09,32.755,29.231,30.993,3.6837,3.6553,88.07,45.841,37.415,41.628,85.1,99.1,0
2025.7.1 0:04,R01,M10,33.35,29.457,31.404,3.6899,3.6523,88.11,46.297,38.708,42.502,85.077,98.977,0
2025.7.1 0:04,R01,M11,33.455,29.698,31.576,3.6851,3.66,88.14,45.726,37.886,41.806,85.897,98.683,0
2025.7.1 0:04,R01,M01,31.252,27.683,29.468,3.6775,3.6504,87.93,42.873,33.153,38.013,87.946,99.097,0
2025.7.1 0:04,R01,M02,31.001,28.01,29.506,3.6785,3.6499,87.94,43.802,34.036,38.919,88.931,99.326,0
2025.7.1 0:04,R01,M03,31.974,27.948,29.961,3.6812,3.6448,87.91,42.24,34.01,38.125,88.117,98.551,0
2025.7.1 0:04,R01,M04,31.905,27.911,29.908,3.6787,3.6507,87.95,44.968,34.67,39.819,87.339,98.971,0
2025.7.1 0:04,R01,M05,32.631,28.286,30.459,3.6775,3.6513,87.95,43.471,36.96,40.215,86.097,99.181,0
2025.7.1 0:04,R01,M06,32.186,28.26,30.223,3.6818,3.6487,87.97,45.808,35.141,40.474,86.989,99.058,0
2025.7.1 0:04,R01,M07,32.0,28.792,30.396,3.6795,3.6503,87.96,43.768,38.033,40.901,85.702,99.194,0
2025.7.1 0:04,R01,M08,47.269,32.444,39.212,3.7268,3.2279,88.03,49.69,20.751,35.645,55.159,53.933,0
2025.7.1 0:04,R01,M09,32.165,29.062,30.614,3.6859,3.6519,88.05,45.58,38.123,41.852,84.635,98.69,0
2025.7.1 0:04,R01,M10,33.664,29.921,31.793,3.6801,3.6583,88.06,47.954,39.315,43.635,85.503,98.906,0
2025.7.1 0:04,R01,M11,34.173,29.246,31.709,3.6866,3.6527,88.07,45.844,40.399,43.121,84.484,99.32,0
2025.7.1 0:04,R01,M01,30.611,27.219,28.915,3.6805,3.6477,87.94,40.679,33.811,37.245,89.334,99.032,0
2025.7.1 0:04,R01,M02,32.106,27.505,29.806,3.6742,3.6516,87.91,43.795,33.293,38.544,87.749,98.92,0
2025.7.1 0:04,R01,M03,30.836,28.046,29.441,3.6773,3.6451,87.87,42.252,34.238,38.245,88.473,99.255,0
2025.7.1 0:04,R01,M04,31.56,28.434,29.997,3.6757,3.6503,87.91,43.042,36.839,39.941,88.259,99.055,0
2025.7.1 0:04,R01,M05,32.916,28.054,30.485,3.6796,3.6498,87.95,43.007,34.696,38.852,87.007,99.129,0
2025.7.1 0:04,R01,M06,31.338,28.217,29.777,3.6782,3.6521,87.96,45.257,35.757,40.507,86.331,99.372,0
2025.7.1 0:04,R01,M07,31.663,28.626,30.145,3.6868,3.6523,88.07,44.489,35.969,40.229,85.31,99.023,0
2025.7.1 0:04,R01,M08,46.495,31.827,37.831,3.7164,3.2542,87.52,48.675,18.963,37.553,54.968,56.159,0
2025.7.1 0:04,R01,M09,32.051,29.778,30.915,3.6872,3.656,88.12,44.897,36.999,40.948,85.821,98.782,0
2025.7.1 0:04,R01,M10,32.36,29.573,30.966,3.6855,3.6574,88.11,45.238,38.03,41.634,85.713,99.35,0
2025.7.1 0:04,R01,M11,33.769,30.012,31.89,3.6815,3.6521,88.0,46.103,40.343,43.223,84.119,98.69,0
2025.7.1 0:04,R01,M01,32.138,27.552,29.845,3.6785,3.6446,87.88,43.083,33.923,38.503,87.645,99.047,0
2025.7.1 0:04,R01,M02,30.976,27.68,29.328,3.6749,3.6438,87.82,41.199,33.176,37.188,87.686,99.239,0
2025.7.1 0:04,R01,M03,32.563,28.007,30.285,3.6767,3.6523,87.95,43.612,35.624,39.618,87.381,98.54,0
2025.7.1 0:04,R01,M04,32.649,27.911,30.28,3.683,3.6467,87.96,42.999,34.837,38.918,87.837,99.071,0
2025.7.1 0:04,R01,M05,32.898,28.417,30.658,3.6788,3.6532,87.98,43.551,35.187,39.369,86.898,98.878,0
2025.7.1 0:04,R01,M06,32.865,28.895,30.88,3.6815,3.6532,88.02,45.79,36.435,41.112,86.931,98.521,0
2025.7.1 0:04,R01,M07,32.044,28.966,30.505,3.6846,3.6541,88.06,45.591,38.459,42.025,85.859,99.461,0
2025.7.1 0:04,R01,M08,47.1,32.821,37.608,3.7292,3.2365,87.44,48.495,19.503,37.379,55.645,53.884,0
2025.7.1 0:04,R01,M09,32.708,29.025,30.866,3.6828,3.6525,88.02,44.939,39.315,42.127,86.009,98.518,0
2025.7.1 0:04,R01,M10,33.334,29.285,31.309,3.6841,3.6524,88.04,46.247,39.464,42.855,85.4,98.712,0
2025.7.1 0:04,R01,M11,34.1,29.311,31.706,3.6839,3.6534,88.05,48.445,38.083,43.264,85.454,98.607,0
2025.7.1 0:04,R01,M01,30.775,27.782,29.279,3.6757,3.6499,87.91,41.305,35.453,38.379,87.718,98.653,0
2025.7.1 0:04,R01,M02,31.4,27.753,29.576,3.6819,3.6464,87.94,41.342,35.363,38.352,87.88,98.879,0
2025.7.1 0:04,R01,M03,31.572,27.973,29.773,3.6769,3.6435,87.84,43.04,34.449,38.745,87.055,99.3,0
2025.7.1 0:04,R01,M04,31.599,28.684,30.142,3.6778,3.651,87.95,42.313,34.931,38.622,86.78,99.182,0
2025.7.1 0:04,R01,M05,31.93,28.515,30.223,3.6761,3.6457,87.86,42.61,36.974,39.792,86.845,99.435,0
2025.7.1 0:04,R01,M06,31.242,29.026,30.134,3.6796,3.6505,87.96,43.418,37.504,40.461,86.977,98.773,0
2025.7.1 0:04,R01,M07,32.837,28.757,30.797,3.6816,3.6542,88.03,44.288,37.399,40.843,86.724,98.611,0
2025.7.1 0:04,R01,M08,46.729,31.843,39.025,3.725,3.273,87.27,46.995,19.392,38.101,55.98,55.508,0
2025.7.1 0:04,R01,M09,33.622,29.268,31.445,3.6827,3.6565,88.07,47.278,36.518,41.898,85.003,99.12,0
2025.7.1 0:04,R01,M10,32.313,29.132,30.723,3.6843,3.6584,88.11,47.6,38.001,42.8,85.757,98.869,0
2025.7.1 0:04,R01,M11,33.948,29.682,31.815,3.6887,3.6514,88.08,48.003,39.805,43.904,84.184,99.437,0
2025.7.1 0:04,R01,M01,31.034,27.752,29.393,3.6717,3.6442,87.79,43.089,34.306,38.697,88.029,98.703,0
2025.7.1 0:04,R01,M02,31.575,27.558,29.566,3.6726,3.644,87.8,41.322,35.859,38.591,88.849,98.663,0
2025.7.1 0:04,R01,M03,31.694,28.446,30.07,3.6777,3.6457,87.88,43.322,36.256,39.789,88.505,98.894,0
2025.7.1 0:04,R01,M04,31.137,28.409,29.773,3.6808,3.651,87.98,43.81,34.062,38.936,88.203,98.509,0
2025.7.1 0:04,R01,M05,31.299,28.539,29.919,3.6785,3.6511,87.96,44.988,35.843,40.416,87.415,99.33,0
2025.7.1 0:04,R01,M06,32.247,29.057,30.652,3.6849,3.6506,88.03,43.941,37.1,40.52,86.967,98.994,0
2025.7.1 0:04,R01,M07,33.256,28.876,31.066,3.6835,3.6567,88.08,44.709,36.502,40.606,86.297,98.825,0
2025.7.1 0:04,R01,M08,45.027,32.013,38.93,3.7256,3.2475,87.57,49.135,20.853,35.986,56.04,57.097,0
2025.7.1 0:04,R01,M09,32.515,28.967,30.741,3.6851,3.656,88.09,47.437,39.23,43.334,85.326,98.883,0
2025.7.1 0:04,R01,M10,32.584,29.124,30.854,3.6843,3.6544,88.06,47.913,38.613,43.263,85.577,98.99,0
2025.7.1 0:04,R01,M11,32.493,29.252,30.873,3.6896,3.6555,88.14,47.271,39.294,43.282,85.221,99.295,0
2025.7.1 0:04,R01,M01,30.871,27.939,29.405,3.6737,3.6422,87.79,42.174,35.175,38.674,87.891,99.486,0
2025.7.1 0:04,R01,M02,30.736,27.448,29.092,3.6749,3.6431,87.82,43.799,34.272,39.035,88.213,98.852,0
2025.7.1 0:04,R01,M03,32.141,27.633,29.887,3.6818,3.6472,87.95,42.357,34.658,38.508,87.054,99.121,0
2025.7.1 0:04,R01,M04,32.323,28.642,30.483,3.6788,3.6514,87.96,42.403,35.461,38.932,86.809,99.029,0
2025.7.1 0:04,R01,M05,31.061,28.534,29.797,3.6781,3.6501,87.94,43.41,37.355,40.382,87.291,99.362,0
2025.7.1 0:04,R01,M06,32.2,28.331,30.266,3.681,3.6489,87.96,43.105,35.141,39.123,85.61,98.587,0
2025.7.1 0:04,R01,M07,32.45,28.424,30.437,3.6792,3.6529,87.99,45.174,37.585,41.38,86.992,99.301,0
2025.7.1 0:04,R01,M08,47.576,32.695,39.133,3.7229,3.2479,87.8,47.783,19.315,36.466,55.533,56.281,0
2025.7.1 0:04,R01,M09,32.293,29.278,30.785,3.6844,3.6587,88.12,45.158,38.495,41.826,84.636,99.342,0
2025.7.1 0:04,R01,M10,33.43,29.038,31.234,3.6835,3.6543,88.05,45.706,39.97,42.838,85.939,99.241,0
2025.7.1 0:04,R01,M11,32.707,29.846,31.276,3.6847,3.6587,88.12,47.53,38.167,42.849,85.56,99.004,0
2025.7.1 0:04,R01,M01,30.882,28.078,29.48,3.677,3.6448,87.86,41.524,34.739,38.132,88.804,98.817,0
2025.7.1 0:04,R01,M02,31.838,28.342,30.09,3.6818,3.6456,87.93,41.61,35.436,38.523,87.18,98.799,0
2025.7.1 0:04,R01,M03,30.917,27.612,29.264,3.6735,3.6471,87.85,42.951,34.455,38.703,87.802,99.45,0
2025.7.1 0:04,R01,M04,30.999,27.882,29.441,3.6762,3.6497,87.91,43.172,34.863,39.017,87.822,98.705,0
2025.7.1 0:04,R01,M05,31.158,28.846,30.002,3.6843,3.6481,87.99,44.398,35.421,39.91,87.66,99.316,0
2025.7.1 0:04,R01,M06,33.021,28.611,30.816,3.6784,3.6533,87.98,44.619,36.374,40.496,86.012,99.418,0
2025.7.1 0:04,R01,M07,32.963,29.139,31.051,3.6837,3.6554,88.07,45.891,38.443,42.167,85.674,98.734,0
2025.7.1 0:04,R01,M08,46.972,31.737,39.129,3.7189,3.2452,87.46,46.541,21.244,38.047,56.934,56.39,0
2025.7.1 0:04,R01,M09,32.782,29.548,31.165,3.6876,3.6525,88.08,46.855,36.961,41.908,86.353,98.599,0
2025.7.1 0:04,R01,M10,32.871,29.65,31.261,3.687,3.6537,88.09,47.768,38.427,43.097,84.551,99.028,0
2025.7.1 0:04,R01,M11,32.739,29.308,31.023,3.688,3.66,88.18,46.739,38.167,42.453,85.588,98.514,0
2025.7.1 0:04,R01,M01,31.776,27.568,29.672,3.6761,3.6484,87.89,40.991,34.236,37.614,87.49,98.758,0
2025.7.1 0:04,R01,M02,30.804,27.89,29.347,3.6814,3.6461,87.93,43.837,35.033,39.435,87.763,98.544,0
2025.7.1 0:04,R01,M03,31.638,27.689,29.663,3.6802,3.6497,87.96,42.856,34.252,38.554,87.916,98.53,0
2025.7.1 0:04,R01,M04,32.059,28.731,30.395,3.6836,3.6536,88.05,42.523,34.706,38.615,87.333,99.202,0
2025.7.1 0:04,R01,M05,31.477,28.866,30.172,3.6807,3.6508,87.98,44.219,35.045,39.632,87.741,98.5,0
2025.7.1 0:04,R01,M06,32.243,28.91,30.577,3.6823,3.646,87.94,44.052,36.72,40.386,85.565,99.313,0
2025.7.1 0:04,R01,M07,31.667,29.038,30.352,3.685,3.6549,88.08,45.926,36.59,41.258,85.03,98.517,0
2025.7.1 0:04,R01,M08,46.881,31.952,38.218,3.7132,3.2672,87.76,48.056,20.542,36.63,56.259,53.81,0
2025.7.1 0:04,R01,M09,33.461,29.022,31.241,3.6808,3.6549,88.03,45.563,38.859,42.211,85.616,98.634,0
2025.7.1 0:04,R01,M10,32.314,29.395,30.855,3.6839,3.6518,88.03,45.242,37.002,41.122,84.803,99.21,0
2025.7.1 0:04,R01,M11,33.985,29.909,31.947,3.686,3.6556,88.1,47.821,38.568,43.194,84.731,98.504,0
2025.7.1 0:04,R01,M01,30.78,27.802,29.291,3.6807,3.6438,87.89,40.59,34.176,37.383,87.668,99.406,0
2025.7.1 0:04,R01,M02,31.67,27.862,29.766,3.6769,3.6431,87.84,42.806,34.837,38.822,88.552,99.455,0
2025.7.1 0:04,R01,M03,32.424,27.842,30.133,3.6768,3.6486,87.9,43.11,34.827,38.968,87.093,99.183,0
2025.7.1 0:04,R01,M04,31.303,27.903,29.603,3.6744,3.6466,87.85,42.047,35.321,38.684,87.837,99.219,0
2025.7.1 0:04,R01,M05,32.579,28.157,30.368,3.6827,3.6455,87.94,43.642,37.049,40.346,85.76,99.037,0
2025.7.1 0:04,R01,M06,32.857,28.283,30.57,3.6787,3.6464,87.9,45.397,36.175,40.786,87.254,98.959,0
2025.7.1 0:04,R01,M07,32.672,28.587,30.63,3.6772,3.6537,87.97,46.258,36.064,41.161,85.17,99.153,0
2025.7.1 0:04,R01,M08,46.935,32.041,38.868,3.7288,3.2462,87.42,46.278,19.291,35.121,57.03,55.095,0
2025.7.1 0:04,R01,M09,33.095,29.554,31.325,3.6887,3.6529,88.1,45.448,38.728,42.088,85.832,99.198,0
2025.7.1 0:04,R01,M10,33.916,29.363,31.639,3.6824,3.6581,88.09,47.889,37.629,42.759,84.079,99.095,0
2025.7.1 0:04,R01,M11,33.644,29.711,31.677,3.682,3.6522,88.01,47.669,38.864,43.266,84.55,99.194,0
2025.7.1 0:04,R01,M01,31.418,28.117,29.767,3.6761,3.6508,87.92,41.522,34.658,38.09,87.543,99.184,0
2025.7.1 0:04,R01,M02,30.785,27.414,29.099,3.6806,3.643,87.88,41.765,33.346,37.555,88.37,98.957,0
2025.7.1 0:04,R01,M03,31.045,27.681,29.363,3.6739,3.6519,87.91,41.712,35.535,38.623,86.825,98.973,0
2025.7.1 0:04,R01,M04,30.996,28.185,29.59,3.6786,3.6462,87.9,44.551,34.526,39.538,87.974,99.076,0
2025.7.1 0:04,R01,M05,31.84,28.883,30.361,3.6811,3.649,87.96,42.78,36.306,39.543,86.503,98.558,0
2025.7.1 0:04,R01,M06,32.59,28.505,30.547,3.68,3.6526,87.99,43.348,35.744,39.546,86.754,98.866,0
2025.7.1 0:04,R01,M07,31.402,28.896,30.149,3.6843,3.6523,88.04,44.828,36.155,40.492,85.099,99.26,0
2025.7.1 0:04,R01,M08,45.035,31.027,38.371,3.7226,3.2873,87.7,47.582,22.159,37.931,56.191,55.747,0
2025.7.1 0:04,R01,M09,32.807,29.194,31.001,3.6854,3.6556,88.09,45.048,37.095,41.072,84.61,99.238,0
2025.7.1 0:04,R01,M10,33.065,29.521,31.293,3.6887,3.6594,88.18,47.569,39.647,43.608,85.558,99.451,0
2025.7.1 0:04,R01,M11,33.088,29.806,31.447,3.6826,3.6535,88.03,47.945,37.855,42.9,85.77,99.349,0
2025.7.1 0:04,R01,M01,30.36,27.244,28.802,3.6774,3.6466,87.89,43.379,33.493,38.436,88.246,99.107,0
2025.7.1 0:04,R01,M02,30.972,28.084,29.528,3.6771,3.6436,87.85,41.548,35.238,38.393,87.152,98.58,0
2025.7.1 0:04,R01,M03,31.224,28.468,29.846,3.6747,3.649,87.88,42.645,36.057,39.351,88.385,99.047,0
2025.7.1 0:04,R01,M04,32.08,28.757,30.419,3.6815,3.6517,88.0,44.911,34.741,39.826,87.067,99.018,0
2025.7.1 0:04,R01,M05,32.444,28.202,30.323,3.6798,3.6519,87.98,44.176,36.154,40.165,87.062,99.234,0
2025.7.1 0:04,R01,M06,31.799,29.15,30.474,3.6828,3.6473,87.96,45.926,37.392,41.659,86.472,98.864,0
2025.7.1 0:04,R01,M07,31.402,29.343,30.373,3.6837,3.6482,87.98,45.963,37.636,41.8,86.108,99.033,0
2025.7.1 0:04,R01,M08,45.927,31.504,37.577,3.7253,3.258,87.22,47.045,21.107,37.47,55.789,55.743,0
2025.7.1 0:04,R01,M09,33.422,29.437,31.429,3.6812,3.6542,88.02,45.489,36.935,41.212,86.228,98.944,0
2025.7.1 0:04,R01,M10,33.741,29.637,31.689,3.6879,3.6595,88.17,47.634,37.897,42.766,84.868,98.972,0
2025.7.1 0:04,R01,M11,33.003,29.981,31.492,3.6821,3.6565,88.06,46.463,40.27,43.367,83.9,98.504,0
2025.7.1 0:05,R01,M01,31.179,27.589,29.384,3.6782,3.6415,87.84,42.971,32.555,37.763,87.845,98.843,0
2025.7.1 0:05,R01,M02,31.974,28.172,30.073,3.6732,3.6475,87.85,43.645,34.844,39.245,88.6,99.376,0
2025.7.1 0:05,R01,M03,31.913,28.083,29.998,3.6812,3.6433,87.89,44.156,33.519,38.837,86.708,99.26,0
2025.7.1 0:05,R01,M04,31.705,28.134,29.919,3.6814,3.6505,87.98,42.419,36.96,39.689,87.109,98.976,0
2025.7.1 0:05,R01,M05,32.405,28.296,30.351,3.6796,3.6492,87.95,42.568,35.157,38.862,85.986,99.311,0
2025.7.1 0:05,R01,M06,31.632,28.729,30.181,3.6858,3.6511,88.04,44.32,37.521,40.921,87.158,98.888,0
2025.7.1 0:05,R01,M07,31.59,28.425,30.008,3.684,3.6486,87.99,46.327,35.934,41.13,85.616,98.94,0
2025.7.1 0:05,R01,M08,45.782,32.876,38.737,3.7119,3.2421,87.74,47.529,21.09,34.996,57.525,53.812,0
2025.7.1 0:05,R01,M09,33.458,29.022,31.24,3.6796,3.6531,87.99,45.81,37.502,41.656,85.035,99.314,0
2025.7.1 0:05,R01,M10,33.3,29.8,31.55,3.6808,3.655,88.03,46.452,38.834,42.643,84.013,99.137,0
2025.7.1 0:05,R01,M11,32.778,29.81,31.294,3.6813,3.6609,88.11,45.603,39.508,42.556,83.824,99.115,0
2025.7.1 0:05,R01,M01,31.815,27.413,29.614,3.6766,3.6502,87.92,41.082,33.355,37.218,87.548,99.244,0
2025.7.1 0:05,R01,M02,30.581,28.296,29.438,3.6796,3.6459,87.91,41.522,33.709,37.615,88.241,99.227,0
2025.7.1 0:05,R01,M03,30.631,28.356,29.494,3.6826,3.65,87.99,44.381,33.755,39.068,86.98,99.332,0
2025.7.1 0:05,R01,M04,31.998,28.213,30.105,3.6775,3.6516,87.95,42.101,35.11,38.605,87.598,98.943,0
2025.7.1 0:05,R01,M05,32.823,28.354,30.588,3.6771,3.6474,87.89,43.669,37.145,40.407,85.895,98.851,0
2025.7.1 0:05,R01,M06,31.708,28.85,30.279,3.6771,3.6502,87.93,44.004,36.732,40.368,85.269,98.714,0
2025.7.1 0:05,R01,M07,32.724,29.154,30.939,3.6828,3.6551,88.05,45.874,36.824,41.349,85.332,99.455,0
2025.7.1 0:05,R01,M08,45.093,31.495,38.961,3.7141,3.2603,87.92,47.172,18.854,36.99,55.875,53.966,0
2025.7.1 0:05,R01,M09,32.073,29.087,30.58,3.6854,3.65,88.02,45.351,38.037,41.694,84.89,98.652,0
2025.7.1 0:05,R01,M10,33.759,29.286,31.523,3.6847,3.6545,88.07,47.9,38.506,43.203,85.921,99.032,0
2025.7.1 0:05,R01,M11,33.858,29.406,31.632,3.691,3.6527,88.12,45.628,37.835,41.731,84.571,98.689,0
2025.7.1 0:05,R01,M01,31.866,27.856,29.861,3.6718,3.6494,87.85,42.97,35.381,39.175,88.556,99.154,0
2025.7.1 0:05,R01,M02,31.949,27.588,29.769,3.6776,3.6448,87.87,43.906,35.725,39.816,88.359,98.751,0
2025.7.1 0:05,R01,M03,30.708,27.894,29.301,3.674,3.6488,87.87,41.816,34.683,38.249,86.722,99.238,0
2025.7.1 0:05,R01,M04,32.783,28.31,30.547,3.6838,3.6521,88.03,44.201,34.579,39.39,86.57,99.36,0
2025.7.1 0:05,R01,M05,31.535,28.871,30.203,3.6768,3.6455,87.87,42.757,36.372,39.564,87.473,99.488,0
2025.7.1 0:05,R01,M06,31.585,29.098,30.341,3.6839,3.6529,88.04,43.942,35.776,39.859,86.887,98.625,0
2025.7.1 0:05,R01,M07,32.488,28.828,30.658,3.6814,3.6473,87.94,46.104,38.098,42.101,86.281,98.722,0
2025.7.1 0:05,R01,M08,45.646,32.123,38.661,3.7157,3.2632,87.48,47.777,18.711,37.917,57.883,56.673,0
2025.7.1 0:05,R01,M09,33.381,29.076,31.229,3.6794,3.6512,87.97,46.45,39.482,42.966,85.182,99.451,0
2025.7.1 0:05,R01,M10,32.487,29.069,30.778,3.6892,3.6596,88.19,47.534,39.529,43.532,84.855,99.219,0
2025.7.1 0:05,R01,M11,34.197,29.673,31.935,3.6813,3.6594,88.09,47.072,40.235,43.654,84.623,99.217,0
2025.7.1 0:05,R01,M01,32.176,27.403,29.79,3.6773,3.6463,87.88,42.899,32.545,37.722,88.306,99.483,0
2025.7.1 0:05,R01,M02,32.355,27.734,30.044,3.6798,3.6438,87.88,41.404,34.403,37.904,88.092,98.798,0
2025.7.1 0:05,R01,M03,31.481,27.768,29.625,3.6778,3.6483,87.91,44.363,33.808,39.085,87.044,98.624,0
2025.7.1 0:05,R01,M04,30.921,28.162,29.541,3.6755,3.6525,87.94,44.495,35.512,40.004,86.034,99.197,0
2025.7.1 0:05,R01,M05,31.118,28.982,30.05,3.6787,3.649,87.93,43.487,34.97,39.228,86.258,98.975,0
2025.7.1 0:05,R01,M06,31.76,28.7,30.23,3.6807,3.6485,87.95,45.251,37.296,41.273,86.249,99.384,0
2025.7.1 0:05,R01,M07,33.147,28.909,31.028,3.6795,3.6524,87.98,44.405,38.049,41.227,86.761,98.708,0
2025.7.1 0:05,R01,M08,46.719,32.759,37.921,3.7299,3.248,87.28,46.862,22.375,36.747,56.325,54.178,0
2025.7.1 0:05,R01,M09,32.667,29.184,30.925,3.6837,3.6547,88.06,45.195,39.361,42.278,84.895,99.197,0
2025.7.1 0:05,R01,M10,32.178,29.263,30.721,3.6846,3.6574,88.1,47.757,39.689,43.723,85.111,98.714,0
2025.7.1 0:05,R01,M11,33.131,29.979,31.555,3.6853,3.6568,88.11,46.121,38.841,42.481,83.73,99.072,0
2025.7.1 0:05,R01,M01,31.446,27.351,29.398,3.674,3.6414,87.78,41.343,35.218,38.281,87.879,98.859,0
2025.7.1 0:05,R01,M02,30.834,28.284,29.559,3.6745,3.6469,87.86,41.1,34.58,37.84,88.134,99.031,0
2025.7.1 0:05,R01,M03,31.398,27.879,29.639,3.6804,3.6473,87.93,43.892,33.969,38.931,88.196,99.137,0
2025.7.1 0:05,R01,M04,32.112,27.866,29.989,3.6809,3.6522,88.0,43.393,34.834,39.114,87.24,98.77,0
2025.7.1 0:05,R01,M05,32.863,28.331,30.597,3.684,3.6493,88.0,44.082,36.082,40.082,87.433,98.634,0
2025.7.1 0:05,R01,M06,31.724,28.825,30.274,3.6795,3.6506,87.96,44.262,36.914,40.588,85.726,99.316,0
2025.7.1 0:05,R01,M07,33.092,29.273,31.182,3.6824,3.6552,88.05,43.893,35.732,39.812,85.556,98.765,0
2025.7.1 0:05,R01,M08,44.456,31.981,38.902,3.7132,3.2461,87.17,47.385,20.356,35.368,56.756,55.011,0
2025.7.1 0:05,R01,M09,33.379,29.581,31.48,3.6821,3.6535,88.03,44.652,37.845,41.248,85.366,99.081,0
2025.7.1 0:05,R01,M10,32.084,29.399,30.742,3.6857,3.6559,88.1,46.162,38.629,42.395,85.176,99.464,0
2025.7.1 0:05,R01,M11,33.498,29.935,31.716,3.6849,3.6582,88.12,46.821,40.052,43.436,84.704,99.484,0
2025.7.1 0:05,R01,M01,30.731,27.963,29.347,3.6717,3.6485,87.84,41.193,35.078,38.136,88.696,99.067,0
2025.7.1 0:05,R01,M02,30.531,27.607,29.069,3.6726,3.6477,87.84,41.189,33.867,37.528,87.285,99.24,0
2025.7.1 0:05,R01,M03,32.27,28.529,30.4,3.6781,3.647,87.9,43.63,34.247,38.939,87.64,99.321,0
2025.7.1 0:05,R01,M04,31.082,28.307,29.694,3.6751,3.6495,87.9,42.716,36.276,39.496,86.436,98.514,0
2025.7.1 0:05,R01,M05,32.49,28.122,30.306,3.6797,3.6517,87.98,43.609,37.048,40.329,86.866,99.461,0
2025.7.1 0:05,R01,M06,31.757,29.103,30.43,3.6807,3.6474,87.94,45.044,37.511,41.278,86.993,99.001,0
2025.7.1 0:05,R01,M07,31.988,29.103,30.546,3.6831,3.6536,88.04,45.244,36.163,40.703,85.371,99.261,0
2025.7.1 0:05,R01,M08,44.001,32.983,38.628,3.7188,3.2826,87.94,47.731,19.788,37.453,56.662,53.77,0
2025.7.1 0:05,R01,M09,32.382,29.311,30.846,3.6861,3.6503,88.04,46.023,38.751,42.387,85.515,98.612,0
2025.7.1 0:05,R01,M10,33.783,29.576,31.68,3.6824,3.6504,87.99,47.443,37.189,42.316,84.521,98.753,0
2025.7.1 0:05,R01,M11,32.516,29.781,31.148,3.6903,3.6544,88.14,46.531,37.822,42.177,84.591,98.823,0
2025.7.1 0:05,R01,M01,31.862,27.474,29.668,3.6741,3.6419,87.79,41.731,34.566,38.148,88.629,99.353,0
2025.7.1 0:05,R01,M02,31.656,27.688,29.672,3.6794,3.6428,87.87,42.205,35.3,38.752,87.35,98.834,0
2025.7.1 0:05,R01,M03,31.387,27.647,29.517,3.68,3.6436,87.88,43.669,33.978,38.823,87.512,98.609,0
2025.7.1 0:05,R01,M04,32.609,28.139,30.374,3.6763,3.6527,87.95,44.785,36.162,40.474,85.813,98.851,0
2025.7.1 0:05,R01,M05,31.666,28.337,30.002,3.6773,3.6467,87.89,42.619,36.473,39.546,87.091,98.572,0
2025.7.1 0:05,R01,M06,31.923,28.559,30.241,3.6853,3.6474,87.99,44.276,36.264,40.27,86.956,98.757,0
2025.7.1 0:05,R01,M07,31.859,28.981,30.42,3.686,3.6568,88.11,43.868,35.614,39.741,86.377,99.418,0
2025.7.1 0:05,R01,M08,43.882,32.096,38.634,3.7211,3.2751,87.3,48.597,20.244,33.72,57.347,53.772,0
2025.7.1 0:05,R01,M09,32.322,28.821,30.572,3.6881,3.6544,88.11,44.875,38.128,41.502,85.827,99.118,0
2025.7.1 0:05,R01,M10,33.173,29.9,31.537,3.6841,3.6574,88.1,47.723,39.335,43.529,85.768,99.206,0
2025.7.1 0:05,R01,M11,33.545,29.261,31.403,3.6829,3.6514,88.01,45.841,38.146,41.993,84.564,99.29,0
2025.7.1 0:05,R01,M01,30.989,27.888,29.439,3.6794,3.6453,87.9,42.399,33.897,38.148,87.199,98.868,0
2025.7.1 0:05,R01,M02,30.592,27.779,29.185,3.6732,3.6514,87.9,43.802,35.153,39.477,87.606,99.116,0
2025.7.1 0:05,R01,M03,30.631,27.608,29.12,3.6773,3.6512,87.94,44.486,34.084,39.285,87.675,99.063,0
2025.7.1 0:05,R01,M04,32.115,28.064,30.09,3.6741,3.6453,87.83,42.089,36.436,39.263,86.318,98.643,0
2025.7.1 0:05,R01,M05,31.191,28.277,29.734,3.6766,3.6549,87.98,45.333,35.15,40.242,85.501,98.531,0
2025.7.1 0:05,R01,M06,32.173,29.072,30.623,3.679,3.6494,87.94,45.775,37.277,41.526,86.152,99.109,0
2025.7.1 0:05,R01,M07,32.781,29.118,30.95,3.6845,3.6549,88.07,43.744,37.442,40.593,86.385,99.337,0
2025.7.1 0:05,R01,M08,45.482,31.293,38.324,3.7147,3.2492,87.37,46.26,20.705,35.981,57.339,56.454,0
2025.7.1 0:05,R01,M09,32.283,29.095,30.689,3.6852,3.6575,88.11,47.145,36.54,41.843,85.39,98.899,0
2025.7.1 0:05,R01,M10,33.549,29.211,31.38,3.6829,3.6527,88.03,46.404,37.412,41.908,85.256,99.294,0
2025.7.1 0:05,R01,M11,33.525,30.185,31.855,3.6812,3.6604,88.1,46.246,40.113,43.18,84.332,99.094,0
2025.7.1 0:05,R01,M01,32.094,27.862,29.978,3.6753,3.6452,87.85,42.983,34.214,38.599,88.543,99.293,0
2025.7.1 0:05,R01,M02,32.337,27.706,30.022,3.6787,3.6447,87.88,41.454,35.706,38.58,88.311,99.008,0
2025.7.1 0:05,R01,M03,32.374,28.078,30.226,3.6745,3.6436,87.82,42.815,35.612,39.213,86.213,98.798,0
2025.7.1 0:05,R01,M04,31.658,28.071,29.864,3.6749,3.6504,87.9,42.472,35.592,39.032,87.247,99.392,0
2025.7.1 0:05,R01,M05,31.149,28.62,29.885,3.6789,3.6533,87.99,44.178,36.321,40.249,86.777,98.536,0
2025.7.1 0:05,R01,M06,31.316,28.811,30.063,3.6774,3.6484,87.91,43.125,36.769,39.947,86.475,99.456,0
2025.7.1 0:05,R01,M07,31.64,28.722,30.181,3.6777,3.6549,87.99,45.351,36.905,41.128,85.878,98.532,0
2025.7.1 0:05,R01,M08,44.781,31.503,37.7,3.7107,3.2695,87.99,46.597,20.554,33.68,57.289,53.661,0
2025.7.1 0:05,R01,M09,32.073,29.591,30.832,3.6796,3.6559,88.03,45.886,37.945,41.916,85.41,99.28,0
2025.7.1 0:05,R01,M10,32.678,29.264,30.971,3.6882,3.6538,88.1,45.47,37.554,41.512,84.245,99.445,0
2025.7.1 0:05,R01,M11,32.584,29.613,31.099,3.6901,3.6566,88.16,47.056,39.281,43.168,85.23,99.211,0
2025.7.1 0:05,R01,M01,31.689,28.024,29.857,3.6737,3.6472,87.85,40.756,35.358,38.057,87.852,98.717,0
2025.7.1 0:05,R01,M02,32.385,28.001,30.193,3.6753,3.6478,87.88,41.45,35.653,38.552,87.0,99.251,0
2025.7.1 0:05,R01,M03,32.29,28.017,30.154,3.679,3.6461,87.9,41.937,34.332,38.135,87.35,98.729,0
2025.7.1 0:05,R01,M04,32.496,28.107,30.302,3.6757,3.6441,87.84,44.719,36.008,40.364,86.321,99.391,0
2025.7.1 0:05,R01,M05,32.604,28.838,30.721,3.6763,3.6473,87.88,42.645,34.833,38.739,86.133,98.752,0
2025.7.1 0:05,R01,M06,31.405,28.225,29.815,3.6834,3.6462,87.96,43.276,35.962,39.619,86.741,99.403,0
2025.7.1 0:05,R01,M07,31.795,28.855,30.325,3.6837,3.6538,88.05,46.474,36.628,41.551,85.07,99.42,0
2025.7.1 0:05,R01,M08,45.767,32.158,37.416,3.7299,3.2592,87.94,48.891,23.409,35.277,56.704,56.449,0
2025.7.1 0:05,R01,M09,32.152,29.341,30.747,3.6832,3.6506,88.01,44.653,39.282,41.968,84.922,98.703,0
2025.7.1 0:05,R01,M10,32.028,29.845,30.936,3.6893,3.653,88.11,45.662,38.047,41.855,83.917,98.752,0
2025.7.1 0:05,R01,M11,32.388,29.909,31.148,3.6883,3.6532,88.1,48.174,37.949,43.061,84.447,98.654,0
2025.7.1 0:05,R01,M01,31.4,27.555,29.477,3.6727,3.6463,87.83,41.032,34.531,37.781,87.086,98.81,0
2025.7.1 0:05,R01,M02,30.873,28.041,29.457,3.6755,3.6436,87.83,42.179,34.731,38.455,86.601,98.644,0
2025.7.1 0:05,R01,M03,31.514,27.646,29.58,3.6814,3.6521,88.0,44.407,35.326,39.867,87.144,98.762,0
2025.7.1 0:05,R01,M04,31.119,28.458,29.788,3.6792,3.6456,87.9,44.376,36.132,40.254,87.501,98.725,0
2025.7.1 0:05,R01,M05,32.559,28.294,30.426,3.6753,3.6475,87.87,42.545,36.483,39.514,85.671,98.945,0
2025.7.1 0:05,R01,M06,32.159,28.704,30.431,3.6771,3.6516,87.94,44.234,37.448,40.841,86.238,99.126,0
2025.7.1 0:05,R01,M07,32.554,28.776,30.665,3.6842,3.6491,88.0,46.464,37.65,42.057,86.411,98.924,0
2025.7.1 0:05,R01,M08,45.012,32.967,37.7,3.7279,3.2548,87.57,47.186,22.294,36.551,58.667,55.117,0
2025.7.1 0:05,R01,M09,33.277,29.246,31.261,3.6847,3.6491,88.01,47.165,36.764,41.965,85.725,99.485,0
2025.7.1 0:05,R01,M10,33.566,29.151,31.358,3.6888,3.6547,88.12,45.077,39.989,42.533,84.942,99.031,0
2025.7.1 0:05,R01,M11,33.702,29.989,31.846,3.6835,3.6569,88.08,47.323,38.048,42.686,85.131,98.918,0
2025.7.1 0:05,R01,M01,32.192,27.251,29.721,3.6713,3.6439,87.78,41.106,32.792,36.949,87.056,99.391,0
2025.7.1 0:05,R01,M02,32.151,28.245,30.198,3.6768,3.6508,87.93,42.543,33.305,37.924,86.913,99.256,0
2025.7.1 0:05,R01,M03,30.725,27.73,29.227,3.6765,3.6434,87.84,41.888,33.59,37.739,87.318,98.947,0
2025.7.1 0:05,R01,M04,32.664,28.367,30.516,3.6752,3.6499,87.9,42.09,35.503,38.797,87.127,99.473,0
2025.7.1 0:05,R01,M05,31.591,28.695,30.143,3.6834,3.645,87.94,44.595,36.737,40.666,86.78,98.925,0
2025.7.1 0:05,R01,M06,33.086,28.591,30.838,3.6806,3.6542,88.02,43.088,35.491,39.29,86.387,99.38,0
2025.7.1 0:05,R01,M07,31.65,28.975,30.312,3.6776,3.652,87.96,44.299,36.862,40.581,86.209,99.298,0
2025.7.1 0:05,R01,M08,45.284,32.524,38.488,3.7111,3.2624,87.29,48.385,20.412,35.118,58.555,53.841,0
2025.7.1 0:05,R01,M09,32.728,28.944,30.836,3.6829,3.6501,88.0,45.083,37.598,41.34,84.176,98.977,0
2025.7.1 0:05,R01,M10,32.374,29.355,30.864,3.6838,3.659,88.11,47.475,39.563,43.519,83.832,98.851,0
2025.7.1 0:05,R01,M11,34.047,29.304,31.675,3.682,3.6578,88.08,47.436,40.423,43.93,84.734,99.154,0
2025.7.1 0:05,R01,M01,30.594,27.821,29.208,3.6718,3.6467,87.82,41.242,35.369,38.305,87.026,98.742,0
2025.7.1 0:05,R01,M02,31.744,27.573,29.659,3.6814,3.6445,87.91,41.795,35.338,38.567,86.498,99.22,0
2025.7.1 0:05,R01,M03,31.304,27.622,29.463,3.6807,3.6505,87.97,41.579,33.665,37.622,86.213,98.899,0
2025.7.1 0:05,R01,M04,32.414,27.879,30.147,3.6779,3.6536,87.98,44.602,34.798,39.7,85.673,99.367,0
2025.7.1 0:05,R01,M05,31.515,28.482,29.998,3.6789,3.6452,87.89,42.801,36.987,39.894,85.318,98.84,0
2025.7.1 0:05,R01,M06,31.279,29.029,30.154,3.6789,3.65,87.95,43.365,37.383,40.374,86.201,98.878,0
2025.7.1 0:05,R01,M07,31.505,29.182,30.343,3.6842,3.6518,88.03,45.18,36.319,40.749,86.268,99.432,0
2025.7.1 0:05,R01,M08,45.498,31.38,38.526,3.7177,3.3079,88.0,47.882,22.253,35.765,57.647,54.671,0
2025.7.1 0:05,R01,M09,31.996,28.848,30.422,3.6869,3.6585,88.14,46.095,37.714,41.904,84.055,99.309,0
2025.7.1 0:05,R01,M10,32.663,29.107,30.885,3.6847,3.6567,88.1,45.71,39.468,42.589,85.653,99.053,0
2025.7.1 0:05,R01,M11,34.063,30.119,32.091,3.6838,3.6543,88.06,46.902,39.841,43.371,83.616,99.427,0
2025.7.1 0:05,R01,M01,31.039,27.224,29.132,3.6768,3.6473,87.89,41.263,33.126,37.194,87.241,99.186,0
2025.7.1 0:05,R01,M02,31.963,27.4,29.681,3.6761,3.647,87.88,43.292,33.287,38.29,87.148,98.696,0
2025.7.1 0:05,R01,M03,31.001,28.291,29.646,3.6808,3.6478,87.94,43.133,34.406,38.77,87.625,99.111,0
2025.7.1 0:05,R01,M04,31.001,28.676,29.838,3.677,3.6532,87.96,44.742,35.761,40.252,85.967,98.712,0
2025.7.1 0:05,R01,M05,32.44,28.298,30.369,3.6807,3.6546,88.02,44.424,34.744,39.584,86.368,99.225,0
2025.7.1 0:05,R01,M06,31.411,28.659,30.035,3.6796,3.6492,87.95,43.3,36.03,39.665,85.964,99.379,0
2025.7.1 0:05,R01,M07,31.958,29.235,30.596,3.6776,3.6486,87.91,46.009,38.24,42.124,84.666,98.897,0
2025.7.1 0:05,R01,M08,45.442,32.184,38.235,3.7141,3.2752,87.47,49.575,22.356,36.042,57.019,53.464,0
2025.7.1 0:05,R01,M09,32.637,29.26,30.949,3.6816,3.6497,87.98,46.926,39.474,43.2,85.684,98.88,0
2025.7.1 0:05,R01,M10,32.457,29.781,31.119,3.6826,3.651,88.0,47.896,37.033,42.465,84.16,99.409,0
2025.7.1 0:05,R01,M11,32.446,29.482,30.964,3.6887,3.654,88.11,46.329,39.209,42.769,84.619,98.751,0
2025.7.1 0:05,R01,M01,30.953,27.77,29.361,3.6715,3.6458,87.81,41.422,32.794,37.108,86.897,98.883,0
2025.7.1 0:05,R01,M02,30.693,28.102,29.398,3.6769,3.6504,87.93,41.526,35.444,38.485,86.855,98.62,0
2025.7.1 0:05,R01,M03,32.556,27.998,30.277,3.6798,3.6511,87.97,43.691,35.233,39.462,87.749,98.677,0
2025.7.1 0:05,R01,M04,31.379,27.86,29.62,3.6792,3.6494,87.94,42.327,35.641,38.984,86.765,98.751,0
2025.7.1 0:05,R01,M05,32.709,28.531,30.62,3.6824,3.6453,87.93,45.152,36.849,41.001,86.098,98.55,0
2025.7.1 0:05,R01,M06,32.317,28.395,30.356,3.6837,3.6486,87.99,43.51,35.565,39.537,86.469,99.093,0
2025.7.1 0:05,R01,M07,33.34,29.082,31.211,3.6826,3.6532,88.03,46.44,36.879,41.659,86.272,99.002,0
2025.7.1 0:05,R01,M08,45.458,32.478,38.445,3.7268,3.2757,87.74,49.204,20.929,33.488,58.303,56.314,0
2025.7.1 0:05,R01,M09,33.407,29.206,31.306,3.6862,3.6565,88.11,45.931,36.845,41.388,85.706,98.702,0
2025.7.1 0:05,R01,M10,32.797,29.276,31.036,3.6881,3.6573,88.14,47.154,39.486,43.32,83.837,98.817,0
2025.7.1 0:05,R01,M11,33.644,29.926,31.785,3.6847,3.6587,88.12,45.596,39.335,42.465,85.301,98.847,0
2025.7.1 0:05,R01,M01,31.856,27.791,29.824,3.6757,3.647,87.87,42.132,33.986,38.059,86.651,98.599,0
2025.7.1 0:05,R01,M02,31.616,27.672,29.644,3.6732,3.6482,87.86,43.437,34.561,38.999,86.184,98.971,0
2025.7.1 0:05,R01,M03,31.436,28.25,29.843,3.6758,3.652,87.93,43.683,34.472,39.078,86.439,98.599,0
2025.7.1 0:05,R01,M04,32.753,28.05,30.401,3.6745,3.6533,87.93,44.364,36.426,40.395,86.369,99.17,0
2025.7.1 0:05,R01,M05,32.936,28.572,30.754,3.6815,3.6485,87.96,43.061,36.184,39.623,86.802,99.464,0
2025.7.1 0:05,R01,M06,32.242,28.554,30.398,3.6859,3.6545,88.08,45.934,37.654,41.794,85.455,98.697,0
2025.7.1 0:05,R01,M07,32.807,28.96,30.884,3.6859,3.6493,88.02,43.611,36.31,39.96,84.487,99.366,0
2025.7.1 0:05,R01,M08,45.585,31.519,37.733,3.7217,3.3108,88.1,49.471,23.637,36.006,58.249,54.628,0
2025.7.1 0:05,R01,M09,33.144,29.175,31.16,3.6791,3.6522,87.98,45.515,37.332,41.424,83.883,99.131,0
2025.7.1 0:05,R01,M10,33.233,29.319,31.276,3.6884,3.6575,88.15,47.005,38.41,42.707,85.462,98.599,0
2025.7.1 0:05,R01,M11,34.092,30.016,32.054,3.6832,3.6573,88.09,47.111,37.86,42.486,85.228,98.78,0
2025.7.1 0:05,R01,M01,31.396,27.247,29.322,3.6712,3.6434,87.78,40.563,32.864,36.713,88.018,98.586,0
2025.7.1 0:05,R01,M02,31.286,28.175,29.73,3.6778,3.6472,87.9,43.362,33.18,38.271,87.065,99.053,0
2025.7.1 0:05,R01,M03,31.924,27.809,29.867,3.6787,3.649,87.93,44.164,34.493,39.329,85.813,98.865,0
2025.7.1 0:05,R01,M04,30.82,28.17,29.495,3.6749,3.6453,87.84,44.007,35.797,39.902,87.114,99.302,0
2025.7.1 0:05,R01,M05,31.395,28.4,29.898,3.676,3.6512,87.93,42.578,34.841,38.71,85.073,99.35,0
2025.7.1 0:05,R01,M06,33.178,28.65,30.914,3.6807,3.6468,87.93,43.477,36.96,40.218,85.513,99.395,0
2025.7.1 0:05,R01,M07,31.594,28.4,29.997,3.6845,3.6541,88.06,45.66,35.781,40.721,85.447,99.231,0
2025.7.1 0:05,R01,M08,44.474,31.41,38.339,3.7275,3.2642,88.0,49.959,23.446,36.438,57.587,54.926,0
2025.7.1 0:05,R01,M09,32.708,29.461,31.084,3.6841,3.6522,88.04,45.209,37.732,41.471,84.614,98.698,0
2025.7.1 0:05,R01,M10,33.45,29.168,31.309,3.6807,3.653,88.0,46.188,38.534,42.361,85.53,98.543,0
2025.7.1 0:05,R01,M11,34.015,29.825,31.92,3.6884,3.6609,88.19,47.84,38.137,42.989,84.812,98.881,0
2025.7.1 0:05,R01,M01,32.082,27.678,29.88,3.6751,3.6462,87.86,41.205,34.318,37.761,87.642,98.659,0
2025.7.1 0:05,R01,M02,30.581,27.737,29.159,3.6784,3.649,87.93,41.711,34.724,38.218,86.946,98.844,0
2025.7.1 0:05,R01,M03,31.6,28.594,30.097,3.6762,3.651,87.93,43.142,34.094,38.618,87.655,98.757,0
2025.7.1 0:05,R01,M04,32.614,28.63,30.622,3.6836,3.6468,87.96,43.993,34.531,39.262,85.793,98.844,0
2025.7.1 0:05,R01,M05,32.75,28.754,30.752,3.6849,3.6469,87.98,43.656,37.203,40.43,85.157,99.025,0
2025.7.1 0:05,R01,M06,32.285,28.32,30.302,3.6831,3.6525,88.03,44.345,35.622,39.983,86.264,99.171,0
2025.7.1 0:05,R01,M07,32.912,29.068,30.99,3.6861,3.6562,88.11,44.222,37.111,40.666,85.181,98.626,0
2025.7.1 0:05,R01,M08,43.358,31.936,38.173,3.7111,3.3033,87.3,48.235,20.956,35.375,58.133,56.33,0
2025.7.1 0:05,R01,M09,32.074,29.594,30.834,3.6881,3.6529,88.09,46.95,39.199,43.075,84.697,99.174,0
2025.7.1 0:05,R01,M10,33.804,29.48,31.642,3.6875,3.6549,88.11,46.483,39.243,42.863,83.723,99.029,0
2025.7.1 0:05,R01,M11,32.821,29.384,31.102,3.6862,3.6558,88.1,45.502,39.154,42.328,83.499,99.356,0
2025.7.1 0:05,R01,M01,30.532,27.86,29.196,3.6727,3.6487,87.86,43.391,32.55,37.971,87.684,99.481,0
2025.7.1 0:05,R01,M02,31.061,28.261,29.661,3.6734,3.6489,87.87,43.946,35.062,39.504,86.338,99.071,0
2025.7.1 0:05,R01,M03,32.106,28.065,30.086,3.674,3.6484,87.87,43.697,34.78,39.239,86.566,99.01,0
2025.7.1 0:05,R01,M04,31.787,28.175,29.981,3.6759,3.6525,87.94,44.194,36.249,40.222,85.916,99.475,0
2025.7.1 0:05,R01,M05,32.448,28.108,30.278,3.677,3.6472,87.89,44.082,34.571,39.326,86.701,99.16,0
2025.7.1 0:05,R01,M06,32.552,29.12,30.836,3.681,3.6498,87.97,43.498,35.843,39.671,85.34,99.103,0
2025.7.1 0:05,R01,M07,33.196,28.506,30.851,3.6851,3.6507,88.03,44.549,37.066,40.808,85.771,98.765,0
2025.7.1 0:05,R01,M08,42.822,32.809,36.727,3.7229,3.282,87.49,46.037,21.263,34.109,57.539,53.434,0
2025.7.1 0:05,R01,M09,33.228,28.975,31.102,3.6821,3.6579,88.08,47.397,39.282,43.34,85.398,99.284,0
2025.7.1 0:05,R01,M10,32.351,29.504,30.928,3.6849,3.6517,88.04,46.384,37.212,41.798,84.977,99.168,0
2025.7.1 0:05,R01,M11,33.302,29.845,31.573,3.6908,3.6607,88.22,46.154,37.909,42.032,85.103,98.719,0
2025.7.1 0:05,R01,M01,30.826,27.823,29.325,3.6744,3.6494,87.89,41.749,33.763,37.756,88.336,99.121,0
2025.7.1 0:05,R01,M02,30.589,28.337,29.463,3.6723,3.6459,87.82,41.077,33.299,37.188,86.641,98.769,0
2025.7.1 0:05,R01,M03,32.459,27.627,30.043,3.6813,3.6475,87.95,42.617,34.682,38.65,86.573,99.076,0
2025.7.1 0:05,R01,M04,31.156,28.514,29.835,3.6821,3.6523,88.01,42.118,35.447,38.782,85.321,98.842,0
2025.7.1 0:05,R01,M05,32.356,28.401,30.379,3.6844,3.6532,88.05,43.599,36.377,39.988,86.038,99.295,0
2025.7.1 0:05,R01,M06,32.7,28.764,30.732,3.6804,3.6474,87.93,44.495,35.93,40.212,85.295,98.935,0
2025.7.1 0:05,R01,M07,33.367,28.471,30.919,3.6831,3.6525,88.03,43.766,37.003,40.385,85.503,98.846,0
2025.7.1 0:05,R01,M08,45.343,32.728,37.246,3.7187,3.2712,87.28,48.995,23.143,36.413,58.526,54.585,0
2025.7.1 0:05,R01,M09,31.825,29.681,30.753,3.6833,3.6533,88.04,44.568,37.849,41.209,84.907,98.576,0
2025.7.1 0:05,R01,M10,33.598,29.295,31.447,3.687,3.6555,88.11,46.824,37.225,42.025,84.315,98.991,0
2025.7.1 0:05,R01,M11,33.351,30.161,31.756,3.6886,3.6585,88.17,46.784,40.205,43.495,84.761,98.842,0
2025.7.1 0:05,R01,M01,30.231,27.596,28.913,3.6762,3.6469,87.88,41.541,32.835,37.188,87.932,99.147,0
2025.7.1 0:05,R01,M02,31.767,27.409,29.588,3.6725,3.6501,87.87,41.738,34.956,38.347,86.87,98.953,0
2025.7.1 0:05,R01,M03,32.207,28.071,30.139,3.6811,3.6488,87.96,44.441,35.43,39.936,87.008,99.352,0
2025.7.1 0:05,R01,M04,30.88,28.33,29.605,3.6821,3.65,87.99,44.028,36.246,40.137,85.807,98.683,0
2025.7.1 0:05,R01,M05,32.78,28.858,30.819,3.6771,3.6517,87.95,44.807,34.84,39.824,86.634,99.318,0
2025.7.1 0:05,R01,M06,32.208,28.675,30.441,3.6837,3.6512,88.02,43.836,36.601,40.218,85.554,98.626,0
2025.7.1 0:05,R01,M07,33.051,28.932,30.992,3.6832,3.6484,87.98,44.884,37.565,41.224,84.447,98.715,0
2025.7.1 0:05,R01,M08,43.521,31.45,36.472,3.7168,3.282,87.93,46.568,21.91,33.061,57.872,54.556,0
2025.7.1 0:05,R01,M09,33.163,28.82,30.991,3.6887,3.6562,88.14,47.042,37.86,42.451,85.518,99.072,0
2025.7.1 0:05,R01,M10,32.77,29.388,31.079,3.6802,3.6522,87.99,47.654,39.021,43.338,84.248,99.207,0
2025.7.1 0:05,R01,M11,32.751,29.257,31.004,3.6817,3.6606,88.11,47.246,40.498,43.872,84.255,99.272,0
2025.7.1 0:05,R01,M01,30.231,27.283,28.757,3.679,3.6433,87.87,40.659,35.066,37.862,86.698,98.543,0
2025.7.1 0:05,R01,M02,31.713,27.405,29.559,3.6733,3.6464,87.84,41.15,34.938,38.044,86.017,99.124,0
2025.7.1 0:05,R01,M03,30.899,27.703,29.301,3.6769,3.6529,87.96,42.841,33.648,38.245,86.101,99.271,0
2025.7.1 0:05,R01,M04,31.125,28.228,29.677,3.6835,3.6495,88.0,42.569,35.847,39.208,86.369,98.905,0
2025.7.1 0:05,R01,M05,32.49,28.566,30.528,3.6782,3.6549,88.0,44.452,36.478,40.465,84.874,99.078,0
2025.7.1 0:05,R01,M06,32.885,29.074,30.98,3.6768,3.6464,87.88,45.665,36.176,40.921,85.372,98.83,0
2025.7.1 0:05,R01,M07,32.163,28.562,30.362,3.6804,3.6554,88.03,44.793,38.263,41.528,85.87,99.448,0
2025.7.1 0:05,R01,M08,42.482,32.527,37.108,3.7231,3.2792,87.9,46.07,23.25,33.881,58.71,55.996,0
2025.7.1 0:05,R01,M09,33.774,28.922,31.348,3.6849,3.6573,88.11,45.888,37.068,41.478,85.49,99.366,0
2025.7.1 0:05,R01,M10,33.569,29.256,31.413,3.6829,3.6599,88.11,45.348,38.459,41.904,84.473,98.532,0
2025.7.1 0:05,R01,M11,32.376,29.42,30.898,3.691,3.6549,88.15,48.486,38.943,43.715,85.298,99.061,0
2025.7.1 0:05,R01,M01,31.148,27.444,29.296,3.675,3.6485,87.88,42.585,33.205,37.895,88.013,98.97,0
2025.7.1 0:05,R01,M02,31.112,28.383,29.747,3.6738,3.6486,87.87,41.306,33.034,37.17,86.924,98.696,0
2025.7.1 0:05,R01,M03,32.154,28.284,30.219,3.6751,3.6521,87.93,41.646,36.479,39.062,86.232,99.231,0
2025.7.1 0:05,R01,M04,31.658,27.828,29.743,3.6839,3.6486,87.99,43.832,35.725,39.779,86.562,98.589,0
2025.7.1 0:05,R01,M05,32.322,28.652,30.487,3.6845,3.654,88.06,43.297,36.274,39.785,86.634,98.869,0
2025.7.1 0:05,R01,M06,32.451,28.714,30.582,3.685,3.6547,88.08,44.697,35.649,40.173,84.659,98.982,0
2025.7.1 0:05,R01,M07,32.198,28.778,30.488,3.6785,3.6484,87.92,43.862,38.004,40.933,84.979,98.502,0
2025.7.1 0:05,R01,M08,43.918,31.266,36.264,3.7183,3.2734,87.64,46.207,21.534,35.606,59.085,54.791,0
2025.7.1 0:05,R01,M09,33.692,29.381,31.537,3.6827,3.6579,88.09,45.306,39.497,42.401,84.013,98.517,0
2025.7.1 0:05,R01,M10,32.527,29.532,31.029,3.6869,3.6501,88.04,47.435,37.455,42.445,83.897,99.395,0
2025.7.1 0:05,R01,M11,33.83,29.557,31.694,3.6837,3.6599,88.12,45.961,38.537,42.249,83.654,98.81,0
2025.7.1 0:05,R01,M01,30.823,27.351,29.087,3.6725,3.65,87.87,40.588,34.941,37.764,87.747,99.303,0
2025.7.1 0:05,R01,M02,30.776,27.518,29.147,3.6775,3.6493,87.92,43.652,35.682,39.667,86.299,99.245,0
2025.7.1 0:05,R01,M03,31.91,27.988,29.949,3.6752,3.6485,87.88,42.778,33.734,38.256,85.532,99.264,0
2025.7.1 0:05,R01,M04,32.477,28.665,30.571,3.6785,3.6492,87.93,43.765,35.611,39.688,86.165,98.915,0
2025.7.1 0:05,R01,M05,32.567,28.663,30.615,3.6845,3.6509,88.02,44.532,37.427,40.98,86.442,99.087,0
2025.7.1 0:05,R01,M06,32.26,28.808,30.534,3.677,3.65,87.92,43.809,36.789,40.299,86.112,98.672,0
2025.7.1 0:05,R01,M07,33.384,29.389,31.386,3.6805,3.6534,88.01,45.294,35.683,40.489,84.893,99.089,0
2025.7.1 0:05,R01,M08,44.749,32.447,37.348,3.7237,3.2975,87.23,48.48,24.279,32.764,58.644,53.62,0
2025.7.1 0:05,R01,M09,33.744,29.482,31.613,3.6889,3.6498,88.06,47.314,38.355,42.834,84.655,98.588,0
2025.7.1 0:05,R01,M10,33.748,29.005,31.377,3.6864,3.6525,88.07,47.821,38.88,43.35,83.932,98.847,0
2025.7.1 0:05,R01,M11,32.731,30.157,31.444,3.6863,3.6514,88.05,48.469,38.095,43.282,85.241,98.58,0
2025.7.1 0:05,R01,M01,31.956,27.29,29.623,3.6718,3.646,87.81,41.213,33.416,37.314,86.287,99.322,0
2025.7.1 0:05,R01,M02,32.335,28.298,30.316,3.6796,3.6505,87.96,42.389,34.207,38.298,87.378,99.475,0
2025.7.1 0:05,R01,M03,32.52,28.369,30.445,3.6769,3.6455,87.87,44.26,33.979,39.12,85.935,98.953,0
2025.7.1 0:05,R01,M04,32.429,28.119,30.274,3.6775,3.6486,87.91,44.442,34.629,39.535,85.834,99.375,0
2025.7.1 0:05,R01,M05,32.265,28.938,30.602,3.6812,3.6541,88.02,43.138,36.203,39.671,85.823,98.862,0
2025.7.1 0:05,R01,M06,32.027,28.958,30.492,3.6831,3.6548,88.05,45.862,36.155,41.008,85.114,98.928,0
2025.7.1 0:05,R01,M07,31.565,28.932,30.248,3.6847,3.6531,88.05,44.888,36.506,40.697,84.234,99.211,0
2025.7.1 0:05,R01,M08,42.773,32.238,37.393,3.7168,3.2833,87.31,46.077,23.72,34.938,58.655,56.461,0
2025.7.1 0:05,R01,M09,33.476,29.163,31.319,3.6826,3.6539,88.04,47.083,38.104,42.593,85.388,99.271,0
2025.7.1 0:05,R01,M10,32.772,29.178,30.975,3.6882,3.657,88.14,46.9,39.127,43.014,83.484,98.93,0
2025.7.1 0:05,R01,M11,33.529,29.731,31.63,3.6885,3.6527,88.09,47.183,38.641,42.912,85.017,99.038,0
2025.7.1 0:05,R01,M01,32.041,27.895,29.968,3.6789,3.646,87.9,40.814,33.068,36.941,87.169,99.296,0
2025.7.1 0:05,R01,M02,30.771,27.731,29.251,3.675,3.6514,87.92,42.469,34.561,38.515,87.356,99.018,0
2025.7.1 0:05,R01,M03,32.236,28.107,30.171,3.6737,3.6511,87.9,43.085,33.814,38.45,87.064,99.239,0
2025.7.1 0:05,R01,M04,32.675,28.088,30.381,3.6826,3.6477,87.96,43.682,34.407,39.044,86.614,99.471,0
2025.7.1 0:05,R01,M05,31.074,28.137,29.605,3.6838,3.6472,87.97,44.641,37.301,40.971,86.051,99.057,0
2025.7.1 0:05,R01,M06,31.889,28.504,30.197,3.6822,3.6518,88.01,43.346,35.815,39.581,84.415,98.746,0
2025.7.1 0:05,R01,M07,33.162,29.225,31.194,3.6865,3.6478,88.01,44.369,37.148,40.758,84.507,99.49,0
2025.7.1 0:05,R01,M08,43.883,31.027,37.679,3.7274,3.3028,87.6,46.752,21.766,33.555,59.389,53.636,0
2025.7.1 0:05,R01,M09,33.52,29.198,31.359,3.6864,3.6577,88.13,47.371,38.658,43.014,83.82,98.708,0
2025.7.1 0:05,R01,M10,33.917,29.019,31.468,3.681,3.6535,88.01,45.467,39.981,42.724,85.162,99.241,0
2025.7.1 0:05,R01,M11,32.476,30.103,31.29,3.6823,3.6514,88.0,47.267,39.97,43.618,85.231,98.561,0
2025.7.1 0:05,R01,M01,32.097,27.39,29.744,3.6748,3.6455,87.84,40.723,33.616,37.169,86.993,98.814,0
2025.7.1 0:05,R01,M02,31.023,28.31,29.666,3.6802,3.6512,87.98,43.254,35.214,39.234,86.35,98.552,0
2025.7.1 0:05,R01,M03,30.933,28.527,29.73,3.6733,3.6471,87.84,44.123,35.062,39.593,86.252,98.836,0
2025.7.1 0:05,R01,M04,32.482,28.154,30.318,3.6819,3.644,87.91,43.527,34.666,39.096,85.47,99.118,0
2025.7.1 0:05,R01,M05,32.153,28.455,30.304,3.6801,3.6478,87.93,45.433,35.537,40.485,86.18,98.902,0
2025.7.1 0:05,R01,M06,33.028,28.968,30.998,3.6854,3.6494,88.02,44.328,36.038,40.183,85.736,98.87,0
2025.7.1 0:05,R01,M07,32.203,28.608,30.406,3.6825,3.6522,88.02,46.058,35.509,40.784,85.071,98.977,0
2025.7.1 0:05,R01,M08,44.074,32.526,37.418,3.729,3.2994,87.51,47.633,23.198,35.134,58.875,54.136,0
2025.7.1 0:05,R01,M09,33.41,29.628,31.519,3.6863,3.6569,88.12,45.959,38.986,42.472,84.047,98.809,0
2025.7.1 0:05,R01,M10,32.803,29.152,30.977,3.6814,3.6563,88.05,47.858,37.951,42.904,84.85,99.194,0
2025.7.1 0:05,R01,M11,33.147,30.078,31.612,3.6893,3.6553,88.14,47.227,37.694,42.46,84.249,99.086,0
2025.7.1 0:05,R01,M01,32.114,27.544,29.829,3.6808,3.6498,87.97,41.602,33.018,37.31,86.925,99.295,0
2025.7.1 0:05,R01,M02,30.516,27.976,29.246,3.6813,3.6431,87.89,42.012,33.445,37.728,86.91,99.044,0
2025.7.1 0:05,R01,M03,32.15,27.606,29.878,3.676,3.6503,87.92,43.566,36.404,39.985,85.783,98.756,0
2025.7.1 0:05,R01,M04,32.759,28.002,30.38,3.6793,3.6477,87.92,44.037,35.34,39.689,86.735,99.385,0
2025.7.1 0:05,R01,M05,31.397,28.869,30.133,3.6813,3.6452,87.92,43.453,37.432,40.443,85.079,99.405,0
2025.7.1 0:05,R01,M06,31.895,28.562,30.229,3.6807,3.6473,87.94,44.034,36.507,40.27,86.152,99.158,0
2025.7.1 0:05,R01,M07,33.086,28.751,30.919,3.683,3.6482,87.97,45.738,35.553,40.645,85.488,99.423,0
2025.7.1 0:05,R01,M08,42.894,32.646,36.951,3.7229,3.3109,87.26,46.627,23.876,32.826,59.505,53.55,0
2025.7.1 0:05,R01,M09,31.868,29.538,30.703,3.6819,3.649,87.97,44.607,39.133,41.87,84.594,98.566,0
2025.7.1 0:05,R01,M10,32.041,29.472,30.756,3.6872,3.6599,88.17,45.706,37.24,41.473,85.092,99.207,0
2025.7.1 0:05,R01,M11,32.513,29.517,31.015,3.6814,3.6516,88.0,47.593,38.049,42.821,83.288,98.706,0
2025.7.1 0:05,R01,M01,30.857,27.972,29.415,3.6766,3.6432,87.84,43.224,32.509,37.867,86.101,98.768,0
2025.7.1 0:05,R01,M02,31.766,27.443,29.605,3.6792,3.6477,87.92,42.03,33.943,37.986,86.528,98.792,0
2025.7.1 0:05,R01,M03,31.077,27.747,29.412,3.6756,3.6493,87.9,42.729,34.75,38.739,87.295,98.711,0
2025.7.1 0:05,R01,M04,32.035,28.265,30.15,3.6826,3.6481,87.97,42.44,35.358,38.899,86.738,99.223,0
2025.7.1 0:05,R01,M05,31.608,28.413,30.011,3.6783,3.652,87.96,42.595,37.276,39.936,85.961,99.458,0
2025.7.1 0:05,R01,M06,31.511,28.643,30.077,3.6824,3.6538,88.03,45.5,35.241,40.37,86.023,98.72,0
2025.7.1 0:05,R01,M07,32.397,28.802,30.599,3.6854,3.6488,88.01,44.736,36.779,40.758,84.467,98.84,0
2025.7.1 0:05,R01,M08,43.784,32.474,36.131,3.7271,3.2854,87.35,49.649,24.627,32.598,59.643,56.274,0
2025.7.1 0:05,R01,M09,33.495,29.66,31.578,3.688,3.6567,88.14,44.615,36.557,40.586,83.782,98.92,0
2025.7.1 0:05,R01,M10,33.219,29.92,31.57,3.682,3.655,88.04,46.441,38.562,42.502,83.851,98.772,0
2025.7.1 0:05,R01,M11,33.213,29.319,31.266,3.6902,3.6521,88.11,45.901,37.908,41.904,83.601,99.374,0
2025.7.1 0:05,R01,M01,31.864,27.668,29.766,3.6742,3.6468,87.85,43.055,34.609,38.832,87.069,98.575,0
2025.7.1 0:05,R01,M02,31.426,27.409,29.417,3.6794,3.6515,87.97,42.459,33.13,37.794,85.902,98.619,0
2025.7.1 0:05,R01,M03,31.056,27.712,29.384,3.6736,3.6489,87.87,41.508,35.681,38.594,86.346,99.326,0
2025.7.1 0:05,R01,M04,31.791,28.467,30.129,3.6787,3.6506,87.95,43.218,34.574,38.896,85.347,99.101,0
2025.7.1 0:05,R01,M05,32.175,28.046,30.11,3.6803,3.6476,87.93,44.011,35.643,39.827,85.883,99.232,0
2025.7.1 0:05,R01,M06,32.809,28.445,30.627,3.6828,3.6473,87.96,44.096,36.227,40.161,84.735,99.154,0
2025.7.1 0:05,R01,M07,32.02,28.99,30.505,3.6818,3.6518,88.0,45.13,36.257,40.694,85.005,99.018,0
2025.7.1 0:05,R01,M08,42.41,32.734,36.056,3.7127,3.2747,87.41,47.617,22.137,34.186,60.172,55.69,0
2025.7.1 0:05,R01,M09,33.127,29.313,31.22,3.6808,3.652,87.99,44.77,37.375,41.073,83.717,98.982,0
2025.7.1 0:05,R01,M10,32.24,29.796,31.018,3.6885,3.6557,88.13,46.167,38.824,42.495,83.762,98.784,0
2025.7.1 0:05,R01,M11,34.083,29.244,31.663,3.6819,3.6519,88.01,47.74,38.422,43.081,84.099,98.858,0
2025.7.1 0:05,R01,M01,30.297,27.233,28.765,3.6783,3.6497,87.94,42.718,35.493,39.106,87.74,99.127,0
2025.7.1 0:05,R01,M02,32.376,28.38,30.378,3.6808,3.6471,87.93,43.596,34.098,38.847,87.207,99.321,0
2025.7.1 0:05,R01,M03,31.017,28.471,29.744,3.678,3.6439,87.86,42.131,35.082,38.606,85.703,98.812,0
2025.7.1 0:05,R01,M04,32.128,28.276,30.202,3.679,3.6464,87.9,42.882,34.94,38.911,84.889,99.288,0
2025.7.1 0:05,R01,M05,31.321,28.601,29.961,3.6791,3.6512,87.96,43.99,35.933,39.962,85.687,98.875,0
2025.7.1 0:05,R01,M06,31.512,28.768,30.14,3.6855,3.648,88.0,43.417,35.137,39.277,84.555,98.77,0
2025.7.1 0:05,R01,M07,33.056,28.883,30.969,3.6811,3.647,87.94,46.04,36.578,41.309,85.574,99.039,0
2025.7.1 0:05,R01,M08,43.502,31.906,36.583,3.711,3.276,87.72,46.628,23.034,34.993,58.972,55.367,0
2025.7.1 0:05,R01,M09,33.522,29.318,31.42,3.683,3.6587,88.1,45.953,37.963,41.958,84.092,99.03,0
2025.7.1 0:05,R01,M10,32.952,29.869,31.41,3.681,3.6564,88.05,45.92,39.825,42.873,84.118,99.001,0
2025.7.1 0:05,R01,M11,33.392,29.558,31.475,3.6839,3.6542,88.06,47.19,39.899,43.544,84.959,99.046,0
2025.7.1 0:05,R01,M01,31.907,27.753,29.83,3.6717,3.6447,87.8,41.662,34.992,38.327,87.054,98.79,0
2025.7.1 0:05,R01,M02,30.438,27.672,29.055,3.677,3.6446,87.86,41.14,34.843,37.992,87.224,98.773,0
2025.7.1 0:05,R01,M03,32.472,28.058,30.265,3.6804,3.651,87.98,44.1,33.865,38.983,85.604,98.597,0
2025.7.1 0:05,R01,M04,32.641,27.812,30.227,3.6791,3.6484,87.93,42.359,34.446,38.403,85.86,98.663,0
2025.7.1 0:05,R01,M05,32.342,28.226,30.284,3.6818,3.6468,87.94,42.624,36.213,39.419,86.394,98.864,0
2025.7.1 0:05,R01,M06,32.083,28.969,30.526,3.6816,3.6557,88.05,45.214,35.148,40.181,86.039,98.72,0
2025.7.1 0:05,R01,M07,31.537,29.247,30.392,3.6837,3.6545,88.06,46.029,38.188,42.109,85.694,98.918,0
2025.7.1 0:05,R01,M08,44.14,32.839,36.758,3.7221,3.2988,88.09,47.774,23.132,32.2,59.462,55.586,0
2025.7.1 0:05,R01,M09,33.399,28.811,31.105,3.6862,3.6566,88.11,46.979,38.829,42.904,84.879,99.024,0
2025.7.1 0:05,R01,M10,32.331,29.539,30.935,3.6821,3.6521,88.01,46.378,38.031,42.204,83.453,99.355,0
2025.7.1 0:05,R01,M11,32.352,29.69,31.021,3.6885,3.6571,88.15,46.566,38.436,42.501,83.557,98.754,0
2025.7.1 0:05,R01,M01,31.798,27.966,29.882,3.6738,3.6496,87.88,41.824,33.339,37.581,86.932,98.871,0
2025.7.1 0:05,R01,M02,30.845,28.118,29.481,3.6801,3.6462,87.92,42.067,35.876,38.971,86.679,98.881,0
2025.7.1 0:05,R01,M03,32.525,28.128,30.326,3.6732,3.6452,87.82,43.273,33.523,38.398,86.037,99.343,0
2025.7.1 0:05,R01,M04,32.471,28.769,30.62,3.6785,3.65,87.94,42.457,35.623,39.04,85.552,99.406,0
2025.7.1 0:05,R01,M05,31.512,28.011,29.761,3.6779,3.6512,87.95,42.998,36.936,39.967,85.927,99.145,0
2025.7.1 0:05,R01,M06,31.615,29.005,30.31,3.6794,3.6511,87.97,44.94,37.391,41.165,85.016,99.261,0
2025.7.1 0:05,R01,M07,32.221,28.616,30.418,3.6812,3.6488,87.96,45.771,35.819,40.795,84.413,99.285,0
2025.7.1 0:05,R01,M08,42.756,31.549,36.071,3.7188,3.2832,87.41,48.383,24.565,35.208,60.618,54.428,0
2025.7.1 0:05,R01,M09,32.48,29.016,30.748,3.6862,3.6528,88.07,46.342,37.048,41.695,84.457,98.715,0
2025.7.1 0:05,R01,M10,32.621,29.567,31.094,3.6852,3.6591,88.13,45.356,37.764,41.56,84.261,99.191,0
2025.7.1 0:05,R01,M11,32.677,29.501,31.089,3.6826,3.6513,88.01,48.495,40.241,44.368,84.312,98.7,0
2025.7.1 0:05,R01,M01,30.618,27.559,29.088,3.672,3.6493,87.86,42.466,32.9,37.683,87.069,99.311,0
2025.7.1 0:05,R01,M02,32.138,28.25,30.194,3.6802,3.6452,87.9,41.946,33.352,37.649,87.389,98.616,0
2025.7.1 0:05,R01,M03,31.088,28.147,29.617,3.6755,3.6433,87.83,42.909,35.861,39.385,86.849,99.285,0
2025.7.1 0:05,R01,M04,31.973,28.347,30.16,3.6774,3.645,87.87,43.568,34.195,38.882,85.085,98.676,0
2025.7.1 0:05,R01,M05,32.637,28.858,30.748,3.6777,3.6515,87.95,44.815,37.475,41.145,85.802,98.915,0
2025.7.1 0:05,R01,M06,31.205,28.569,29.887,3.6859,3.6512,88.05,45.968,37.255,41.612,84.747,98.654,0
2025.7.1 0:05,R01,M07,32.052,28.674,30.363,3.6838,3.6559,88.08,45.975,37.226,41.6,85.585,99.031,0
2025.7.1 0:05,R01,M08,42.22,32.25,36.594,3.7221,3.3161,87.38,48.398,26.031,32.394,59.828,53.55,0
2025.7.1 0:05,R01,M09,33.225,29.587,31.406,3.6801,3.6496,87.96,46.191,38.443,42.317,84.914,99.071,0
2025.7.1 0:05,R01,M10,32.401,29.184,30.793,3.6834,3.6553,88.06,46.603,37.139,41.871,84.492,99.315,0
2025.7.1 0:05,R01,M11,34.087,29.549,31.818,3.6858,3.658,88.13,46.916,39.75,43.333,84.418,98.896,0
2025.7.1 0:05,R01,M01,30.473,27.385,28.929,3.6752,3.649,87.89,43.331,33.324,38.328,85.943,98.548,0
2025.7.1 0:05,R01,M02,31.771,28.066,29.919,3.6751,3.6509,87.91,42.113,35.632,38.873,85.487,98.749,0
2025.7.1 0:05,R01,M03,31.231,27.707,29.469,3.675,3.6493,87.89,43.366,35.454,39.41,86.291,99.226,0
2025.7.1 0:05,R01,M04,31.509,28.712,30.111,3.6816,3.6479,87.95,44.808,36.546,40.677,86.471,98.591,0
2025.7.1 0:05,R01,M05,31.757,28.975,30.366,3.6827,3.6537,88.04,44.167,35.025,39.596,84.896,99.153,0
2025.7.1 0:05,R01,M06,32.513,28.776,30.645,3.6782,3.6538,87.98,45.31,35.014,40.162,85.884,98.973,0
2025.7.1 0:05,R01,M07,32.796,28.928,30.862,3.6867,3.6485,88.02,46.344,36.491,41.418,84.432,99.253,0
2025.7.1 0:05,R01,M08,42.763,32.355,37.072,3.714,3.3067,87.42,49.672,24.803,34.45,59.866,54.352,0
2025.7.1 0:05,R01,M09,33.29,28.98,31.135,3.6874,3.6535,88.09,46.114,38.101,42.108,83.553,98.981,0
2025.7.1 0:05,R01,M10,33.743,29.794,31.769,3.6814,3.6575,88.07,45.468,38.246,41.857,84.451,98.507,0
2025.7.1 0:05,R01,M11,33.642,29.428,31.535,3.6871,3.6573,88.13,47.823,38.326,43.075,83.349,98.597,0
2025.7.1 0:05,R01,M01,30.31,27.924,29.117,3.6736,3.6482,87.86,42.605,33.657,38.131,86.261,98.574,0
2025.7.1 0:05,R01,M02,32.106,28.356,30.231,3.6721,3.6457,87.81,43.63,35.29,39.46,85.784,98.796,0
2025.7.1 0:05,R01,M03,31.068,28.309,29.689,3.6796,3.6495,87.95,44.093,35.929,40.011,85.619,99.332,0
2025.7.1 0:05,R01,M04,31.056,28.285,29.671,3.6825,3.6465,87.95,44.959,34.735,39.847,85.486,98.876,0
2025.7.1 0:05,R01,M05,31.303,28.636,29.97,3.6787,3.6548,88.0,43.591,37.421,40.506,85.983,99.319,0
2025.7.1 0:05,R01,M06,31.522,28.808,30.165,3.6809,3.6519,87.99,43.776,35.497,39.636,84.448,99.163,0
2025.7.1 0:05,R01,M07,32.48,28.662,30.571,3.6845,3.6479,87.99,45.526,36.658,41.092,85.405,99.065,0
2025.7.1 0:05,R01,M08,42.929,32.484,35.846,3.7118,3.3077,87.17,49.419,24.096,34.466,60.989,53.751,0
2025.7.1 0:05,R01,M09,32.24,29.202,30.721,3.679,3.6498,87.95,46.021,36.614,41.317,83.456,99.488,0
2025.7.1 0:05,R01,M10,33.906,29.097,31.502,3.6819,3.6516,88.0,45.977,38.893,42.435,84.88,98.696,0
2025.7.1 0:05,R01,M11,32.243,29.386,30.815,3.6898,3.6602,88.2,46.129,39.701,42.915,85.08,99.464,0
2025.7.1 0:05,R01,M01,30.275,27.442,28.858,3.6799,3.6422,87.87,42.333,35.162,38.748,85.969,98.781,0
2025.7.1 0:05,R01,M02,32.034,28.032,30.033,3.6779,3.6508,87.94,43.486,35.731,39.608,86.62,99.071,0
2025.7.1 0:05,R01,M03,31.552,27.691,29.621,3.6789,3.6437,87.87,43.031,34.852,38.941,85.155,98.883,0
2025.7.1 0:05,R01,M04,31.591,28.545,30.068,3.6817,3.6527,88.01,43.557,34.206,38.882,85.776,99.213,0
2025.7.1 0:05,R01,M05,32.187,28.373,30.28,3.6838,3.6492,88.0,44.486,36.625,40.555,85.976,99.073,0
2025.7.1 0:05,R01,M06,32.034,28.888,30.461,3.6824,3.6468,87.95,45.305,36.364,40.834,84.143,98.696,0
2025.7.1 0:05,R01,M07,31.972,28.884,30.428,3.6868,3.6545,88.1,45.859,36.147,41.003,84.942,99.457,0
2025.7.1 0:05,R01,M08,41.541,31.85,35.573,3.7118,3.3101,87.5,46.101,23.036,35.054,59.628,56.103,0
2025.7.1 0:05,R01,M09,33.769,29.113,31.441,3.6837,3.6517,88.02,46.928,36.848,41.888,85.235,98.688,0
2025.7.1 0:05,R01,M10,32.373,29.606,30.989,3.6852,3.6592,88.13,45.682,38.658,42.17,84.373,98.741,0
2025.7.1 0:05,R01,M11,32.315,29.913,31.114,3.6903,3.6522,88.11,47.518,38.108,42.813,84.847,98.868,0
2025.7.1 0:05,R01,M01,31.956,27.369,29.663,3.6757,3.6466,87.87,42.263,34.804,38.534,87.32,99.154,0
2025.7.1 0:05,R01,M02,31.981,28.346,30.163,3.6731,3.6439,87.8,41.826,34.672,38.249,85.85,98.825,0
2025.7.1 0:05,R01,M03,30.966,28.18,29.573,3.6747,3.6497,87.89,41.628,34.249,37.939,86.901,99.11,0
2025.7.1 0:05,R01,M04,30.835,28.558,29.697,3.6796,3.6532,87.99,43.602,34.706,39.154,85.718,98.753,0
2025.7.1 0:05,R01,M05,31.099,28.617,29.858,3.6794,3.6525,87.98,44.295,37.14,40.718,85.536,98.977,0
2025.7.1 0:05,R01,M06,33.025,28.815,30.92,3.6814,3.6536,88.02,45.698,36.339,41.019,85.63,98.88,0
2025.7.1 0:05,R01,M07,32.223,29.028,30.625,3.678,3.6531,87.97,44.008,38.291,41.15,84.322,98.706,0
2025.7.1 0:05,R01,M08,41.309,31.521,37.411,3.7124,3.3011,87.33,47.631,23.282,34.743,60.747,52.39,0
2025.7.1 0:05,R01,M09,32.288,29.508,30.898,3.688,3.6509,88.07,46.988,38.14,42.564,85.181,99.407,0
2025.7.1 0:05,R01,M10,33.053,29.749,31.401,3.6825,3.6577,88.08,47.662,39.598,43.63,83.646,98.663,0
2025.7.1 0:05,R01,M11,33.399,29.202,31.3,3.6877,3.6537,88.1,45.914,37.757,41.835,83.32,98.88,0
2025.7.1 0:05,R01,M01,30.508,28.198,29.353,3.6742,3.6508,87.9,40.512,33.231,36.871,87.117,99.424,0
2025.7.1 0:05,R01,M02,30.943,27.773,29.358,3.672,3.6441,87.79,42.495,34.172,38.334,85.649,98.738,0
2025.7.1 0:05,R01,M03,31.869,27.819,29.844,3.6789,3.649,87.93,42.47,34.118,38.294,86.37,99.177,0
2025.7.1 0:05,R01,M04,32.516,28.733,30.624,3.6805,3.6485,87.95,43.354,34.804,39.079,85.602,99.178,0
2025.7.1 0:05,R01,M05,31.479,28.208,29.843,3.6828,3.6538,88.04,45.363,36.619,40.991,85.065,99.352,0
2025.7.1 0:05,R01,M06,31.731,28.233,29.982,3.6802,3.6524,87.99,43.245,36.541,39.893,84.126,98.688,0
2025.7.1 0:05,R01,M07,31.799,29.351,30.575,3.6863,3.6508,88.05,45.825,37.317,41.571,84.059,99.411,0
2025.7.1 0:05,R01,M08,41.889,32.891,36.638,3.7207,3.3181,88.05,46.115,23.119,34.266,60.032,54.185,0
2025.7.1 0:05,R01,M09,32.234,29.322,30.778,3.6804,3.6564,88.04,46.182,38.435,42.309,85.31,98.589,0
2025.7.1 0:05,R01,M10,33.781,29.337,31.559,3.6855,3.6532,88.06,45.861,39.808,42.834,84.384,98.528,0
2025.7.1 0:05,R01,M11,33.452,29.434,31.443,3.6819,3.6519,88.01,48.302,40.3,44.301,83.38,98.714,0
2025.7.1 0:05,R01,M01,31.052,28.11,29.581,3.6746,3.6455,87.84,40.681,33.487,37.084,85.855,99.418,0
2025.7.1 0:05,R01,M02,31.549,28.227,29.888,3.679,3.6477,87.92,41.804,34.202,38.003,85.416,98.893,0
2025.7.1 0:05,R01,M03,31.085,28.479,29.782,3.6757,3.6458,87.86,42.415,34.157,38.286,85.83,99.084,0
2025.7.1 0:05,R01,M04,31.982,28.02,30.001,3.6826,3.6446,87.93,44.22,36.647,40.433,84.842,99.148,0
2025.7.1 0:05,R01,M05,32.829,28.125,30.477,3.6798,3.6535,88.0,45.189,35.981,40.585,86.055,99.417,0
2025.7.1 0:05,R01,M06,31.538,28.352,29.945,3.6801,3.6467,87.92,44.951,35.488,40.219,85.715,99.132,0
2025.7.1 0:05,R01,M07,32.314,28.934,30.624,3.6837,3.6558,88.07,46.442,36.845,41.644,84.353,98.646,0
2025.7.1 0:05,R01,M08,43.242,32.929,36.383,3.7136,3.3248,87.27,46.887,25.558,31.124,60.016,53.777,0
2025.7.1 0:05,R01,M09,33.766,29.234,31.5,3.6851,3.6541,88.07,44.563,39.439,42.001,84.695,99.179,0
2025.7.1 0:05,R01,M10,32.066,29.615,30.84,3.6833,3.6563,88.08,45.376,38.72,42.048,84.038,98.688,0
2025.7.1 0:05,R01,M11,32.859,29.68,31.27,3.6872,3.6559,88.12,47.587,40.325,43.956,84.723,98.647,0
2025.7.1 0:05,R01,M01,30.555,27.315,28.935,3.678,3.643,87.85,43.258,34.206,38.732,86.069,98.834,0
2025.7.1 0:05,R01,M02,32.184,27.905,30.044,3.6735,3.6485,87.86,41.728,33.321,37.525,86.006,98.636,0
2025.7.1 0:05,R01,M03,32.59,28.426,30.508,3.6818,3.6505,87.99,42.892,34.654,38.773,85.073,99.427,0
2025.7.1 0:05,R01,M04,32.77,28.595,30.683,3.6741,3.6494,87.88,44.024,35.667,39.846,85.715,99.231,0
2025.7.1 0:05,R01,M05,31.316,28.33,29.823,3.6817,3.6542,88.03,44.285,36.459,40.372,84.597,99.442,0
2025.7.1 0:05,R01,M06,31.95,28.916,30.433,3.6761,3.6523,87.94,45.148,37.723,41.436,85.87,99.5,0
2025.7.1 0:05,R01,M07,32.989,29.32,31.154,3.6846,3.6493,88.01,43.714,37.677,40.695,85.378,99.291,0
2025.7.1 0:05,R01,M08,41.774,31.607,36.322,3.7252,3.3277,87.58,46.331,25.294,31.16,59.75,54.3,0
2025.7.1 0:05,R01,M09,32.948,29.485,31.216,3.6796,3.6542,88.01,46.834,38.679,42.757,85.224,98.738,0
2025.7.1 0:05,R01,M10,32.976,29.883,31.429,3.6888,3.6538,88.11,47.643,38.103,42.873,84.128,99.356,0
2025.7.1 0:05,R01,M11,33.625,29.406,31.515,3.6882,3.6582,88.16,45.583,40.118,42.85,84.513,98.96,0
2025.7.1 0:05,R01,M01,31.958,27.576,29.767,3.6714,3.6471,87.82,42.542,32.839,37.691,85.99,99.39,0
2025.7.1 0:05,R01,M02,30.834,27.72,29.277,3.6775,3.6438,87.86,43.351,35.244,39.297,87.021,99.471,0
2025.7.1 0:05,R01,M03,32.44,28.261,30.35,3.6769,3.646,87.87,44.367,35.217,39.792,85.171,99.367,0
2025.7.1 0:05,R01,M04,32.302,27.843,30.072,3.6797,3.6463,87.91,42.348,34.622,38.485,84.939,99.383,0
2025.7.1 0:05,R01,M05,31.899,28.479,30.189,3.6756,3.6521,87.93,45.257,36.432,40.844,84.88,98.81,0
2025.7.1 0:05,R01,M06,32.488,28.945,30.716,3.6852,3.6531,88.06,45.215,37.245,41.23,84.898,98.726,0
2025.7.1 0:05,R01,M07,33.093,28.694,30.894,3.6839,3.6544,88.06,46.417,38.308,42.362,83.97,99.192,0
2025.7.1 0:05,R01,M08,41.078,31.212,36.147,3.7225,3.3153,87.87,48.044,24.789,31.705,61.191,53.661,0
2025.7.1 0:05,R01,M09,33.703,29.223,31.463,3.6869,3.6528,88.08,46.89,38.04,42.465,83.496,98.537,0
2025.7.1 0:05,R01,M10,32.549,29.69,31.12,3.6874,3.6547,88.11,45.888,38.571,42.23,83.481,98.736,0
2025.7.1 0:05,R01,M11,33.027,29.96,31.494,3.6896,3.6544,88.13,46.504,38.064,42.284,84.682,99.333,0
2025.7.1 0:05,R01,M01,31.771,27.52,29.645,3.6759,3.6466,87.87,41.58,34.045,37.812,87.04,98.568,0
2025.7.1 0:05,R01,M02,32.248,28.189,30.218,3.6797,3.6487,87.94,41.537,35.898,38.718,85.611,99.03,0
2025.7.1 0:05,R01,M03,30.965,27.818,29.392,3.6824,3.6454,87.93,43.656,33.939,38.797,85.576,99.266,0
2025.7.1 0:05,R01,M04,31.642,28.746,30.194,3.6796,3.6525,87.99,43.539,35.42,39.48,85.472,98.711,0
2025.7.1 0:05,R01,M05,31.512,28.798,30.155,3.6762,3.6491,87.9,45.256,36.36,40.808,85.446,99.101,0
2025.7.1 0:05,R01,M06,32.633,28.458,30.546,3.6838,3.6493,88.0,43.032,37.89,40.461,85.333,98.745,0
2025.7.1 0:05,R01,M07,32.716,28.621,30.669,3.6786,3.6482,87.92,44.872,38.401,41.636,84.997,99.259,0
2025.7.1 0:05,R01,M08,41.46,32.535,37.203,3.7128,3.291,87.67,47.872,24.104,32.999,60.312,54.061,0
2025.7.1 0:05,R01,M09,32.499,29.796,31.148,3.6888,3.6518,88.09,44.672,38.127,41.4,84.676,99.469,0
2025.7.1 0:05,R01,M10,33.349,29.18,31.264,3.6803,3.6526,87.99,47.154,37.91,42.532,83.35,98.629,0
2025.7.1 0:05,R01,M11,32.395,30.176,31.285,3.6903,3.6532,88.12,46.683,39.0,42.841,84.334,99.235,0
2025.7.1 0:05,R01,M01,31.006,28.018,29.512,3.6808,3.6477,87.94,42.413,33.186,37.799,87.367,99.396,0
2025.7.1 0:05,R01,M02,31.919,27.468,29.694,3.6816,3.6512,87.99,43.709,35.971,39.84,85.645,99.274,0
2025.7.1 0:05,R01,M03,30.66,27.627,29.143,3.6765,3.6459,87.87,44.11,36.252,40.181,84.953,98.591,0
2025.7.1 0:05,R01,M04,31.81,27.824,29.817,3.6809,3.6509,87.98,44.092,34.942,39.517,84.952,98.709,0
2025.7.1 0:05,R01,M05,32.841,28.669,30.755,3.6835,3.6515,88.02,43.035,36.605,39.82,85.851,98.508,0
2025.7.1 0:05,R01,M06,31.351,28.792,30.072,3.6811,3.6559,88.04,45.218,36.984,41.101,84.378,99.233,0
2025.7.1 0:05,R01,M07,33.183,28.98,31.081,3.6869,3.6523,88.07,45.552,38.451,42.002,84.094,98.995,0
2025.7.1 0:05,R01,M08,43.494,31.855,36.722,3.7182,3.2927,88.09,48.229,23.886,33.488,61.768,53.643,0
2025.7.1 0:05,R01,M09,33.046,29.636,31.341,3.6804,3.6589,88.07,46.415,38.354,42.385,84.425,98.948,0
2025.7.1 0:05,R01,M10,33.917,29.078,31.498,3.6863,3.6592,88.15,47.677,38.379,43.028,84.232,98.958,0
2025.7.1 0:05,R01,M11,32.351,30.152,31.252,3.6861,3.6523,88.06,47.864,38.911,43.388,83.129,99.292,0
2025.7.1 0:05,R01,M01,30.282,27.476,28.879,3.6762,3.6431,87.83,40.657,34.224,37.441,86.199,99.316,0
2025.7.1 0:05,R01,M02,31.697,28.037,29.867,3.68,3.6505,87.97,42.045,33.296,37.671,86.363,99.082,0
2025.7.1 0:05,R01,M03,31.851,27.848,29.849,3.6819,3.6437,87.91,43.785,34.623,39.204,85.513,98.521,0
2025.7.1 0:05,R01,M04,32.512,28.559,30.535,3.6837,3.6447,87.94,42.635,35.34,38.987,86.399,98.523,0
2025.7.1 0:05,R01,M05,31.795,28.494,30.145,3.6774,3.6533,87.97,43.95,35.101,39.526,84.905,99.346,0
2025.7.1 0:05,R01,M06,31.266,28.985,30.125,3.6855,3.6522,88.05,43.283,37.458,40.37,84.053,98.841,0
2025.7.1 0:05,R01,M07,31.521,29.301,30.411,3.6841,3.6512,88.02,46.228,36.201,41.215,84.562,98.607,0
2025.7.1 0:05,R01,M08,43.002,32.084,35.861,3.7112,3.326,87.42,46.719,23.099,32.884,60.101,55.671,0
2025.7.1 0:05,R01,M09,31.845,29.253,30.549,3.6825,3.6568,88.07,46.969,36.822,41.895,85.26,99.388,0
2025.7.1 0:05,R01,M10,32.691,29.206,30.949,3.6885,3.6581,88.16,46.611,38.648,42.63,84.927,98.827,0
2025.7.1 0:05,R01,M11,33.532,29.757,31.645,3.6873,3.6595,88.16,46.052,38.151,42.102,84.439,98.571,0
2025.7.1 0:05,R01,M01,32.118,27.913,30.016,3.6794,3.6507,87.96,41.739,32.656,37.197,86.463,99.231,0
2025.7.1 0:05,R01,M02,32.389,27.941,30.165,3.6809,3.6516,87.99,41.042,35.872,38.457,85.636,98.972,0
2025.7.1 0:05,R01,M03,32.397,28.449,30.423,3.6759,3.6524,87.94,44.418,36.1,40.259,85.777,99.124,0
2025.7.1 0:05,R01,M04,31.208,27.845,29.526,3.6793,3.6482,87.93,43.403,34.346,38.874,84.5,98.54,0
2025.7.1 0:05,R01,M05,31.457,28.913,30.185,3.677,3.6479,87.9,42.517,34.528,38.523,84.108,98.596,0
2025.7.1 0:05,R01,M06,32.535,28.883,30.709,3.6804,3.6479,87.94,43.062,36.434,39.748,85.165,98.714,0
2025.7.1 0:05,R01,M07,33.092,28.992,31.042,3.6856,3.6564,88.1,46.446,37.957,42.201,85.074,99.006,0
2025.7.1 0:05,R01,M08,41.375,32.573,35.676,3.7132,3.2961,87.15,48.737,23.594,33.894,60.374,52.232,0
2025.7.1 0:05,R01,M09,32.726,29.719,31.223,3.6799,3.6521,87.98,44.825,36.607,40.716,84.575,98.78,0
2025.7.1 0:05,R01,M10,33.656,29.588,31.622,3.6851,3.6506,88.03,46.097,39.458,42.778,84.445,99.097,0
2025.7.1 0:05,R01,M11,33.056,29.579,31.317,3.6844,3.6545,88.07,48.339,40.341,44.34,83.203,99.498,0
2025.7.1 0:05,R01,M01,31.167,28.088,29.628,3.6805,3.6456,87.91,40.828,33.617,37.222,85.595,99.124,0
2025.7.1 0:05,R01,M02,31.495,28.117,29.806,3.6809,3.648,87.95,42.23,34.356,38.293,85.109,98.508,0
2025.7.1 0:05,R01,M03,32.536,27.764,30.15,3.6786,3.6477,87.92,44.111,34.695,39.403,86.559,98.907,0
2025.7.1 0:05,R01,M04,31.713,28.163,29.938,3.6745,3.6446,87.83,42.649,34.71,38.68,85.532,99.014,0
2025.7.1 0:05,R01,M05,31.196,28.597,29.897,3.6757,3.6459,87.86,44.261,37.289,40.775,85.961,99.379,0
2025.7.1 0:05,R01,M06,31.751,28.731,30.241,3.678,3.6496,87.93,45.381,36.421,40.901,84.735,99.371,0
2025.7.1 0:05,R01,M07,32.548,28.421,30.485,3.6834,3.6529,88.04,44.625,38.407,41.516,83.752,98.776,0
2025.7.1 0:05,R01,M08,43.921,32.547,35.895,3.7124,3.3091,87.6,47.987,24.637,32.115,60.729,55.515,0
2025.7.1 0:05,R01,M09,32.346,28.991,30.668,3.6791,3.6583,88.05,46.75,38.084,42.417,83.526,99.282,0
2025.7.1 0:05,R01,M10,32.974,29.877,31.425,3.6836,3.6549,88.06,46.405,37.106,41.755,84.064,98.634,0
2025.7.1 0:05,R01,M11,33.575,30.084,31.83,3.6864,3.6526,88.07,46.835,40.356,43.596,84.828,99.062,0
2025.7.1 0:05,R01,M01,31.719,27.321,29.52,3.6803,3.6418,87.87,42.433,33.871,38.152,85.666,99.112,0
2025.7.1 0:05,R01,M02,31.898,28.044,29.971,3.6743,3.6433,87.81,43.188,34.86,39.024,86.232,98.836,0
2025.7.1 0:05,R01,M03,30.726,27.859,29.293,3.6751,3.6515,87.92,43.162,34.453,38.808,86.297,98.717,0
2025.7.1 0:05,R01,M04,30.885,27.853,29.369,3.6746,3.6443,87.83,43.897,34.396,39.147,84.459,99.348,0
2025.7.1 0:05,R01,M05,31.02,28.031,29.526,3.6751,3.6547,87.96,43.89,34.785,39.337,86.049,98.823,0
2025.7.1 0:05,R01,M06,32.77,28.806,30.788,3.678,3.6488,87.92,44.909,36.771,40.84,85.717,98.926,0
2025.7.1 0:05,R01,M07,31.997,29.148,30.572,3.6791,3.6508,87.96,46.1,37.087,41.594,85.028,99.234,0
2025.7.1 0:05,R01,M08,43.318,32.978,37.023,3.7127,3.3405,87.7,47.536,24.637,33.436,60.586,55.665,0
2025.7.1 0:05,R01,M09,31.907,29.443,30.675,3.6862,3.6511,88.05,44.677,39.284,41.98,83.712,98.557,0
2025.7.1 0:05,R01,M10,32.862,29.385,31.123,3.6802,3.6543,88.01,47.081,39.188,43.135,83.689,99.055,0
2025.7.1 0:05,R01,M11,32.207,29.809,31.008,3.6873,3.6519,88.07,45.827,38.133,41.98,84.225,99.277,0
2025.7.1 0:05,R01,M01,32.195,27.673,29.934,3.6807,3.6425,87.88,43.121,34.524,38.823,87.044,98.746,0
2025.7.1 0:05,R01,M02,32.305,27.751,30.028,3.6727,3.6489,87.86,41.14,33.976,37.558,86.757,99.042,0
2025.7.1 0:05,R01,M03,32.11,28.501,30.306,3.6758,3.6472,87.88,44.142,35.056,39.599,84.667,99.047,0
2025.7.1 0:05,R01,M04,32.381,28.226,30.303,3.6789,3.6504,87.95,43.54,35.185,39.362,85.237,99.243,0
2025.7.1 0:05,R01,M05,32.678,28.101,30.389,3.6831,3.6471,87.96,42.71,36.812,39.761,85.094,98.985,0
2025.7.1 0:05,R01,M06,32.251,28.942,30.596,3.683,3.6483,87.98,45.285,36.922,41.103,84.384,99.294,0
2025.7.1 0:05,R01,M07,31.437,28.811,30.124,3.6847,3.6478,87.99,45.932,36.115,41.023,84.494,99.004,0
2025.7.1 0:05,R01,M08,42.045,32.083,35.503,3.7292,3.3323,87.98,49.352,23.648,30.534,61.541,54.075,0
2025.7.1 0:05,R01,M09,33.023,29.549,31.286,3.6877,3.6491,88.04,45.232,37.852,41.542,85.186,99.314,0
2025.7.1 0:05,R01,M10,33.847,29.212,31.529,3.69,3.6582,88.18,47.662,38.605,43.133,83.951,99.431,0
2025.7.1 0:05,R01,M11,32.212,29.553,30.883,3.6891,3.6594,88.18,46.125,39.524,42.825,83.995,98.795,0
2025.7.1 0:05,R01,M01,30.331,27.622,28.977,3.6764,3.6507,87.93,42.929,32.86,37.895,86.154,99.246,0
2025.7.1 0:05,R01,M02,31.928,28.004,29.966,3.675,3.6424,87.81,43.834,35.843,39.839,86.406,99.205,0
2025.7.1 0:05,R01,M03,31.654,28.274,29.964,3.6759,3.6503,87.91,42.381,36.215,39.298,86.493,98.586,0
2025.7.1 0:05,R01,M04,31.033,28.731,29.882,3.6802,3.6488,87.95,44.116,34.849,39.483,85.049,99.226,0
2025.7.1 0:05,R01,M05,32.323,28.227,30.275,3.6804,3.6506,87.97,43.242,35.009,39.126,85.916,99.378,0
2025.7.1 0:05,R01,M06,32.443,28.244,30.343,3.6816,3.6535,88.02,45.631,35.793,40.712,84.184,99.466,0
2025.7.1 0:05,R01,M07,32.512,28.891,30.701,3.6798,3.6523,87.99,45.99,35.591,40.791,85.509,98.882,0
2025.7.1 0:05,R01,M08,43.522,31.551,36.385,3.7153,3.3187,87.4,46.401,25.471,33.756,61.037,54.563,0
2025.7.1 0:05,R01,M09,33.079,29.69,31.385,3.6869,3.658,88.14,46.573,37.876,42.224,83.615,98.698,0
2025.7.1 0:05,R01,M10,32.601,29.329,30.965,3.6835,3.659,88.11,45.221,37.42,41.32,84.349,98.979,0
2025.7.1 0:05,R01,M11,32.937,29.715,31.326,3.6879,3.6534,88.1,47.138,40.494,43.816,84.505,98.522,0
2025.7.1 0:05,R01,M01,31.134,27.864,29.499,3.6797,3.6492,87.95,43.203,33.306,38.255,86.862,99.078,0
2025.7.1 0:05,R01,M02,31.007,28.193,29.6,3.6807,3.6506,87.98,41.336,33.855,37.596,85.513,98.923,0
2025.7.1 0:05,R01,M03,31.072,28.256,29.664,3.6746,3.6504,87.9,43.166,36.258,39.712,85.208,98.601,0
2025.7.1 0:05,R01,M04,31.126,28.346,29.736,3.6819,3.648,87.96,42.732,34.909,38.82,85.881,99.413,0
2025.7.1 0:05,R01,M05,31.192,28.666,29.929,3.6832,3.6486,87.98,43.935,35.99,39.963,84.86,98.707,0
2025.7.1 0:05,R01,M06,33.138,29.188,31.163,3.6856,3.6506,88.03,45.652,37.308,41.48,84.351,99.298,0
2025.7.1 0:05,R01,M07,33.271,28.699,30.985,3.6814,3.6551,88.04,44.382,35.508,39.945,85.257,98.604,0
2025.7.1 0:05,R01,M08,43.29,32.153,36.916,3.727,3.3158,87.24,46.026,23.043,32.668,60.829,52.057,0
2025.7.1 0:05,R01,M09,33.374,28.954,31.164,3.6878,3.6541,88.1,47.499,39.239,43.369,84.777,98.659,0
2025.7.1 0:05,R01,M10,32.296,29.383,30.84,3.6823,3.6573,88.08,46.278,38.68,42.479,84.712,98.819,0
2025.7.1 0:05,R01,M11,32.602,29.598,31.1,3.6861,3.6594,88.15,45.951,40.314,43.133,84.419,98.762,0
2025.7.1 0:05,R01,M01,31.239,27.535,29.387,3.6735,3.6509,87.89,40.563,32.637,36.6,85.715,99.308,0
2025.7.1 0:05,R01,M02,31.28,27.95,29.615,3.6759,3.6442,87.84,43.03,33.788,38.409,85.79,99.168,0
2025.7.1 0:05,R01,M03,31.044,28.16,29.602,3.6782,3.6525,87.97,42.798,34.705,38.752,85.329,98.59,0
2025.7.1 0:05,R01,M04,31.477,27.926,29.701,3.6778,3.6522,87.96,44.641,36.765,40.703,86.203,99.052,0
2025.7.1 0:05,R01,M05,31.296,28.54,29.918,3.6765,3.6511,87.93,44.517,35.972,40.245,85.744,99.116,0
2025.7.1 0:05,R01,M06,32.662,29.008,30.835,3.6839,3.6529,88.04,45.904,37.557,41.731,83.753,99.282,0
2025.7.1 0:05,R01,M07,32.378,29.253,30.816,3.6808,3.6477,87.94,46.356,37.254,41.805,84.102,99.416,0
2025.7.1 0:05,R01,M08,42.444,31.252,35.379,3.728,3.3135,87.54,47.253,23.696,32.031,60.849,53.197,0
2025.7.1 0:05,R01,M09,32.143,28.984,30.564,3.6886,3.6558,88.13,44.782,38.713,41.748,83.749,99.326,0
2025.7.1 0:05,R01,M10,32.924,29.887,31.405,3.6851,3.6523,88.05,45.07,38.169,41.62,83.082,99.487,0
2025.7.1 0:05,R01,M11,33.257,30.156,31.706,3.6897,3.6557,88.14,46.168,37.94,42.054,84.504,99.439,0
2025.7.1 0:05,R01,M01,30.765,27.272,29.018,3.6712,3.6417,87.75,42.115,32.68,37.398,85.938,98.522,0
2025.7.1 0:05,R01,M02,31.286,27.729,29.508,3.6775,3.6504,87.93,41.97,35.869,38.919,86.363,98.798,0
2025.7.1 0:05,R01,M03,32.288,28.547,30.417,3.6759,3.6435,87.83,42.954,34.218,38.586,85.168,98.872,0
2025.7.1 0:05,R01,M04,31.678,27.801,29.739,3.6815,3.6482,87.96,43.64,34.992,39.316,84.262,99.34,0
2025.7.1 0:05,R01,M05,32.272,28.682,30.477,3.6761,3.646,87.87,44.151,34.82,39.486,85.624,99.326,0
2025.7.1 0:05,R01,M06,31.529,28.665,30.097,3.6807,3.6557,88.04,45.628,35.698,40.663,84.947,98.946,0
2025.7.1 0:05,R01,M07,31.592,29.374,30.483,3.6829,3.6523,88.02,45.963,36.913,41.438,83.606,98.728,0
2025.7.1 0:05,R01,M08,42.393,32.618,35.584,3.7293,3.3065,87.44,47.732,23.228,31.686,61.547,54.685,0
2025.7.1 0:05,R01,M09,32.285,29.255,30.77,3.6818,3.6559,88.05,46.57,36.657,41.614,83.174,99.388,0
2025.7.1 0:05,R01,M10,32.401,29.256,30.829,3.6844,3.6588,88.12,47.24,39.6,43.42,84.794,99.067,0
2025.7.1 0:05,R01,M11,32.371,29.209,30.79,3.685,3.6552,88.08,45.727,37.929,41.828,84.567,99.073,0
2025.7.1 0:05,R01,M01,30.259,27.441,28.85,3.675,3.6453,87.84,40.968,33.21,37.089,85.502,98.846,0
2025.7.1 0:05,R01,M02,32.054,28.078,30.066,3.6801,3.6428,87.87,41.577,35.031,38.304,85.933,98.806,0
2025.7.1 0:05,R01,M03,32.186,28.419,30.303,3.6797,3.6478,87.93,41.991,33.739,37.865,85.756,99.404,0
2025.7.1 0:05,R01,M04,32.264,28.419,30.342,3.6804,3.6516,87.98,42.603,36.558,39.581,85.425,99.365,0
2025.7.1 0:05,R01,M05,31.536,28.45,29.993,3.6837,3.6522,88.03,43.851,35.582,39.716,83.938,99.372,0
2025.7.1 0:05,R01,M06,31.935,28.581,30.258,3.6763,3.6469,87.88,45.928,35.228,40.578,84.557,99.492,0
2025.7.1 0:05,R01,M07,32.109,28.47,30.29,3.6846,3.6538,88.06,43.854,37.963,40.909,85.122,99.055,0
2025.7.1 0:05,R01,M08,42.724,31.373,36.794,3.7135,3.2868,88.02,48.137,23.228,31.529,60.833,55.265,0
2025.7.1 0:05,R01,M09,32.006,29.339,30.672,3.6887,3.6544,88.12,47.229,37.122,42.175,83.533,98.693,0
2025.7.1 0:05,R01,M10,32.796,29.047,30.922,3.685,3.6522,88.05,47.56,37.354,42.457,84.929,98.656,0
2025.7.1 0:05,R01,M11,33.768,29.557,31.663,3.6886,3.657,88.15,46.084,38.203,42.144,83.58,99.436,0
2025.7.1 0:05,R01,M01,31.763,28.017,29.89,3.6782,3.6453,87.88,41.07,35.315,38.192,85.381,99.206,0
2025.7.1 0:05,R01,M02,31.738,28.077,29.907,3.6758,3.6458,87.86,42.037,33.053,37.545,86.203,99.226,0
2025.7.1 0:05,R01,M03,31.915,28.454,30.184,3.6748,3.6524,87.93,43.891,36.139,40.015,85.392,98.549,0
2025.7.1 0:05,R01,M04,31.217,28.255,29.736,3.6789,3.6532,87.99,44.993,34.193,39.593,85.529,99.056,0
2025.7.1 0:05,R01,M05,31.188,28.427,29.807,3.6786,3.6469,87.91,44.442,36.82,40.631,85.676,99.356,0
2025.7.1 0:05,R01,M06,32.044,28.645,30.344,3.6801,3.6483,87.94,43.767,37.106,40.437,85.595,99.288,0
2025.7.1 0:05,R01,M07,33.333,29.349,31.341,3.6813,3.6489,87.96,44.222,38.263,41.242,85.064,99.328,0
2025.7.1 0:05,R01,M08,43.508,31.356,35.795,3.7191,3.3403,87.62,47.606,25.366,31.722,62.079,51.919,0
2025.7.1 0:05,R01,M09,33.218,29.038,31.128,3.6889,3.6508,88.08,47.346,38.524,42.935,83.592,99.069,0
2025.7.1 0:05,R01,M10,32.141,29.523,30.832,3.6818,3.6507,87.99,45.357,39.142,42.249,84.373,98.661,0
2025.7.1 0:05,R01,M11,33.286,29.777,31.532,3.6899,3.6605,88.2,46.984,39.005,42.995,83.135,98.833,0
2025.7.1 0:05,R01,M01,31.476,27.716,29.596,3.678,3.6449,87.87,41.448,35.393,38.421,85.936,99.287,0
2025.7.1 0:05,R01,M02,32.087,28.027,30.057,3.6797,3.6479,87.93,43.066,34.9,38.983,86.291,98.731,0
2025.7.1 0:05,R01,M03,31.175,28.402,29.788,3.6826,3.6498,87.99,44.211,35.028,39.62,84.495,98.884,0
2025.7.1 0:05,R01,M04,31.061,27.911,29.486,3.6786,3.6506,87.95,44.981,36.402,40.692,84.707,99.279,0
2025.7.1 0:05,R01,M05,32.561,28.376,30.468,3.682,3.6469,87.95,43.938,35.057,39.498,84.986,98.504,0
2025.7.1 0:05,R01,M06,32.335,28.515,30.425,3.6821,3.6509,88.0,43.489,35.002,39.245,83.66,98.694,0
2025.7.1 0:05,R01,M07,33.391,28.782,31.087,3.6835,3.6472,87.97,44.372,35.599,39.986,83.458,98.605,0
2025.7.1 0:05,R01,M08,43.911,31.369,36.353,3.7259,3.3203,87.83,46.548,26.008,31.855,62.409,52.801,0
2025.7.1 0:05,R01,M09,33.597,29.383,31.49,3.683,3.6521,88.02,45.692,36.72,41.206,85.096,99.056,0
2025.7.1 0:05,R01,M10,32.24,29.753,30.997,3.68,3.6586,88.06,45.1,37.328,41.214,83.698,99.39,0
2025.7.1 0:05,R01,M11,33.756,29.673,31.715,3.6871,3.6601,88.17,46.882,39.499,43.191,83.218,98.943,0
2025.7.1 0:05,R01,M01,31.968,27.337,29.652,3.6776,3.642,87.84,43.232,33.142,38.187,86.855,99.094,0
2025.7.1 0:05,R01,M02,32.359,27.779,30.069,3.676,3.6495,87.91,43.943,35.592,39.767,85.502,98.521,0
2025.7.1 0:05,R01,M03,31.602,28.423,30.012,3.6746,3.6468,87.86,42.483,33.816,38.15,85.503,99.231,0
2025.7.1 0:05,R01,M04,32.24,28.515,30.378,3.6746,3.6531,87.93,42.234,35.207,38.721,85.539,99.272,0
2025.7.1 0:05,R01,M05,32.977,28.411,30.694,3.675,3.6481,87.88,43.878,36.141,40.01,85.615,99.47,0
2025.7.1 0:05,R01,M06,32.615,28.245,30.43,3.6813,3.6491,87.96,43.032,35.053,39.042,85.007,99.238,0
2025.7.1 0:05,R01,M07,31.484,29.003,30.244,3.6869,3.6539,88.09,43.754,38.347,41.05,83.885,99.487,0
2025.7.1 0:05,R01,M08,43.208,32.669,36.492,3.7264,3.3137,87.81,47.557,24.498,31.755,61.502,53.906,0
2025.7.1 0:05,R01,M09,32.532,29.664,31.098,3.6864,3.6543,88.09,44.699,37.814,41.257,85.095,98.949,0
2025.7.1 0:05,R01,M10,33.065,29.262,31.163,3.6882,3.6537,88.1,45.882,39.583,42.733,83.097,98.899,0
2025.7.1 0:05,R01,M11,33.215,29.743,31.479,3.6836,3.6572,88.09,45.901,40.478,43.19,84.851,99.036,0
2025.7.1 0:05,R01,M01,30.848,27.733,29.291,3.6801,3.6479,87.94,41.707,33.505,37.606,85.036,99.445,0
2025.7.1 0:05,R01,M02,30.871,28.139,29.505,3.6778,3.6486,87.92,41.751,35.093,38.422,84.933,98.679,0
2025.7.1 0:05,R01,M03,31.79,28.599,30.194,3.6772,3.6519,87.95,42.763,35.559,39.161,85.459,98.762,0
2025.7.1 0:05,R01,M04,32.111,28.071,30.091,3.6809,3.6466,87.93,42.803,34.017,38.41,84.985,98.883,0
2025.7.1 0:05,R01,M05,31.578,28.815,30.197,3.6768,3.6525,87.95,42.955,36.586,39.77,84.646,99.406,0
2025.7.1 0:05,R01,M06,32.18,28.556,30.368,3.6767,3.6547,87.98,45.437,37.029,41.233,85.116,98.888,0
2025.7.1 0:05,R01,M07,32.443,28.749,30.596,3.6861,3.6507,88.04,46.218,37.497,41.858,84.072,99.195,0
2025.7.1 0:05,R01,M08,41.79,31.112,35.738,3.7264,3.3248,87.73,47.905,26.933,31.641,60.888,53.361,0
2025.7.1 0:05,R01,M09,32.396,29.269,30.832,3.684,3.6529,88.04,47.464,38.726,43.095,84.003,99.111,0
2025.7.1 0:05,R01,M10,33.197,29.202,31.2,3.6837,3.6501,88.01,46.899,37.07,41.984,84.543,98.826,0
2025.7.1 0:05,R01,M11,33.729,30.145,31.937,3.6824,3.6541,88.04,47.24,39.504,43.372,83.069,99.189,0
2025.7.1 0:05,R01,M01,31.46,27.874,29.667,3.6809,3.651,87.98,42.845,32.616,37.73,85.41,98.53,0
2025.7.1 0:05,R01,M02,31.47,28.031,29.75,3.6742,3.651,87.9,41.033,33.908,37.471,85.561,99.032,0
2025.7.1 0:05,R01,M03,31.998,28.297,30.148,3.6738,3.6455,87.83,43.096,34.221,38.658,86.076,99.24,0
2025.7.1 0:05,R01,M04,31.022,28.354,29.688,3.6799,3.6515,87.98,42.106,34.964,38.535,85.631,99.234,0
2025.7.1 0:05,R01,M05,31.85,28.41,30.13,3.6794,3.6528,87.99,42.77,35.85,39.31,84.312,99.46,0
2025.7.1 0:05,R01,M06,33.149,29.071,31.11,3.6827,3.6468,87.95,45.542,37.745,41.644,84.592,99.379,0
2025.7.1 0:05,R01,M07,32.024,29.227,30.626,3.6771,3.6498,87.92,46.009,35.544,40.776,83.416,99.198,0
2025.7.1 0:05,R01,M08,41.959,31.55,35.947,3.721,3.3081,87.11,49.483,24.222,32.996,61.029,51.959,0
2025.7.1 0:05,R01,M09,32.115,29.493,30.804,3.686,3.6507,88.04,46.28,38.666,42.473,84.41,99.334,0
2025.7.1 0:05,R01,M10,33.643,29.282,31.462,3.6829,3.6508,88.0,45.775,39.44,42.608,84.084,99.183,0
2025.7.1 0:05,R01,M11,32.325,29.575,30.95,3.6849,3.6585,88.12,47.905,39.811,43.858,83.696,99.447,0
2025.7.1 0:05,R01,M01,30.634,27.534,29.084,3.6751,3.6477,87.87,43.49,33.374,38.432,85.631,99.175,0
2025.7.1 0:05,R01,M02,31.308,28.001,29.654,3.6786,3.6452,87.89,41.722,33.949,37.835,84.959,98.709,0
2025.7.1 0:05,R01,M03,31.868,28.277,30.072,3.6822,3.6479,87.96,41.789,35.742,38.766,85.608,99.262,0
2025.7.1 0:05,R01,M04,31.252,28.624,29.938,3.676,3.6534,87.95,43.138,36.489,39.813,85.888,98.854,0
2025.7.1 0:05,R01,M05,31.54,28.944,30.242,3.683,3.6539,88.04,45.075,36.497,40.786,85.017,99.044,0
2025.7.1 0:05,R01,M06,32.081,28.556,30.319,3.6853,3.652,88.05,43.258,37.039,40.148,84.497,99.324,0
2025.7.1 0:05,R01,M07,32.969,28.442,30.706,3.6849,3.6476,87.99,43.725,36.678,40.201,84.841,99.184,0
2025.7.1 0:05,R01,M08,43.387,31.663,36.612,3.7299,3.3082,87.85,46.965,23.141,32.764,62.62,54.197,0
2025.7.1 0:05,R01,M09,33.21,29.161,31.186,3.6885,3.6557,88.13,45.835,38.283,42.059,84.842,98.788,0
2025.7.1 0:05,R01,M10,32.559,29.901,31.23,3.6828,3.6525,88.02,46.591,37.547,42.069,83.699,99.203,0
2025.7.1 0:05,R01,M11,32.732,29.766,31.249,3.6905,3.6603,88.21,47.205,39.442,43.323,84.055,98.959,0
2025.7.1 0:06,R01,M01,31.966,27.28,29.623,3.6725,3.6507,87.88,43.074,34.179,38.627,85.742,99.464,0
2025.7.1 0:06,R01,M02,30.545,28.168,29.357,3.6781,3.6495,87.93,43.303,33.172,38.237,85.171,98.781,0
2025.7.1 0:06,R01,M03,30.852,27.735,29.294,3.6772,3.6442,87.86,42.76,34.027,38.394,84.339,99.384,0
2025.7.1 0:06,R01,M04,31.728,28.571,30.15,3.6756,3.6485,87.89,43.256,34.648,38.952,85.863,99.471,0
2025.7.1 0:06,R01,M05,32.708,28.14,30.424,3.6803,3.6544,88.02,43.441,34.684,39.062,84.864,99.155,0
2025.7.1 0:06,R01,M06,32.521,28.544,30.532,3.68,3.6507,87.97,44.951,35.862,40.407,84.42,98.953,0
2025.7.1 0:06,R01,M07,32.322,29.25,30.786,3.684,3.6531,88.05,44.435,37.345,40.89,83.79,99.356,0
2025.7.1 0:06,R01,M08,42.668,31.825,35.777,3.7155,3.3401,87.34,47.895,23.891,31.186,61.331,52.593,0
2025.7.1 0:06,R01,M09,32.457,29.369,30.913,3.6813,3.6512,87.99,46.12,38.54,42.33,84.292,98.586,0
2025.7.1 0:06,R01,M10,32.694,29.815,31.255,3.6887,3.6558,88.13,45.93,39.915,42.922,83.094,99.365,0
2025.7.1 0:06,R01,M11,32.927,29.442,31.184,3.6866,3.6522,88.07,46.788,37.622,42.205,83.524,99.49,0
2025.7.1 0:06,R01,M01,30.611,27.25,28.931,3.6757,3.6472,87.87,41.095,34.437,37.766,85.02,98.918,0
2025.7.1 0:06,R01,M02,31.604,27.766,29.685,3.6739,3.6446,87.82,42.922,33.851,38.386,85.003,98.614,0
2025.7.1 0:06,R01,M03,32.2,28.378,30.289,3.6829,3.6501,88.0,42.31,34.401,38.356,84.645,99.405,0
2025.7.1 0:06,R01,M04,30.836,27.943,29.389,3.6801,3.6453,87.9,43.919,34.329,39.124,85.063,98.697,0
2025.7.1 0:06,R01,M05,32.906,28.089,30.497,3.6758,3.6524,87.94,44.154,35.809,39.981,85.611,98.716,0
2025.7.1 0:06,R01,M06,32.808,29.024,30.916,3.6787,3.6559,88.02,44.346,37.036,40.691,84.6,98.515,0
2025.7.1 0:06,R01,M07,31.861,29.059,30.46,3.6808,3.6486,87.95,44.039,36.768,40.404,84.397,98.502,0
2025.7.1 0:06,R01,M08,42.337,31.851,35.581,3.7238,3.323,87.91,49.841,25.225,32.715,62.392,51.69,0
2025.7.1 0:06,R01,M09,32.914,29.054,30.984,3.6792,3.6569,88.03,45.425,38.141,41.783,83.771,98.602,0
2025.7.1 0:06,R01,M10,33.014,29.296,31.155,3.6845,3.6521,88.04,46.949,37.519,42.234,83.591,98.737,0
2025.7.1 0:06,R01,M11,33.069,29.8,31.434,3.6865,3.6532,88.08,48.034,38.407,43.221,84.905,98.681,0
2025.7.1 0:06,R01,M01,30.861,28.062,29.462,3.6735,3.6414,87.78,42.101,33.066,37.584,86.276,98.999,0
2025.7.1 0:06,R01,M02,30.641,27.944,29.292,3.6789,3.6493,87.94,43.151,33.507,38.329,86.253,99.416,0
2025.7.1 0:06,R01,M03,32.271,27.783,30.027,3.6815,3.6455,87.92,43.204,35.634,39.419,86.112,98.853,0
2025.7.1 0:06,R01,M04,31.341,28.763,30.052,3.6753,3.6441,87.83,43.107,34.298,38.703,85.451,99.463,0
2025.7.1 0:06,R01,M05,31.329,28.069,29.699,3.6823,3.653,88.02,43.126,36.277,39.701,85.653,98.928,0
2025.7.1 0:06,R01,M06,32.821,28.856,30.838,3.6783,3.6463,87.9,44.404,37.916,41.16,84.566,98.903,0
2025.7.1 0:06,R01,M07,31.855,29.287,30.571,3.6855,3.6554,88.09,46.341,36.428,41.385,84.36,99.402,0
2025.7.1 0:06,R01,M08,42.821,31.251,36.817,3.7229,3.3104,87.68,46.19,25.31,32.385,61.373,52.948,0
2025.7.1 0:06,R01,M09,33.768,29.494,31.631,3.6886,3.6523,88.09,46.772,36.795,41.784,83.865,98.628,0
2025.7.1 0:06,R01,M10,33.913,29.255,31.584,3.6881,3.6583,88.16,46.371,39.622,42.996,84.211,98.844,0
2025.7.1 0:06,R01,M11,33.194,29.409,31.302,3.6856,3.6542,88.08,46.62,38.367,42.493,83.755,99.456,0
2025.7.1 0:06,R01,M01,31.195,27.708,29.451,3.681,3.6421,87.88,40.818,33.222,37.02,85.824,99.001,0
2025.7.1 0:06,R01,M02,32.089,27.783,29.936,3.6751,3.6431,87.82,43.26,33.054,38.157,84.625,98.61,0
2025.7.1 0:06,R01,M03,30.935,27.673,29.304,3.6745,3.6461,87.85,41.899,35.032,38.465,85.6,99.143,0
2025.7.1 0:06,R01,M04,32.031,28.73,30.38,3.6834,3.6501,88.0,43.369,34.557,38.963,84.981,98.771,0
2025.7.1 0:06,R01,M05,32.93,28.684,30.807,3.6815,3.6506,87.99,44.685,36.989,40.837,84.57,99.101,0
2025.7.1 0:06,R01,M06,32.809,28.583,30.696,3.685,3.6469,87.98,45.459,35.223,40.341,84.78,99.443,0
2025.7.1 0:06,R01,M07,31.875,29.354,30.614,3.6835,3.6477,87.97,44.398,36.932,40.665,83.33,98.561,0
2025.7.1 0:06,R01,M08,42.163,32.938,35.825,3.7258,3.3137,87.57,49.579,23.837,33.68,61.37,55.508,0
2025.7.1 0:06,R01,M09,31.949,29.533,30.741,3.68,3.6513,87.98,45.152,37.07,41.111,83.48,98.52,0
2025.7.1 0:06,R01,M10,32.785,29.798,31.291,3.6869,3.6554,88.11,45.325,38.633,41.979,84.266,98.902,0
2025.7.1 0:06,R01,M11,32.288,29.738,31.013,3.685,3.6563,88.1,47.764,39.099,43.431,84.674,98.989,0
2025.7.1 0:06,R01,M01,30.786,27.94,29.363,3.6723,3.644,87.8,43.41,33.834,38.622,85.923,98.989,0
2025.7.1 0:06,R01,M02,31.87,27.898,29.884,3.6819,3.647,87.95,43.88,35.131,39.505,85.18,98.891,0
2025.7.1 0:06,R01,M03,31.826,28.069,29.947,3.6819,3.6493,87.97,41.619,36.365,38.992,84.599,99.465,0
2025.7.1 0:06,R01,M04,31.555,27.803,29.679,3.684,3.6445,87.94,43.146,34.64,38.893,84.353,99.382,0
2025.7.1 0:06,R01,M05,32.705,28.723,30.714,3.6811,3.6463,87.93,43.53,35.25,39.39,84.669,98.56,0
2025.7.1 0:06,R01,M06,31.265,28.306,29.785,3.6787,3.6539,87.99,43.852,35.759,39.805,85.193,98.612,0
2025.7.1 0:06,R01,M07,32.189,28.814,30.502,3.6831,3.654,88.05,44.736,37.738,41.237,84.957,99.152,0
2025.7.1 0:06,R01,M08,42.739,31.956,35.987,3.7272,3.3123,87.86,47.428,24.678,33.196,62.21,55.431,0
2025.7.1 0:06,R01,M09,33.456,29.646,31.551,3.6885,3.6541,88.11,46.889,36.698,41.794,84.062,99.169,0
2025.7.1 0:06,R01,M10,32.061,29.922,30.992,3.6898,3.6565,88.16,46.156,37.877,42.017,84.663,99.479,0
2025.7.1 0:06,R01,M11,32.397,29.997,31.197,3.689,3.6524,88.1,47.838,38.691,43.264,83.388,99.377,0
2025.7.1 0:06,R01,M01,31.516,27.911,29.713,3.6794,3.646,87.9,41.288,34.572,37.93,86.123,99.021,0
2025.7.1 0:06,R01,M02,31.257,27.444,29.351,3.675,3.6453,87.84,43.532,33.285,38.408,86.224,99.188,0
2025.7.1 0:06,R01,M03,31.007,28.6,29.803,3.6773,3.6487,87.91,43.246,34.867,39.056,86.009,99.071,0
2025.7.1 0:06,R01,M04,31.49,28.71,30.1,3.6745,3.6462,87.85,44.06,36.946,40.503,85.203,98.739,0
2025.7.1 0:06,R01,M05,31.991,28.204,30.098,3.6849,3.6495,88.01,45.012,36.692,40.852,84.362,99.251,0
2025.7.1 0:06,R01,M06,32.769,28.472,30.62,3.6777,3.6554,88.0,45.983,35.996,40.989,85.064,99.201,0
2025.7.1 0:06,R01,M07,32.941,29.09,31.016,3.6857,3.6496,88.02,45.529,38.097,41.813,84.624,99.142,0
2025.7.1 0:06,R01,M08,42.775,32.99,36.019,3.7145,3.3192,87.17,48.748,24.915,30.164,62.746,53.136,0
2025.7.1 0:06,R01,M09,31.942,29.248,30.595,3.6802,3.6534,88.0,45.689,36.588,41.139,83.938,99.319,0
2025.7.1 0:06,R01,M10,33.958,29.536,31.747,3.6879,3.6552,88.12,45.428,37.125,41.276,83.849,98.851,0
2025.7.1 0:06,R01,M11,33.179,29.274,31.227,3.6871,3.6596,88.16,47.783,38.464,43.123,83.284,98.781,0
2025.7.1 0:06,R01,M01,31.363,27.347,29.355,3.6748,3.642,87.8,41.453,33.756,37.605,85.414,99.467,0
2025.7.1 0:06,R01,M02,30.728,27.548,29.138,3.678,3.6502,87.94,43.912,33.593,38.752,84.593,98.88,0
2025.7.1 0:06,R01,M03,31.464,27.673,29.569,3.6736,3.6465,87.84,41.601,34.209,37.905,84.972,98.688,0
2025.7.1 0:06,R01,M04,32.444,28.69,30.567,3.679,3.6484,87.93,44.261,34.694,39.478,85.805,99.261,0
2025.7.1 0:06,R01,M05,32.858,28.506,30.682,3.6843,3.6505,88.02,43.24,35.16,39.2,83.723,99.115,0
2025.7.1 0:06,R01,M06,32.901,28.813,30.857,3.6857,3.656,88.1,45.7,36.449,41.075,83.655,98.979,0
2025.7.1 0:06,R01,M07,31.568,29.262,30.415,3.6843,3.651,88.02,44.972,37.782,41.377,84.664,99.389,0
2025.7.1 0:06,R01,M08,42.799,32.928,35.407,3.7267,3.3271,88.05,49.95,23.844,32.464,62.788,55.379,0
2025.7.1 0:06,R01,M09,32.703,28.857,30.78,3.6837,3.6519,88.03,44.709,38.18,41.445,83.844,98.538,0
2025.7.1 0:06,R01,M10,33.928,29.552,31.74,3.6856,3.6517,88.05,45.065,37.869,41.467,84.271,99.246,0
2025.7.1 0:06,R01,M11,32.986,29.509,31.247,3.6818,3.654,88.03,47.744,38.408,43.076,84.331,99.403,0
2025.7.1 0:06,R01,M01,31.34,27.582,29.461,3.68,3.6488,87.95,43.003,32.551,37.777,85.413,98.516,0
2025.7.1 0:06,R01,M02,31.082,28.023,29.553,3.6773,3.6477,87.9,42.471,34.632,38.551,84.958,99.014,0
2025.7.1 0:06,R01,M03,32.026,27.986,30.006,3.6732,3.6509,87.89,43.471,36.261,39.866,84.836,98.972,0
2025.7.1 0:06,R01,M04,32.584,28.418,30.501,3.6834,3.6503,88.0,42.761,35.493,39.127,84.019,99.181,0
2025.7.1 0:06,R01,M05,31.053,28.51,29.782,3.6815,3.6453,87.92,44.049,34.978,39.514,84.802,98.54,0
2025.7.1 0:06,R01,M06,31.417,28.909,30.163,3.6822,3.6461,87.94,44.606,35.547,40.076,85.024,99.447,0
2025.7.1 0:06,R01,M07,32.166,28.995,30.581,3.6856,3.6541,88.08,46.03,35.995,41.013,85.097,99.437,0
2025.7.1 0:06,R01,M08,44.941,31.564,36.545,3.7155,3.3244,88.09,48.51,26.458,32.168,62.014,53.596,0
2025.7.1 0:06,R01,M09,33.352,28.874,31.113,3.6857,3.6497,88.02,46.708,38.606,42.657,84.853,99.144,0
2025.7.1 0:06,R01,M10,33.83,29.673,31.752,3.689,3.6533,88.11,47.085,39.84,43.463,84.302,98.671,0
2025.7.1 0:06,R01,M11,32.514,29.551,31.032,3.6896,3.6511,88.09,47.124,39.903,43.514,84.866,98.577,0
2025.7.1 0:06,R01,M01,31.414,27.64,29.527,3.6776,3.645,87.87,42.242,32.684,37.463,86.001,99.306,0
2025.7.1 0:06,R01,M02,30.963,28.016,29.489,3.6725,3.6429,87.78,43.657,33.734,38.695,84.496,99.093,0
2025.7.1 0:06,R01,M03,30.624,28.016,29.32,3.6818,3.6473,87.95,43.895,33.645,38.77,84.426,99.284,0
2025.7.1 0:06,R01,M04,32.21,27.81,30.01,3.6753,3.6487,87.89,42.145,34.349,38.247,84.664,99.142,0
2025.7.1 0:06,R01,M05,32.006,28.672,30.339,3.68,3.6456,87.91,45.105,36.946,41.025,84.86,98.923,0
2025.7.1 0:06,R01,M06,32.727,28.898,30.812,3.6829,3.6505,88.0,44.915,35.644,40.279,83.388,98.765,0
2025.7.1 0:06,R01,M07,32.569,29.03,30.8,3.6865,3.6564,88.11,43.773,36.185,39.979,85.069,99.336,0
2025.7.1 0:06,R01,M08,42.575,32.924,35.118,3.7262,3.3111,87.65,46.616,26.019,31.163,62.483,52.03,0
2025.7.1 0:06,R01,M09,32.251,29.433,30.842,3.6879,3.6516,88.07,47.165,37.826,42.495,83.402,99.456,0
2025.7.1 0:06,R01,M10,33.737,29.492,31.614,3.6835,3.6556,88.07,46.574,37.945,42.26,83.088,98.574,0
2025.7.1 0:06,R01,M11,32.926,29.519,31.223,3.6907,3.6576,88.18,48.331,39.468,43.9,83.028,99.268,0
2025.7.1 0:06,R01,M01,32.025,28.069,30.047,3.6763,3.6421,87.82,41.623,33.692,37.657,86.551,99.498,0
2025.7.1 0:06,R01,M02,31.975,27.904,29.94,3.6799,3.6423,87.87,43.102,33.922,38.512,84.591,99.302,0
2025.7.1 0:06,R01,M03,30.743,27.663,29.203,3.678,3.6464,87.89,42.529,36.053,39.291,84.778,99.425,0
2025.7.1 0:06,R01,M04,32.278,28.158,30.218,3.683,3.6473,87.96,44.381,35.855,40.118,83.847,98.734,0
2025.7.1 0:06,R01,M05,32.935,28.93,30.933,3.6832,3.648,87.97,43.072,35.21,39.141,84.855,99.052,0
2025.7.1 0:06,R01,M06,33.031,28.539,30.785,3.6765,3.6557,87.99,45.31,35.366,40.338,85.121,98.946,0
2025.7.1 0:06,R01,M07,32.937,28.489,30.713,3.6803,3.6543,88.02,44.384,36.375,40.38,84.774,98.949,0
2025.7.1 0:06,R01,M08,42.891,32.281,36.657,3.7249,3.3521,87.26,48.356,26.012,32.457,62.802,52.687,0
2025.7.1 0:06,R01,M09,32.543,29.168,30.855,3.6822,3.6508,88.0,44.91,37.613,41.261,84.408,99.105,0
2025.7.1 0:06,R01,M10,33.756,29.562,31.659,3.6852,3.6514,88.04,45.37,37.04,41.205,84.289,99.079,0
2025.7.1 0:06,R01,M11,33.286,29.848,31.567,3.6871,3.6553,88.11,47.864,39.798,43.831,84.666,99.135,0
2025.7.1 0:06,R01,M01,31.32,27.675,29.498,3.6795,3.6504,87.96,42.153,33.979,38.066,85.894,98.541,0
2025.7.1 0:06,R01,M02,31.89,27.464,29.677,3.68,3.6479,87.93,43.064,35.436,39.25,84.587,99.399,0
2025.7.1 0:06,R01,M03,32.453,27.998,30.226,3.6812,3.649,87.96,42.342,35.302,38.822,85.004,98.71,0
2025.7.1 0:06,R01,M04,32.076,28.074,30.075,3.6745,3.6477,87.87,44.798,36.378,40.588,84.738,99.215,0
2025.7.1 0:06,R01,M05,32.293,28.541,30.417,3.6784,3.6451,87.88,43.5,37.084,40.292,84.039,99.113,0
2025.7.1 0:06,R01,M06,32.417,28.678,30.547,3.6836,3.6545,88.06,44.085,35.995,40.04,85.314,98.833,0
2025.7.1 0:06,R01,M07,31.674,28.536,30.105,3.6785,3.6537,87.99,46.019,37.117,41.568,84.255,98.715,0
2025.7.1 0:06,R01,M08,43.263,32.386,36.9,3.7288,3.3019,88.06,48.718,26.23,32.906,62.033,53.083,0
2025.7.1 0:06,R01,M09,32.532,29.285,30.908,3.6857,3.6543,88.08,45.686,36.914,41.3,84.323,99.391,0
2025.7.1 0:06,R01,M10,33.105,29.378,31.241,3.6835,3.6577,88.09,46.114,38.045,42.079,83.093,99.401,0
2025.7.1 0:06,R01,M11,32.582,29.278,30.93,3.6852,3.6525,88.05,46.459,37.607,42.033,84.186,99.384,0
2025.7.1 0:06,R01,M01,31.911,27.847,29.879,3.6778,3.6496,87.93,41.322,32.834,37.078,84.579,98.648,0
2025.7.1 0:06,R01,M02,31.026,27.723,29.374,3.6812,3.6466,87.93,43.051,35.541,39.296,85.009,98.503,0
2025.7.1 0:06,R01,M03,31.937,28.4,30.169,3.6804,3.6432,87.88,43.059,34.429,38.744,85.699,99.092,0
2025.7.1 0:06,R01,M04,32.714,28.75,30.732,3.6765,3.6503,87.92,44.464,36.905,40.684,84.604,99.099,0
2025.7.1 0:06,R01,M05,31.867,28.921,30.394,3.6849,3.6488,88.0,42.859,35.288,39.073,83.519,98.51,0
2025.7.1 0:06,R01,M06,31.437,28.924,30.181,3.6825,3.6494,87.98,44.871,36.366,40.618,84.031,99.276,0
2025.7.1 0:06,R01,M07,33.201,29.139,31.17,3.68,3.6472,87.93,44.111,36.379,40.245,84.779,99.337,0
2025.7.1 0:06,R01,M08,43.839,31.591,35.666,3.719,3.3161,87.72,47.837,23.49,31.054,62.484,53.3,0
2025.7.1 0:06,R01,M09,33.203,29.127,31.165,3.6882,3.6575,88.15,47.12,37.765,42.442,83.797,99.061,0
2025.7.1 0:06,R01,M10,32.45,29.416,30.933,3.6848,3.6576,88.11,45.253,37.962,41.608,83.817,98.841,0
2025.7.1 0:06,R01,M11,33.21,30.015,31.613,3.6864,3.6535,88.08,45.767,37.874,41.821,84.689,98.52,0
2025.7.1 0:06,R01,M01,30.805,27.98,29.392,3.6769,3.6475,87.89,40.919,33.285,37.102,85.825,98.663,0
2025.7.1 0:06,R01,M02,30.917,27.503,29.21,3.6792,3.645,87.89,41.135,34.318,37.727,84.911,99.249,0
2025.7.1 0:06,R01,M03,30.71,28.404,29.557,3.6816,3.6499,87.98,44.326,36.156,40.241,85.672,98.921,0
2025.7.1 0:06,R01,M04,30.821,28.205,29.513,3.6815,3.6533,88.02,44.468,35.155,39.812,84.489,99.417,0
2025.7.1 0:06,R01,M05,31.577,28.458,30.017,3.6759,3.6531,87.95,43.061,35.68,39.37,84.63,99.009,0
2025.7.1 0:06,R01,M06,32.923,28.275,30.599,3.6818,3.6508,87.99,43.407,37.842,40.624,84.383,99.496,0
2025.7.1 0:06,R01,M07,32.577,29.114,30.846,3.6842,3.651,88.02,44.996,38.157,41.576,84.933,98.886,0
2025.7.1 0:06,R01,M08,44.937,31.845,35.119,3.7103,3.3376,87.51,47.729,22.305,31.089,62.735,52.242,0
2025.7.1 0:06,R01,M09,31.889,29.676,30.782,3.6887,3.6572,88.15,46.041,37.167,41.604,83.601,98.567,0
2025.7.1 0:06,R01,M10,32.566,29.715,31.141,3.6869,3.6544,88.1,45.035,37.106,41.07,84.841,99.46,0
2025.7.1 0:06,R01,M11,32.392,30.027,31.21,3.6859,3.6579,88.13,45.561,37.899,41.73,83.143,99.445,0
2025.7.1 0:06,R01,M01,31.489,28.153,29.821,3.6772,3.6416,87.83,42.802,33.148,37.975,85.497,99.316,0
2025.7.1 0:06,R01,M02,32.162,28.386,30.274,3.6732,3.6507,87.89,41.085,34.79,37.938,85.409,98.851,0
2025.7.1 0:06,R01,M03,31.915,28.313,30.114,3.6752,3.6491,87.89,42.869,35.452,39.16,85.191,99.177,0
2025.7.1 0:06,R01,M04,31.041,27.841,29.441,3.6809,3.6507,87.98,44.573,34.597,39.585,85.552,98.561,0
2025.7.1 0:06,R01,M05,32.1,28.386,30.243,3.6762,3.648,87.89,44.73,36.98,40.855,83.907,98.873,0
2025.7.1 0:06,R01,M06,32.024,28.407,30.215,3.6805,3.6537,88.01,43.761,36.788,40.275,84.653,98.85,0
2025.7.1 0:06,R01,M07,31.712,28.683,30.197,3.6815,3.6551,88.04,45.32,38.08,41.7,83.254,98.762,0
2025.7.1 0:06,R01,M08,43.076,31.403,35.986,3.7111,3.3485,87.34,48.129,25.392,33.387,62.369,52.676,0
2025.7.1 0:06,R01,M09,32.581,29.531,31.056,3.6848,3.6535,88.06,45.173,39.436,42.305,83.952,98.868,0
2025.7.1 0:06,R01,M10,32.078,29.435,30.757,3.6865,3.6571,88.12,45.971,38.462,42.216,83.453,98.987,0
2025.7.1 0:06,R01,M11,32.999,29.691,31.345,3.6817,3.6567,88.06,47.418,39.346,43.382,84.969,99.347,0
2025.7.1 0:06,R01,M01,31.646,27.308,29.477,3.6784,3.6476,87.91,42.227,33.325,37.776,85.605,99.265,0
2025.7.1 0:06,R01,M02,31.71,27.53,29.62,3.6791,3.6441,87.88,42.699,33.191,37.945,85.69,98.67,0
2025.7.1 0:06,R01,M03,30.957,27.851,29.404,3.6758,3.6434,87.83,44.062,35.058,39.56,84.377,98.608,0
2025.7.1 0:06,R01,M04,32.514,28.205,30.36,3.6825,3.6505,88.0,43.985,35.697,39.841,84.131,99.095,0
2025.7.1 0:06,R01,M05,32.096,28.539,30.317,3.6766,3.6536,87.96,42.691,35.66,39.175,85.133,98.833,0
2025.7.1 0:06,R01,M06,32.76,28.467,30.613,3.6775,3.6553,87.99,44.643,36.781,40.712,83.637,99.201,0
2025.7.1 0:06,R01,M07,32.807,28.59,30.699,3.6817,3.6479,87.96,46.363,36.277,41.32,84.42,99.016,0
2025.7.1 0:06,R01,M08,44.959,31.629,36.793,3.7235,3.3566,87.35,46.817,23.636,32.589,62.777,52.828,0
2025.7.1 0:06,R01,M09,31.92,29.743,30.831,3.684,3.6555,88.07,45.705,37.902,41.803,84.344,98.534,0
2025.7.1 0:06,R01,M10,33.128,29.274,31.201,3.6844,3.6588,88.12,47.226,38.36,42.793,84.858,99.25,0
2025.7.1 0:06,R01,M11,33.144,29.914,31.529,3.6818,3.6563,88.06,46.761,38.623,42.692,84.882,99.45,0
2025.7.1 0:06,R01,M01,31.177,27.51,29.343,3.678,3.6429,87.85,41.543,35.201,38.372,85.299,98.975,0
2025.7.1 0:06,R01,M02,31.46,27.682,29.571,3.6802,3.6493,87.95,42.085,34.841,38.463,84.2,98.721,0
2025.7.1 0:06,R01,M03,31.701,27.696,29.699,3.6828,3.6526,88.02,43.131,33.868,38.499,84.806,99.446,0
2025.7.1 0:06,R01,M04,31.735,27.89,29.812,3.6792,3.653,87.99,44.856,36.046,40.451,85.242,99.409,0
2025.7.1 0:06,R01,M05,32.706,28.121,30.413,3.6767,3.6496,87.92,44.687,36.618,40.653,83.828,99.262,0
2025.7.1 0:06,R01,M06,31.433,28.931,30.182,3.6823,3.649,87.98,44.024,35.757,39.891,84.595,98.753,0
2025.7.1 0:06,R01,M07,32.145,29.165,30.655,3.6771,3.652,87.95,43.503,36.993,40.248,83.176,99.44,0
2025.7.1 0:06,R01,M08,44.281,32.774,35.372,3.7157,3.302,88.08,48.277,25.715,33.846,62.781,52.412,0
2025.7.1 0:06,R01,M09,33.211,29.592,31.401,3.6804,3.656,88.04,46.574,37.614,42.094,83.349,98.903,0
2025.7.1 0:06,R01,M10,32.927,29.863,31.395,3.6804,3.6507,87.97,46.392,37.716,42.054,83.622,98.765,0
2025.7.1 0:06,R01,M11,33.122,29.233,31.178,3.6848,3.655,88.08,46.733,37.895,42.314,85.007,98.947,0
2025.7.1 0:06,R01,M01,31.789,27.475,29.632,3.6724,3.6499,87.87,41.311,33.074,37.192,84.628,98.501,0
2025.7.1 0:06,R01,M02,30.46,27.681,29.071,3.6808,3.6437,87.89,43.508,34.729,39.118,85.193,98.645,0
2025.7.1 0:06,R01,M03,32.537,27.89,30.213,3.6769,3.649,87.91,42.149,34.094,38.121,84.707,99.446,0
2025.7.1 0:06,R01,M04,32.47,28.209,30.34,3.6806,3.6521,87.99,44.078,35.238,39.658,84.667,98.974,0
2025.7.1 0:06,R01,M05,32.819,28.602,30.711,3.6791,3.6454,87.89,44.421,34.904,39.663,83.635,98.68,0
2025.7.1 0:06,R01,M06,32.148,28.415,30.282,3.6831,3.6521,88.02,45.95,35.256,40.603,85.044,98.878,0
2025.7.1 0:06,R01,M07,33.371,29.013,31.192,3.6785,3.6544,87.99,45.702,37.943,41.822,84.435,98.724,0
2025.7.1 0:06,R01,M08,45.387,31.812,37.05,3.718,3.3557,87.71,47.514,25.571,33.199,61.929,51.453,0
2025.7.1 0:06,R01,M09,33.733,28.868,31.3,3.6853,3.6498,88.02,45.031,39.381,42.206,84.205,99.253,0
2025.7.1 0:06,R01,M10,32.08,29.063,30.572,3.6811,3.6598,88.09,47.453,39.833,43.643,84.782,99.151,0
2025.7.1 0:06,R01,M11,33.065,29.948,31.506,3.6811,3.6539,88.02,48.186,37.789,42.987,84.625,98.757,0
2025.7.1 0:06,R01,M01,31.082,27.337,29.209,3.678,3.6418,87.84,41.9,32.864,37.382,86.151,98.573,0
2025.7.1 0:06,R01,M02,31.498,27.416,29.457,3.6793,3.6446,87.89,43.059,35.561,39.31,85.256,99.063,0
2025.7.1 0:06,R01,M03,31.479,28.289,29.884,3.6804,3.6499,87.96,41.939,33.918,37.928,83.828,98.511,0
2025.7.1 0:06,R01,M04,31.643,28.545,30.094,3.6785,3.6479,87.92,44.183,35.321,39.752,84.637,99.187,0
2025.7.1 0:06,R01,M05,32.002,28.124,30.063,3.6801,3.6481,87.94,44.506,35.607,40.056,84.587,99.306,0
2025.7.1 0:06,R01,M06,32.066,28.643,30.355,3.6831,3.6467,87.96,45.803,35.811,40.807,83.779,98.645,0
2025.7.1 0:06,R01,M07,32.387,29.33,30.858,3.6783,3.6496,87.93,45.636,36.681,41.159,84.954,98.756,0
2025.7.1 0:06,R01,M08,44.818,32.429,36.934,3.7198,3.3543,87.75,49.156,23.074,32.39,62.926,55.102,0
2025.7.1 0:06,R01,M09,32.384,29.768,31.076,3.6851,3.6549,88.08,46.222,38.395,42.309,84.442,99.24,0
2025.7.1 0:06,R01,M10,33.639,29.059,31.349,3.6899,3.6536,88.12,47.669,38.98,43.325,84.398,98.55,0
2025.7.1 0:06,R01,M11,33.656,30.101,31.878,3.684,3.6582,88.11,47.147,38.895,43.021,83.202,98.824,0
2025.7.1 0:06,R01,M01,30.849,28.155,29.502,3.678,3.6415,87.83,42.551,32.622,37.587,84.853,98.836,0
2025.7.1 0:06,R01,M02,32.076,27.915,29.995,3.6799,3.652,87.98,43.164,33.822,38.493,84.67,98.586,0
2025.7.1 0:06,R01,M03,31.304,28.563,29.933,3.6767,3.6438,87.85,43.819,34.898,39.359,85.449,99.498,0
2025.7.1 0:06,R01,M04,31.498,27.902,29.7,3.678,3.645,87.88,42.835,35.702,39.269,84.674,98.798,0
2025.7.1 0:06,R01,M05,32.181,28.369,30.275,3.6772,3.6542,87.98,44.847,36.895,40.871,84.513,98.725,0
2025.7.1 0:06,R01,M06,32.94,28.757,30.849,3.6772,3.6551,87.99,45.083,35.512,40.297,83.849,98.796,0
2025.7.1 0:06,R01,M07,33.356,29.333,31.345,3.6779,3.6505,87.94,46.052,35.743,40.898,85.069,98.992,0
2025.7.1 0:06,R01,M08,44.452,31.523,35.136,3.7216,3.3067,87.84,46.973,24.617,31.772,62.32,53.493,0
2025.7.1 0:06,R01,M09,32.887,29.527,31.207,3.6845,3.6545,88.07,46.327,38.703,42.515,84.877,98.825,0
2025.7.1 0:06,R01,M10,33.253,29.381,31.317,3.6863,3.6575,88.13,46.522,37.712,42.117,83.416,98.7,0
2025.7.1 0:06,R01,M11,32.827,30.185,31.506,3.6873,3.6527,88.08,48.178,39.637,43.907,83.938,99.049,0
2025.7.1 0:06,R01,M01,31.387,27.502,29.444,3.6775,3.6473,87.9,41.736,34.597,38.166,85.463,99.119,0
2025.7.1 0:06,R01,M02,32.395,28.051,30.223,3.6781,3.6487,87.92,43.117,34.489,38.803,84.757,99.299,0
2025.7.1 0:06,R01,M03,32.434,27.958,30.196,3.6743,3.6434,87.81,42.768,35.391,39.079,85.739,99.453,0
2025.7.1 0:06,R01,M04,30.892,28.517,29.704,3.6812,3.6456,87.92,43.039,35.51,39.275,83.699,99.054,0
2025.7.1 0:06,R01,M05,32.517,28.029,30.273,3.6767,3.6483,87.9,44.745,36.352,40.548,85.043,98.778,0
2025.7.1 0:06,R01,M06,31.971,28.95,30.46,3.6831,3.6505,88.0,44.632,37.09,40.861,85.169,99.321,0
2025.7.1 0:06,R01,M07,31.807,29.176,30.491,3.6783,3.6544,87.99,46.212,35.967,41.09,85.024,98.898,0
2025.7.1 0:06,R01,M08,45.921,32.215,36.53,3.7174,3.3036,87.37,48.821,22.134,31.387,62.899,53.373,0
2025.7.1 0:06,R01,M09,32.982,29.411,31.197,3.6838,3.6534,88.05,45.81,37.647,41.728,83.25,98.544,0
2025.7.1 0:06,R01,M10,33.439,29.984,31.712,3.6829,3.6512,88.01,46.703,39.345,43.024,84.36,98.768,0
2025.7.1 0:06,R01,M11,33.456,29.289,31.373,3.6853,3.6597,88.14,46.282,37.773,42.028,83.73,98.552,0
2025.7.1 0:06,R01,M01,32.189,28.085,30.137,3.6711,3.6492,87.84,42.146,33.452,37.799,85.196,98.859,0
2025.7.1 0:06,R01,M02,30.426,27.529,28.977,3.6744,3.6491,87.88,42.744,35.83,39.287,84.922,98.757,0
2025.7.1 0:06,R01,M03,31.411,27.642,29.526,3.6743,3.6432,87.81,42.501,33.682,38.091,85.305,99.162,0
2025.7.1 0:06,R01,M04,32.329,28.546,30.438,3.6746,3.6474,87.86,44.795,35.94,40.367,85.233,98.992,0
2025.7.1 0:06,R01,M05,31.529,28.772,30.151,3.6787,3.6528,87.98,42.979,34.672,38.825,84.042,99.12,0
2025.7.1 0:06,R01,M06,31.451,28.368,29.91,3.6819,3.647,87.95,45.638,35.814,40.726,83.957,98.939,0
2025.7.1 0:06,R01,M07,32.318,28.766,30.542,3.6818,3.6478,87.96,44.475,37.383,40.929,83.134,98.96,0
2025.7.1 0:06,R01,M08,44.344,32.696,36.299,3.7271,3.3304,88.09,48.245,23.838,33.259,62.448,51.844,0
2025.7.1 0:06,R01,M09,31.802,29.747,30.774,3.6809,3.6563,88.05,46.86,39.459,43.16,84.37,98.996,0
2025.7.1 0:06,R01,M10,33.767,29.363,31.565,3.6856,3.6553,88.09,46.26,38.391,42.325,83.143,99.061,0
2025.7.1 0:06,R01,M11,33.546,29.321,31.434,3.6842,3.6588,88.12,46.804,37.753,42.279,84.151,98.69,0
2025.7.1 0:06,R01,M01,32.015,27.472,29.744,3.6716,3.6449,87.8,42.076,33.56,37.818,85.135,98.749,0
2025.7.1 0:06,R01,M02,31.852,27.617,29.735,3.6732,3.6441,87.81,42.572,34.713,38.642,85.577,99.198,0
2025.7.1 0:06,R01,M03,32.034,28.488,30.261,3.6803,3.6444,87.9,42.656,33.857,38.257,84.817,99.245,0
2025.7.1 0:06,R01,M04,31.566,28.146,29.856,3.6816,3.6512,87.99,42.172,35.16,38.666,85.191,99.017,0
2025.7.1 0:06,R01,M05,31.842,28.114,29.978,3.681,3.6492,87.96,44.897,35.571,40.234,84.224,98.87,0
2025.7.1 0:06,R01,M06,31.762,29.114,30.438,3.6783,3.6504,87.94,45.34,36.4,40.87,83.217,99.249,0
2025.7.1 0:06,R01,M07,33.159,29.133,31.146,3.6823,3.6515,88.01,43.522,36.957,40.239,83.358,99.417,0
2025.7.1 0:06,R01,M08,43.987,32.879,35.314,3.7225,3.2993,87.91,49.804,22.05,33.932,63.761,54.891,0
2025.7.1 0:06,R01,M09,33.156,29.651,31.404,3.6822,3.6535,88.03,45.294,38.265,41.779,83.883,98.757,0
2025.7.1 0:06,R01,M10,32.246,29.423,30.834,3.6819,3.6582,88.08,45.496,37.466,41.481,84.315,98.654,0
2025.7.1 0:06,R01,M11,33.161,29.204,31.183,3.6907,3.6565,88.17,47.178,39.705,43.441,85.045,98.616,0
2025.7.1 0:06,R01,M01,30.794,27.564,29.179,3.6734,3.6452,87.82,40.581,33.283,36.932,85.388,99.125,0
2025.7.1 0:06,R01,M02,31.91,27.855,29.883,3.6728,3.6472,87.84,43.635,34.463,39.049,84.324,98.61,0
2025.7.1 0:06,R01,M03,31.888,27.966,29.927,3.6815,3.6507,87.99,43.263,33.807,38.535,84.333,98.88,0
2025.7.1 0:06,R01,M04,32.314,28.389,30.352,3.6795,3.6453,87.9,44.798,36.795,40.797,84.338,98.721,0
2025.7.1 0:06,R01,M05,32.142,28.377,30.26,3.6759,3.6545,87.96,45.254,37.303,41.278,85.052,98.525,0
2025.7.1 0:06,R01,M06,33.197,28.985,31.091,3.6819,3.6469,87.95,44.8,37.948,41.374,84.284,98.876,0
2025.7.1 0:06,R01,M07,32.698,28.573,30.636,3.6789,3.6549,88.01,45.386,37.099,41.242,83.876,99.258,0
2025.7.1 0:06,R01,M08,44.624,31.792,37.084,3.7134,3.3187,87.73,48.085,23.57,33.76,63.901,52.3,0
2025.7.1 0:06,R01,M09,32.692,28.99,30.841,3.6872,3.6509,88.06,47.281,37.508,42.395,84.976,98.96,0
2025.7.1 0:06,R01,M10,32.511,29.824,31.168,3.6807,3.6512,87.98,47.574,37.623,42.599,84.799,98.768,0
2025.7.1 0:06,R01,M11,33.094,29.489,31.291,3.6886,3.659,88.17,46.314,39.729,43.022,84.413,99.083,0
2025.7.1 0:06,R01,M01,31.509,28.07,29.79,3.6728,3.6436,87.8,42.455,33.533,37.994,85.143,99.145,0
2025.7.1 0:06,R01,M02,31.983,27.879,29.931,3.679,3.6439,87.87,42.635,34.278,38.456,84.546,98.886,0
2025.7.1 0:06,R01,M03,31.074,28.293,29.684,3.6753,3.6522,87.93,43.44,35.854,39.647,84.276,98.739,0
2025.7.1 0:06,R01,M04,31.683,27.948,29.816,3.6745,3.6471,87.86,42.992,34.424,38.708,83.804,99.358,0
2025.7.1 0:06,R01,M05,32.595,28.412,30.503,3.6793,3.6478,87.93,44.497,35.857,40.177,84.274,98.634,0
2025.7.1 0:06,R01,M06,31.4,28.903,30.151,3.6764,3.6519,87.94,45.438,35.814,40.626,85.035,99.098,0
2025.7.1 0:06,R01,M07,32.743,28.639,30.691,3.6848,3.6474,87.99,44.819,36.695,40.757,84.206,98.983,0
2025.7.1 0:06,R01,M08,46.635,31.667,36.733,3.7108,3.3157,87.13,49.774,22.652,33.725,63.439,51.252,0
2025.7.1 0:06,R01,M09,33.248,28.864,31.056,3.6889,3.6581,88.16,45.783,39.147,42.465,83.448,99.273,0
2025.7.1 0:06,R01,M10,33.418,29.507,31.462,3.6832,3.6537,88.04,47.004,38.049,42.526,84.986,99.497,0
2025.7.1 0:06,R01,M11,32.397,30.073,31.235,3.6906,3.6564,88.16,46.554,39.149,42.852,84.456,99.045,0
2025.7.1 0:06,R01,M01,31.48,27.818,29.649,3.6723,3.6433,87.79,43.018,33.188,38.103,85.739,99.366,0
2025.7.1 0:06,R01,M02,30.414,28.182,29.298,3.6811,3.6453,87.92,41.934,34.171,38.052,84.381,99.326,0
2025.7.1 0:06,R01,M03,32.276,28.194,30.235,3.6768,3.6466,87.88,44.498,33.692,39.095,84.837,98.946,0
2025.7.1 0:06,R01,M04,31.669,28.033,29.851,3.678,3.6474,87.9,44.097,36.656,40.377,84.685,98.975,0
2025.7.1 0:06,R01,M05,31.429,28.213,29.821,3.6809,3.647,87.93,43.517,34.619,39.068,84.432,98.696,0
2025.7.1 0:06,R01,M06,32.493,28.533,30.513,3.6803,3.6462,87.92,45.105,35.741,40.423,85.136,98.882,0
2025.7.1 0:06,R01,M07,32.757,29.123,30.94,3.6829,3.6516,88.01,46.296,36.146,41.221,84.68,99.476,0
2025.7.1 0:06,R01,M08,46.433,31.121,37.168,3.7262,3.327,87.56,48.351,21.363,33.133,63.802,51.932,0
2025.7.1 0:06,R01,M09,32.274,29.709,30.992,3.6846,3.6545,88.07,47.245,37.933,42.589,83.247,98.705,0
2025.7.1 0:06,R01,M10,33.971,29.411,31.691,3.6848,3.6533,88.06,45.928,38.314,42.121,83.281,98.529,0
2025.7.1 0:06,R01,M11,32.693,29.627,31.16,3.6845,3.6578,88.11,46.835,40.393,43.614,83.638,99.193,0
2025.7.1 0:06,R01,M01,31.623,27.738,29.681,3.6746,3.6494,87.89,40.992,33.518,37.255,84.413,99.146,0
2025.7.1 0:06,R01,M02,30.504,28.103,29.303,3.6796,3.6466,87.91,41.125,33.952,37.538,84.907,99.241,0
2025.7.1 0:06,R01,M03,30.897,28.098,29.497,3.6733,3.6476,87.85,42.67,33.593,38.132,84.983,98.933,0
2025.7.1 0:06,R01,M04,31.141,27.932,29.536,3.6757,3.649,87.9,42.165,36.067,39.116,85.257,99.298,0
2025.7.1 0:06,R01,M05,32.905,28.202,30.553,3.6847,3.6479,87.99,44.745,35.016,39.88,85.002,99.46,0
2025.7.1 0:06,R01,M06,31.215,28.882,30.049,3.6795,3.6499,87.95,45.962,36.156,41.059,84.504,98.849,0
2025.7.1 0:06,R01,M07,32.502,29.22,30.861,3.6864,3.6529,88.07,44.199,38.192,41.195,84.675,98.71,0
2025.7.1 0:06,R01,M08,44.606,31.469,36.906,3.7259,3.3141,87.27,47.238,23.157,30.549,63.709,51.355,0
2025.7.1 0:06,R01,M09,32.892,29.438,31.165,3.6803,3.6558,88.03,47.281,38.383,42.832,84.717,99.371,0
2025.7.1 0:06,R01,M10,33.575,29.819,31.697,3.6838,3.6599,88.12,47.393,38.0,42.697,84.789,98.844,0
2025.7.1 0:06,R01,M11,33.628,30.092,31.86,3.6888,3.6515,88.08,48.18,40.351,44.266,84.802,99.475,0
2025.7.1 0:06,R01,M01,31.642,27.231,29.437,3.6759,3.6491,87.9,41.452,34.697,38.075,85.134,99.212,0
2025.7.1 0:06,R01,M02,31.878,27.583,29.73,3.6813,3.6426,87.89,42.949,33.247,38.098,85.227,99.234,0
2025.7.1 0:06,R01,M03,32.034,28.036,30.035,3.678,3.652,87.96,43.482,34.847,39.165,84.003,99.353,0
2025.7.1 0:06,R01,M04,31.205,28.77,29.987,3.6744,3.6463,87.85,44.565,35.015,39.79,84.501,98.841,0
2025.7.1 0:06,R01,M05,31.272,28.979,30.125,3.6826,3.6548,88.05,43.747,37.368,40.558,84.609,99.493,0
2025.7.1 0:06,R01,M06,32.099,28.302,30.2,3.6767,3.6545,87.97,43.724,35.963,39.843,84.151,98.545,0
2025.7.1 0:06,R01,M07,33.051,28.574,30.812,3.681,3.6494,87.96,44.939,37.914,41.427,83.27,99.28,0
2025.7.1 0:06,R01,M08,44.874,31.684,36.098,3.7186,3.306,87.96,46.747,23.122,31.329,63.48,53.226,0
2025.7.1 0:06,R01,M09,33.603,29.631,31.617,3.6858,3.6544,88.08,46.75,38.254,42.502,84.07,99.181,0
2025.7.1 0:06,R01,M10,32.939,29.616,31.277,3.6846,3.6541,88.06,46.918,37.511,42.215,83.685,98.993,0
2025.7.1 0:06,R01,M11,33.25,29.366,31.308,3.6828,3.6543,88.05,47.883,38.858,43.37,84.124,99.31,0
2025.7.1 0:06,R01,M01,31.039,27.756,29.398,3.6769,3.6469,87.89,41.233,35.325,38.279,84.254,99.032,0
2025.7.1 0:06,R01,M02,31.055,27.883,29.469,3.6818,3.6453,87.93,42.38,33.188,37.784,84.087,98.868,0
2025.7.1 0:06,R01,M03,31.554,28.056,29.805,3.682,3.6483,87.96,44.179,33.924,39.052,83.618,98.696,0
2025.7.1 0:06,R01,M04,32.339,28.787,30.563,3.6809,3.6495,87.96,43.785,34.223,39.004,83.394,99.312,0
2025.7.1 0:06,R01,M05,32.762,28.595,30.678,3.6829,3.6515,88.01,42.52,35.193,38.856,84.538,98.825,0
2025.7.1 0:06,R01,M06,31.217,28.427,29.822,3.6772,3.6503,87.93,43.777,35.637,39.707,85.061,98.761,0
2025.7.1 0:06,R01,M07,33.189,28.761,30.975,3.6859,3.6498,88.03,43.611,36.59,40.1,83.857,99.422,0
2025.7.1 0:06,R01,M08,46.39,32.258,36.083,3.7282,3.3477,87.83,46.661,21.774,33.235,62.949,54.281,0
2025.7.1 0:06,R01,M09,32.298,29.386,30.842,3.6835,3.6565,88.08,45.161,39.015,42.088,83.063,98.679,0
2025.7.1 0:06,R01,M10,32.8,29.738,31.269,3.6811,3.6528,88.01,45.867,39.882,42.874,83.197,99.402,0
2025.7.1 0:06,R01,M11,33.645,30.066,31.855,3.6849,3.6553,88.08,46.834,38.669,42.752,83.851,99.312,0
2025.7.1 0:06,R01,M01,31.809,27.497,29.653,3.6719,3.645,87.8,41.548,32.846,37.197,84.729,98.718,0
2025.7.1 0:06,R01,M02,30.69,28.03,29.36,3.6768,3.6461,87.87,41.263,34.253,37.758,85.53,98.63,0
2025.7.1 0:06,R01,M03,32.056,27.888,29.972,3.6798,3.6478,87.93,41.968,35.317,38.642,83.634,98.717,0
2025.7.1 0:06,R01,M04,31.8,28.556,30.178,3.6762,3.6501,87.92,42.644,36.324,39.484,84.617,98.872,0
2025.7.1 0:06,R01,M05,32.731,28.167,30.449,3.6833,3.6455,87.95,43.373,37.138,40.255,83.391,98.702,0
2025.7.1 0:06,R01,M06,32.193,29.081,30.637,3.6849,3.6462,87.97,44.617,36.039,40.328,83.927,99.34,0
2025.7.1 0:06,R01,M07,33.18,28.529,30.855,3.6846,3.6502,88.02,43.572,36.132,39.852,83.473,98.61,0
2025.7.1 0:06,R01,M08,46.29,31.159,35.693,3.7275,3.3499,87.52,48.702,22.688,32.779,62.505,52.635,0
2025.7.1 0:06,R01,M09,32.364,29.135,30.749,3.6881,3.6493,88.05,45.088,38.593,41.841,84.428,99.193,0
2025.7.1 0:06,R01,M10,33.765,29.845,31.805,3.6803,3.6574,88.05,45.894,39.317,42.605,84.184,98.918,0
2025.7.1 0:06,R01,M11,32.322,29.582,30.952,3.6848,3.6546,88.07,46.848,39.649,43.248,84.323,99.26,0
2025.7.1 0:06,R01,M01,30.966,28.141,29.553,3.6728,3.6415,87.77,42.541,34.4,38.471,84.177,98.857,0
2025.7.1 0:06,R01,M02,32.392,28.327,30.36,3.6733,3.6464,87.84,43.733,35.861,39.797,84.604,99.056,0
2025.7.1 0:06,R01,M03,30.766,28.392,29.579,3.6827,3.6455,87.94,42.749,35.257,39.003,83.628,99.278,0
2025.7.1 0:06,R01,M04,31.39,28.048,29.719,3.679,3.6509,87.96,42.698,36.105,39.401,84.178,99.436,0
2025.7.1 0:06,R01,M05,31.281,28.709,29.995,3.6846,3.6494,88.01,44.072,37.0,40.536,84.37,98.836,0
2025.7.1 0:06,R01,M06,31.39,28.743,30.066,3.6793,3.649,87.94,45.214,35.687,40.45,83.956,98.949,0
2025.7.1 0:06,R01,M07,32.766,29.368,31.067,3.686,3.6496,88.03,45.024,36.458,40.741,84.017,99.405,0
2025.7.1 0:06,R01,M08,46.037,32.806,37.289,3.7124,3.3229,87.88,48.695,24.101,32.43,62.389,54.381,0
2025.7.1 0:06,R01,M09,32.468,29.645,31.056,3.6837,3.652,88.03,45.856,37.31,41.583,83.368,98.984,0
2025.7.1 0:06,R01,M10,33.186,29.969,31.578,3.6833,3.6588,88.11,45.854,39.664,42.759,84.757,98.796,0
2025.7.1 0:06,R01,M11,33.515,29.775,31.645,3.6871,3.6582,88.14,46.538,39.838,43.188,84.283,99.11,0
2025.7.1 0:06,R01,M01,31.102,27.427,29.264,3.6759,3.6449,87.85,41.054,35.252,38.153,85.465,98.723,0
2025.7.1 0:06,R01,M02,30.673,28.255,29.464,3.6723,3.6499,87.87,43.16,35.03,39.095,84.605,98.635,0
2025.7.1 0:06,R01,M03,31.857,28.23,30.044,3.6752,3.6473,87.87,42.726,35.551,39.139,83.676,98.916,0
2025.7.1 0:06,R01,M04,32.19,27.852,30.021,3.6824,3.6503,87.99,43.035,35.036,39.035,83.626,98.871,0
2025.7.1 0:06,R01,M05,31.161,28.48,29.821,3.6816,3.6483,87.96,44.272,35.547,39.909,83.942,99.332,0
2025.7.1 0:06,R01,M06,31.974,28.366,30.17,3.6806,3.6546,88.02,43.679,35.84,39.76,84.374,99.056,0
2025.7.1 0:06,R01,M07,32.284,29.136,30.71,3.679,3.6542,88.0,44.443,38.481,41.462,83.322,99.377,0
2025.7.1 0:06,R01,M08,45.349,31.747,36.797,3.7183,3.3461,87.63,48.384,23.17,32.152,63.624,52.092,0
2025.7.1 0:06,R01,M09,32.132,29.097,30.614,3.6801,3.6568,88.04,45.654,38.142,41.898,84.269,98.695,0
2025.7.1 0:06,R01,M10,32.155,29.409,30.782,3.6857,3.6537,88.07,45.796,39.723,42.76,84.864,99.251,0
2025.7.1 0:06,R01,M11,32.893,29.36,31.127,3.6878,3.6561,88.13,45.973,38.346,42.159,83.852,98.838,0
2025.7.1 0:06,R01,M01,30.999,27.879,29.439,3.6803,3.6433,87.88,42.098,34.88,38.489,84.826,98.625,0
2025.7.1 0:06,R01,M02,30.411,28.3,29.355,3.6766,3.6452,87.86,42.605,35.986,39.295,85.06,99.009,0
2025.7.1 0:06,R01,M03,30.713,27.718,29.215,3.679,3.6508,87.96,43.662,33.829,38.745,84.347,98.613,0
2025.7.1 0:06,R01,M04,31.268,28.494,29.881,3.6839,3.6536,88.05,42.29,36.971,39.63,83.911,99.191,0
2025.7.1 0:06,R01,M05,31.399,28.431,29.915,3.681,3.6458,87.92,42.952,36.405,39.678,84.204,98.856,0
2025.7.1 0:06,R01,M06,31.822,28.303,30.062,3.6849,3.6548,88.08,44.908,36.687,40.797,84.242,99.147,0
2025.7.1 0:06,R01,M07,32.793,28.484,30.639,3.6772,3.6526,87.96,43.831,37.378,40.605,83.871,99.153,0
2025.7.1 0:06,R01,M08,44.467,31.304,36.632,3.7208,3.3446,87.65,48.888,20.559,33.495,62.358,52.884,0
2025.7.1 0:06,R01,M09,33.358,28.821,31.09,3.6823,3.6512,88.0,47.038,38.2,42.619,84.89,99.459,0
2025.7.1 0:06,R01,M10,33.897,29.986,31.941,3.6896,3.6514,88.09,47.049,37.941,42.495,83.524,99.316,0
2025.7.1 0:06,R01,M11,32.787,30.046,31.416,3.685,3.6605,88.15,46.387,40.332,43.359,84.917,99.088,0
2025.7.1 0:06,R01,M01,31.932,27.843,29.887,3.6714,3.6434,87.78,41.411,34.991,38.201,85.787,99.252,0
2025.7.1 0:06,R01,M02,32.025,27.839,29.932,3.6819,3.6512,88.0,42.396,35.94,39.168,83.694,98.977,0
2025.7.1 0:06,R01,M03,31.766,28.51,30.138,3.675,3.6446,87.84,43.338,36.297,39.817,83.978,99.246,0
2025.7.1 0:06,R01,M04,31.161,28.534,29.848,3.679,3.6492,87.94,42.023,35.917,38.97,84.835,98.714,0
2025.7.1 0:06,R01,M05,31.955,28.949,30.452,3.6805,3.6455,87.91,43.259,36.829,40.044,84.827,98.849,0
2025.7.1 0:06,R01,M06,32.302,28.563,30.432,3.6772,3.6461,87.88,45.398,36.976,41.187,83.411,99.028,0
2025.7.1 0:06,R01,M07,32.964,28.758,30.861,3.6778,3.6556,88.0,46.39,38.416,42.403,84.034,99.186,0
2025.7.1 0:06,R01,M08,44.956,32.923,36.616,3.718,3.3491,87.31,48.889,23.313,31.248,63.304,52.445,0
2025.7.1 0:06,R01,M09,33.439,29.054,31.246,3.6799,3.6551,88.02,44.749,37.339,41.044,83.165,99.1,0
2025.7.1 0:06,R01,M10,33.644,29.629,31.636,3.6816,3.6533,88.02,45.984,37.12,41.552,83.546,99.191,0
2025.7.1 0:06,R01,M11,33.636,29.875,31.756,3.6849,3.6558,88.09,47.982,38.35,43.166,83.445,99.107,0
2025.7.1 0:06,R01,M01,30.829,27.406,29.117,3.6711,3.642,87.76,41.512,35.02,38.266,85.479,99.135,0
2025.7.1 0:06,R01,M02,30.554,28.391,29.472,3.6755,3.6435,87.83,42.726,34.279,38.502,85.112,99.433,0
2025.7.1 0:06,R01,M03,31.46,27.826,29.643,3.6736,3.6514,87.9,42.928,35.606,39.267,85.442,98.78,0
2025.7.1 0:06,R01,M04,32.72,28.026,30.373,3.6775,3.6524,87.96,43.326,36.739,40.032,84.198,99.199,0
2025.7.1 0:06,R01,M05,31.906,28.068,29.987,3.682,3.6456,87.93,45.368,35.798,40.583,83.572,99.34,0
2025.7.1 0:06,R01,M06,31.77,29.19,30.48,3.6789,3.6494,87.94,44.937,36.33,40.633,83.587,99.156,0
2025.7.1 0:06,R01,M07,32.743,29.023,30.883,3.6804,3.6548,88.02,43.679,36.079,39.879,84.173,99.325,0
2025.7.1 0:06,R01,M08,44.636,32.82,36.201,3.725,3.3287,87.29,46.319,20.489,33.855,63.83,53.783,0
2025.7.1 0:06,R01,M09,32.128,29.213,30.671,3.6818,3.653,88.02,47.275,37.96,42.617,84.622,98.865,0
2025.7.1 0:06,R01,M10,32.957,29.079,31.018,3.6849,3.6561,88.09,46.916,38.141,42.528,83.406,99.102,0
2025.7.1 0:06,R01,M11,33.048,30.082,31.565,3.6855,3.6565,88.1,48.384,39.413,43.898,84.135,99.275,0
2025.7.1 0:06,R01,M01,30.32,27.995,29.157,3.6809,3.6466,87.93,41.915,34.951,38.433,84.359,99.032,0
2025.7.1 0:06,R01,M02,31.325,28.046,29.685,3.6812,3.647,87.94,42.844,35.126,38.985,84.732,98.583,0
2025.7.1 0:06,R01,M03,32.427,28.379,30.403,3.6818,3.6462,87.94,41.568,34.758,38.163,85.262,99.441,0
2025.7.1 0:06,R01,M04,31.145,28.654,29.899,3.6811,3.6497,87.97,42.719,36.853,39.786,83.416,99.314,0
2025.7.1 0:06,R01,M05,32.352,28.874,30.613,3.68,3.6457,87.91,45.024,35.264,40.144,84.563,99.103,0
2025.7.1 0:06,R01,M06,32.447,28.393,30.42,3.6842,3.6539,88.06,44.014,35.136,39.575,83.726,98.52,0
2025.7.1 0:06,R01,M07,32.541,29.245,30.893,3.6795,3.6509,87.96,45.076,37.935,41.505,84.518,98.595,0
2025.7.1 0:06,R01,M08,45.555,31.624,36.05,3.72,3.3086,87.78,49.617,19.795,34.361,62.761,51.584,0
2025.7.1 0:06,R01,M09,32.836,29.024,30.93,3.688,3.6544,88.11,46.838,38.512,42.675,83.926,98.555,0
2025.7.1 0:06,R01,M10,33.813,29.903,31.858,3.6811,3.6522,88.0,45.599,37.352,41.475,83.821,99.058,0
2025.7.1 0:06,R01,M11,32.287,29.278,30.782,3.6855,3.6529,88.06,48.338,39.998,44.168,85.057,98.808,0
2025.7.1 0:06,R01,M01,30.806,28.004,29.405,3.6779,3.6488,87.92,42.469,32.601,37.535,84.083,99.014,0
2025.7.1 0:06,R01,M02,30.788,27.766,29.277,3.6744,3.643,87.81,41.248,34.691,37.969,85.586,99.48,0
2025.7.1 0:06,R01,M03,31.345,28.093,29.719,3.6745,3.651,87.91,41.918,35.9,38.909,84.677,98.996,0
2025.7.1 0:06,R01,M04,32.152,27.928,30.04,3.6793,3.6532,87.99,44.602,34.681,39.641,83.607,99.213,0
2025.7.1 0:06,R01,M05,32.177,28.023,30.1,3.6806,3.6492,87.96,44.18,36.5,40.34,84.183,99.119,0
2025.7.1 0:06,R01,M06,32.947,28.697,30.822,3.6809,3.6553,88.03,45.398,37.797,41.597,83.168,98.617,0
2025.7.1 0:06,R01,M07,33.293,29.261,31.277,3.6775,3.6543,87.98,44.907,37.808,41.358,83.121,99.391,0
2025.7.1 0:06,R01,M08,46.795,32.3,35.669,3.7136,3.3204,87.24,49.274,19.844,31.184,63.862,53.325,0
2025.7.1 0:06,R01,M09,31.931,28.959,30.445,3.6835,3.6506,88.01,44.681,37.62,41.15,84.951,99.371,0
2025.7.1 0:06,R01,M10,32.671,29.741,31.206,3.684,3.6515,88.03,46.205,37.212,41.709,84.756,99.211,0
2025.7.1 0:06,R01,M11,34.153,29.236,31.694,3.6874,3.6586,88.15,46.257,37.683,41.97,83.659,99.424,0
2025.7.1 0:06,R01,M01,30.313,27.309,28.811,3.672,3.6432,87.78,41.207,33.571,37.389,85.379,99.422,0
2025.7.1 0:06,R01,M02,31.024,27.973,29.498,3.6757,3.6481,87.89,41.104,34.565,37.834,85.424,99.065,0
2025.7.1 0:06,R01,M03,31.517,27.887,29.702,3.6783,3.6446,87.87,42.505,33.573,38.039,84.485,98.585,0
2025.7.1 0:06,R01,M04,32.738,28.617,30.678,3.6792,3.6475,87.92,43.947,34.982,39.465,84.061,99.041,0
2025.7.1 0:06,R01,M05,31.559,28.879,30.219,3.6776,3.6546,87.99,43.654,36.947,40.3,85.109,99.23,0
2025.7.1 0:06,R01,M06,33.021,28.824,30.922,3.6814,3.6526,88.01,45.448,37.272,41.36,83.446,98.963,0
2025.7.1 0:06,R01,M07,32.789,29.155,30.972,3.6792,3.6548,88.01,45.801,38.236,42.019,84.879,99.323,0
2025.7.1 0:06,R01,M08,46.138,32.29,36.594,3.7241,3.3225,87.2,47.507,21.254,32.04,62.07,50.922,0
2025.7.1 0:06,R01,M09,32.029,29.738,30.884,3.6861,3.6501,88.03,45.172,38.674,41.923,83.886,99.085,0
2025.7.1 0:06,R01,M10,33.053,29.66,31.356,3.6834,3.6548,88.06,47.414,38.902,43.158,84.319,99.432,0
2025.7.1 0:06,R01,M11,32.442,29.609,31.026,3.6839,3.6608,88.14,46.94,39.204,43.072,83.857,99.371,0
2025.7.1 0:06,R01,M01,31.864,27.932,29.898,3.675,3.6499,87.9,42.919,34.253,38.586,85.297,98.861,0
2025.7.1 0:06,R01,M02,32.223,27.669,29.946,3.6778,3.6446,87.87,43.004,34.904,38.954,83.892,99.335,0
2025.7.1 0:06,R01,M03,32.278,27.985,30.131,3.6753,3.6459,87.85,41.863,36.208,39.035,83.628,99.096,0
2025.7.1 0:06,R01,M04,32.727,28.528,30.627,3.6788,3.6515,87.96,43.481,36.188,39.835,85.049,99.404,0
2025.7.1 0:06,R01,M05,31.99,28.301,30.145,3.6763,3.6499,87.91,44.677,36.352,40.514,84.905,98.697,0
2025.7.1 0:06,R01,M06,32.412,28.431,30.422,3.6781,3.6505,87.94,43.649,36.641,40.145,83.075,99.174,0
2025.7.1 0:06,R01,M07,32.694,28.907,30.8,3.6807,3.6535,88.01,46.499,37.661,42.08,84.001,99.074,0
2025.7.1 0:06,R01,M08,45.169,31.281,36.069,3.7294,3.3122,87.19,49.764,22.682,31.546,62.992,53.519,0
2025.7.1 0:06,R01,M09,32.842,29.421,31.131,3.6804,3.6496,87.96,46.734,38.066,42.4,84.207,99.388,0
2025.7.1 0:06,R01,M10,33.441,29.952,31.697,3.6884,3.6576,88.15,45.446,39.079,42.263,84.916,98.835,0
2025.7.1 0:06,R01,M11,33.941,29.957,31.949,3.6818,3.6536,88.02,48.266,38.229,43.248,83.304,99.238,0
2025.7.1 0:06,R01,M01,31.188,27.464,29.326,3.6756,3.646,87.86,40.834,34.265,37.55,84.371,99.495,0
2025.7.1 0:06,R01,M02,31.102,27.833,29.468,3.6811,3.6491,87.96,43.202,35.345,39.273,84.834,99.44,0
2025.7.1 0:06,R01,M03,31.032,27.818,29.425,3.6796,3.6454,87.9,44.04,35.015,39.528,84.74,98.698,0
2025.7.1 0:06,R01,M04,31.451,28.479,29.965,3.6783,3.6485,87.92,42.577,34.502,38.54,84.058,98.607,0
2025.7.1 0:06,R01,M05,31.486,28.281,29.883,3.6794,3.6496,87.95,42.657,37.465,40.061,83.974,98.865,0
2025.7.1 0:06,R01,M06,31.721,28.42,30.071,3.6799,3.6515,87.98,44.519,36.243,40.381,84.683,98.578,0
2025.7.1 0:06,R01,M07,32.922,28.996,30.959,3.6821,3.6531,88.02,45.747,36.086,40.916,84.687,98.868,0
2025.7.1 0:06,R01,M08,47.445,31.811,36.513,3.7102,3.3438,87.96,47.311,22.203,33.376,62.33,51.543,0
2025.7.1 0:06,R01,M09,31.966,28.977,30.471,3.6866,3.6498,88.04,45.021,38.189,41.605,83.196,99.046,0
2025.7.1 0:06,R01,M10,33.832,29.069,31.45,3.6818,3.6557,88.05,46.717,39.482,43.099,83.977,99.034,0
2025.7.1 0:06,R01,M11,32.59,29.244,30.917,3.684,3.6543,88.06,48.302,38.832,43.567,83.439,98.501,0
2025.7.1 0:06,R01,M01,30.494,27.233,28.864,3.6752,3.6416,87.8,43.396,34.871,39.133,83.988,99.29,0
2025.7.1 0:06,R01,M02,31.55,28.01,29.78,3.6812,3.6518,88.0,43.738,35.358,39.548,83.788,99.315,0
2025.7.1 0:06,R01,M03,31.298,28.522,29.91,3.6772,3.6465,87.88,43.573,34.559,39.066,84.741,99.135,0
2025.7.1 0:06,R01,M04,32.711,28.035,30.373,3.6793,3.646,87.9,43.554,36.272,39.913,84.989,99.367,0
2025.7.1 0:06,R01,M05,31.989,28.267,30.128,3.682,3.6548,88.04,45.08,37.205,41.142,83.87,99.495,0
2025.7.1 0:06,R01,M06,31.675,28.365,30.02,3.682,3.6551,88.05,44.748,37.573,41.16,84.85,98.519,0
2025.7.1 0:06,R01,M07,32.357,28.53,30.444,3.6867,3.6474,88.01,45.193,36.707,40.95,84.697,98.629,0
2025.7.1 0:06,R01,M08,45.7,31.867,35.827,3.7265,3.3262,87.69,46.942,21.104,32.9,63.852,52.886,0
2025.7.1 0:06,R01,M09,32.564,29.138,30.851,3.6812,3.6492,87.96,46.911,39.346,43.129,83.933,98.668,0
2025.7.1 0:06,R01,M10,33.977,29.439,31.708,3.6856,3.6513,88.04,45.938,38.346,42.142,84.197,99.461,0
2025.7.1 0:06,R01,M11,33.767,29.293,31.53,3.6861,3.6605,88.16,48.086,39.163,43.624,84.659,98.545,0
2025.7.1 0:06,R01,M01,31.233,28.15,29.691,3.6805,3.65,87.97,42.294,34.349,38.322,85.633,98.791,0
2025.7.1 0:06,R01,M02,31.731,28.191,29.961,3.6804,3.6431,87.88,41.569,35.094,38.332,85.13,98.912,0
2025.7.1 0:06,R01,M03,31.795,28.249,30.022,3.6755,3.6513,87.92,43.744,34.559,39.151,84.312,98.663,0
2025.7.1 0:06,R01,M04,31.118,28.126,29.622,3.6788,3.6535,87.99,42.384,36.023,39.204,84.23,98.795,0
2025.7.1 0:06,R01,M05,32.166,28.942,30.554,3.6783,3.6471,87.9,43.093,34.974,39.034,83.218,99.072,0
2025.7.1 0:06,R01,M06,32.677,28.391,30.534,3.676,3.6465,87.87,43.463,35.501,39.482,83.677,99.067,0
2025.7.1 0:06,R01,M07,32.799,29.184,30.992,3.6798,3.6487,87.94,44.902,36.69,40.796,83.659,99.42,0
2025.7.1 0:06,R01,M08,46.526,31.274,37.329,3.7238,3.3259,88.09,46.836,20.684,34.22,63.832,51.872,0
2025.7.1 0:06,R01,M09,33.426,29.332,31.379,3.6791,3.6544,88.0,46.297,37.965,42.131,84.658,99.185,0
2025.7.1 0:06,R01,M10,32.113,29.874,30.993,3.6806,3.6527,88.0,46.259,39.909,43.084,84.891,99.234,0
2025.7.1 0:06,R01,M11,33.436,29.436,31.436,3.6848,3.6596,88.13,47.417,38.607,43.012,84.508,99.225,0
2025.7.1 0:06,R01,M01,30.519,27.478,28.998,3.6772,3.6474,87.9,42.538,32.557,37.547,83.945,99.359,0
2025.7.1 0:06,R01,M02,31.713,27.722,29.718,3.6785,3.6519,87.96,43.428,34.275,38.852,84.672,99.079,0
2025.7.1 0:06,R01,M03,30.879,27.801,29.34,3.6805,3.653,88.0,43.446,35.143,39.294,83.733,99.033,0
2025.7.1 0:06,R01,M04,31.878,28.481,30.18,3.6774,3.6478,87.9,44.526,36.078,40.302,84.239,98.942,0
2025.7.1 0:06,R01,M05,31.975,28.69,30.333,3.6787,3.6536,87.99,44.166,36.593,40.38,83.249,99.234,0
2025.7.1 0:06,R01,M06,31.762,29.184,30.473,3.6821,3.6531,88.02,43.976,35.79,39.883,84.598,99.341,0
2025.7.1 0:06,R01,M07,31.579,28.946,30.263,3.6867,3.6514,88.06,46.409,37.531,41.97,83.12,98.738,0
2025.7.1 0:06,R01,M08,46.14,31.535,36.364,3.7135,3.3523,87.63,46.936,20.813,31.677,63.605,52.291,0
2025.7.1 0:06,R01,M09,33.255,29.004,31.13,3.686,3.6546,88.09,47.166,37.651,42.409,83.255,98.659,0
2025.7.1 0:06,R01,M10,32.448,29.578,31.013,3.6852,3.6519,88.05,46.349,39.84,43.094,84.202,98.932,0
2025.7.1 0:06,R01,M11,34.14,30.059,32.099,3.6875,3.6587,88.15,47.367,37.594,42.48,85.004,99.442,0
2025.7.1 0:06,R01,M01,30.855,27.707,29.281,3.6734,3.6434,87.8,42.343,34.997,38.67,83.934,98.894,0
2025.7.1 0:06,R01,M02,32.397,27.44,29.919,3.6735,3.6473,87.85,43.83,35.967,39.898,85.398,98.59,0
2025.7.1 0:06,R01,M03,32.213,28.218,30.215,3.674,3.6518,87.91,44.136,36.324,40.23,84.362,99.244,0
2025.7.1 0:06,R01,M04,32.386,28.197,30.291,3.6762,3.6531,87.95,43.611,36.058,39.834,84.383,99.472,0
2025.7.1 0:06,R01,M05,32.044,28.277,30.16,3.6847,3.6544,88.07,43.81,36.506,40.158,84.173,99.389,0
2025.7.1 0:06,R01,M06,32.499,28.579,30.539,3.6836,3.6541,88.05,44.03,35.79,39.91,84.155,99.258,0
2025.7.1 0:06,R01,M07,32.133,29.168,30.651,3.6789,3.652,87.97,45.559,38.031,41.795,83.056,98.667,0
2025.7.1 0:06,R01,M08,45.492,32.075,36.805,3.7232,3.3128,87.8,46.834,20.864,32.34,62.64,51.198,0
2025.7.1 0:06,R01,M09,31.809,29.037,30.423,3.686,3.6588,88.14,45.969,37.56,41.764,83.897,98.58,0
2025.7.1 0:06,R01,M10,32.818,29.693,31.255,3.6858,3.6537,88.07,45.33,37.117,41.224,83.873,98.711,0
2025.7.1 0:06,R01,M11,33.172,30.088,31.63,3.6847,3.6593,88.13,47.017,39.535,43.276,85.293,99.492,0
2025.7.1 0:06,R01,M01,31.449,27.391,29.42,3.6777,3.6449,87.87,43.452,34.146,38.799,85.106,98.816,0
2025.7.1 0:06,R01,M02,30.834,27.937,29.386,3.6801,3.6426,87.87,43.598,35.977,39.787,85.119,99.227,0
2025.7.1 0:06,R01,M03,31.113,27.945,29.529,3.6743,3.6463,87.85,41.813,35.345,38.579,85.14,98.904,0
2025.7.1 0:06,R01,M04,31.272,28.352,29.812,3.6747,3.6483,87.88,43.009,36.718,39.864,83.16,98.946,0
2025.7.1 0:06,R01,M05,32.803,28.631,30.717,3.6837,3.6525,88.03,44.616,36.454,40.535,83.382,99.306,0
2025.7.1 0:06,R01,M06,31.921,28.733,30.327,3.6838,3.6513,88.02,45.713,36.007,40.86,83.945,99.115,0
2025.7.1 0:06,R01,M07,33.352,29.287,31.319,3.6847,3.656,88.09,46.101,35.777,40.939,84.979,98.725,0
2025.7.1 0:06,R01,M08,45.98,32.173,36.424,3.7139,3.3578,87.92,46.541,20.188,33.965,63.833,50.882,0
2025.7.1 0:06,R01,M09,33.501,29.308,31.404,3.6817,3.6537,88.02,46.706,37.681,42.194,83.781,99.339,0
2025.7.1 0:06,R01,M10,33.731,29.582,31.657,3.6854,3.6592,88.14,47.906,39.194,43.55,84.663,98.632,0
2025.7.1 0:06,R01,M11,33.455,30.051,31.753,3.6848,3.6589,88.12,48.149,40.057,44.103,85.334,99.342,0
2025.7.1 0:06,R01,M01,31.564,27.324,29.444,3.6787,3.6415,87.84,42.562,32.624,37.593,83.809,98.735,0
2025.7.1 0:06,R01,M02,31.357,27.746,29.551,3.6721,3.6451,87.81,42.05,35.455,38.752,84.137,99.299,0
2025.7.1 0:06,R01,M03,31.378,28.334,29.856,3.6778,3.6457,87.88,42.874,33.58,38.227,84.79,98.849,0
2025.7.1 0:06,R01,M04,32.66,28.195,30.427,3.6742,3.6522,87.92,44.394,35.824,40.109,83.979,99.044,0
2025.7.1 0:06,R01,M05,32.689,28.645,30.667,3.6775,3.6543,87.98,42.864,36.48,39.672,83.149,98.507,0
2025.7.1 0:06,R01,M06,31.681,28.203,29.942,3.6847,3.6467,87.98,45.091,35.884,40.487,83.877,99.113,0
2025.7.1 0:06,R01,M07,32.386,28.647,30.517,3.6793,3.6523,87.98,46.208,36.408,41.308,84.33,99.401,0
2025.7.1 0:06,R01,M08,45.173,32.315,36.624,3.7203,3.3152,87.31,46.719,22.429,35.779,63.58,53.804,0
2025.7.1 0:06,R01,M09,33.179,29.286,31.233,3.6853,3.6513,88.04,46.384,38.358,42.371,83.833,98.596,0
2025.7.1 0:06,R01,M10,32.725,29.097,30.911,3.6887,3.6578,88.16,47.904,37.104,42.504,84.847,99.353,0
2025.7.1 0:06,R01,M11,33.107,30.095,31.601,3.6849,3.6516,88.04,46.894,39.468,43.181,85.068,99.352,0
2025.7.1 0:06,R01,M01,30.668,27.741,29.204,3.6723,3.6464,87.82,41.712,33.701,37.707,85.079,99.26,0
2025.7.1 0:06,R01,M02,30.624,28.181,29.402,3.6799,3.6463,87.91,43.471,33.189,38.33,84.247,99.484,0
2025.7.1 0:06,R01,M03,32.055,28.259,30.157,3.6755,3.6463,87.86,42.024,36.423,39.224,83.465,98.788,0
2025.7.1 0:06,R01,M04,32.515,28.187,30.351,3.6754,3.6452,87.85,43.833,34.825,39.329,84.7,98.642,0
2025.7.1 0:06,R01,M05,32.396,28.968,30.682,3.6794,3.6548,88.01,44.191,34.911,39.551,83.378,98.687,0
2025.7.1 0:06,R01,M06,31.993,28.851,30.422,3.6841,3.6507,88.02,43.613,37.331,40.472,83.327,98.83,0
2025.7.1 0:06,R01,M07,32.941,29.103,31.022,3.6821,3.6567,88.07,45.828,38.382,42.105,83.844,98.771,0
2025.7.1 0:06,R01,M08,46.768,31.861,36.736,3.7295,3.3466,88.08,49.06,21.799,34.092,63.118,50.927,0
2025.7.1 0:06,R01,M09,32.671,29.088,30.88,3.6857,3.6561,88.1,46.604,38.106,42.355,83.448,99.352,0
2025.7.1 0:06,R01,M10,33.112,29.571,31.342,3.6877,3.6518,88.07,45.024,38.361,41.692,84.277,98.942,0
2025.7.1 0:06,R01,M11,34.005,29.273,31.639,3.6878,3.6546,88.11,46.161,38.088,42.124,83.616,99.116,0
2025.7.1 0:06,R01,M01,31.815,27.414,29.614,3.6803,3.6434,87.88,43.42,33.414,38.417,83.874,98.801,0
2025.7.1 0:06,R01,M02,31.001,28.213,29.607,3.6807,3.6433,87.89,41.925,35.403,38.664,84.898,99.009,0
2025.7.1 0:06,R01,M03,30.962,28.349,29.655,3.6796,3.6519,87.98,44.412,34.465,39.439,83.997,98.948,0
2025.7.1 0:06,R01,M04,32.363,28.603,30.483,3.6799,3.6508,87.97,44.693,34.58,39.636,84.762,99.491,0
2025.7.1 0:06,R01,M05,31.737,28.25,29.993,3.6789,3.6521,87.97,44.845,36.342,40.593,84.254,99.42,0
2025.7.1 0:06,R01,M06,31.814,28.538,30.176,3.6761,3.6523,87.94,43.964,37.603,40.784,84.718,98.883,0
2025.7.1 0:06,R01,M07,31.931,28.54,30.236,3.6836,3.6472,87.97,45.741,37.524,41.633,83.164,99.187,0
2025.7.1 0:06,R01,M08,45.899,32.432,36.547,3.7106,3.2984,87.32,48.508,20.279,34.978,63.613,50.888,0
2025.7.1 0:06,R01,M09,33.482,29.17,31.326,3.683,3.6537,88.04,47.024,37.801,42.413,84.956,99.069,0
2025.7.1 0:06,R01,M10,33.122,29.968,31.545,3.6822,3.6561,88.06,47.866,39.271,43.569,84.573,98.657,0
2025.7.1 0:06,R01,M11,34.14,29.288,31.714,3.6904,3.659,88.19,47.69,39.709,43.7,83.738,98.965,0
2025.7.1 0:06,R01,M01,31.495,28.147,29.821,3.6741,3.6483,87.87,42.668,32.7,37.684,84.319,99.41,0
2025.7.1 0:06,R01,M02,30.493,27.796,29.145,3.6741,3.6448,87.83,41.192,33.7,37.446,83.744,98.798,0
2025.7.1 0:06,R01,M03,30.612,27.97,29.291,3.6796,3.6449,87.89,43.779,35.994,39.886,83.733,98.92,0
2025.7.1 0:06,R01,M04,32.27,27.964,30.117,3.6748,3.6481,87.87,44.67,36.747,40.709,83.48,99.487,0
2025.7.1 0:06,R01,M05,32.243,28.384,30.314,3.6777,3.6517,87.95,43.404,35.347,39.376,83.93,98.68,0
2025.7.1 0:06,R01,M06,32.239,28.343,30.291,3.6793,3.6461,87.9,43.242,37.139,40.191,83.636,98.881,0
2025.7.1 0:06,R01,M07,33.064,28.586,30.825,3.6831,3.6474,87.97,45.312,36.429,40.87,84.172,99.271,0
2025.7.1 0:06,R01,M08,45.155,31.864,37.844,3.7266,3.3121,87.96,48.791,20.475,32.445,62.827,51.945,0
2025.7.1 0:06,R01,M09,32.385,29.198,30.791,3.6854,3.655,88.08,46.164,38.067,42.115,84.078,99.252,0
2025.7.1 0:06,R01,M10,33.863,29.779,31.821,3.6818,3.6592,88.09,47.335,39.984,43.66,84.78,98.858,0
2025.7.1 0:06,R01,M11,32.862,29.651,31.257,3.6813,3.6607,88.1,46.593,39.434,43.014,83.966,98.664,0
2025.7.1 0:06,R01,M01,31.029,27.636,29.332,3.6764,3.6453,87.86,40.993,33.926,37.46,83.825,98.893,0
2025.7.1 0:06,R01,M02,30.539,27.592,29.066,3.6754,3.6508,87.91,42.659,35.467,39.063,83.923,98.54,0
2025.7.1 0:06,R01,M03,30.879,27.824,29.352,3.6732,3.6472,87.84,44.301,33.86,39.081,83.608,99.037,0
2025.7.1 0:06,R01,M04,32.055,28.78,30.418,3.68,3.6449,87.9,44.278,36.452,40.365,84.908,98.999,0
2025.7.1 0:06,R01,M05,31.136,28.546,29.841,3.6822,3.6453,87.93,43.732,35.382,39.557,85.008,99.0,0
2025.7.1 0:06,R01,M06,33.15,28.243,30.697,3.6842,3.6545,88.06,43.966,35.522,39.744,84.397,99.183,0
2025.7.1 0:06,R01,M07,32.423,28.731,30.577,3.6816,3.6484,87.96,45.277,37.152,41.215,83.964,99.147,0
2025.7.1 0:06,R01,M08,47.002,31.428,37.424,3.7146,3.3135,87.2,47.552,20.529,35.423,63.668,52.827,0
2025.7.1 0:06,R01,M09,32.963,29.661,31.312,3.6853,3.651,88.04,45.118,37.55,41.334,84.713,98.868,0
2025.7.1 0:06,R01,M10,32.783,29.195,30.989,3.6809,3.6563,88.05,46.447,39.479,42.963,83.546,98.559,0
2025.7.1 0:06,R01,M11,33.606,29.581,31.593,3.6838,3.6544,88.06,45.746,37.542,41.644,84.742,98.82,0
2025.7.1 0:06,R01,M01,31.593,27.96,29.776,3.6722,3.6504,87.87,42.24,35.376,38.808,83.861,99.197,0
2025.7.1 0:06,R01,M02,30.436,27.51,28.973,3.6725,3.6475,87.84,41.258,34.242,37.75,84.494,98.516,0
2025.7.1 0:06,R01,M03,31.589,27.983,29.786,3.6731,3.6448,87.81,44.125,34.394,39.26,83.792,98.865,0
2025.7.1 0:06,R01,M04,32.346,28.69,30.518,3.6822,3.6501,87.99,43.825,35.106,39.466,84.267,98.551,0
2025.7.1 0:06,R01,M05,32.243,28.808,30.526,3.6757,3.6461,87.86,43.739,37.495,40.617,83.442,99.329,0
2025.7.1 0:06,R01,M06,31.594,28.92,30.257,3.6825,3.6466,87.95,45.848,35.541,40.694,83.714,98.621,0
2025.7.1 0:06,R01,M07,31.437,28.503,29.97,3.679,3.6508,87.96,46.098,35.857,40.977,83.875,98.757,0
2025.7.1 0:06,R01,M08,45.007,31.786,36.742,3.7275,3.3498,87.33,47.292,21.777,34.921,63.064,54.048,0
2025.7.1 0:06,R01,M09,33.138,28.925,31.032,3.6793,3.6522,87.98,44.692,38.334,41.513,84.952,98.76,0
2025.7.1 0:06,R01,M10,33.244,29.322,31.283,3.6878,3.6588,88.16,46.544,38.951,42.748,83.486,98.922,0
2025.7.1 0:06,R01,M11,34.123,29.52,31.822,3.6908,3.6525,88.12,45.966,38.196,42.081,84.479,99.369,0
2025.7.1 0:06,R01,M01,31.859,28.039,29.949,3.6712,3.6496,87.85,42.08,34.077,38.078,84.449,98.969,0
2025.7.1 0:06,R01,M02,32.038,28.365,30.201,3.681,3.6459,87.92,42.536,34.052,38.294,84.228,99.153,0
2025.7.1 0:06,R01,M03,31.938,27.871,29.904,3.6776,3.6497,87.93,42.425,33.538,37.981,85.122,98.778,0
2025.7.1 0:06,R01,M04,32.248,28.18,30.214,3.68,3.6507,87.97,43.187,36.273,39.73,84.392,98.761,0
2025.7.1 0:06,R01,M05,32.582,28.085,30.334,3.6803,3.6463,87.92,43.948,34.845,39.397,83.296,98.837,0
2025.7.1 0:06,R01,M06,32.866,28.217,30.541,3.6831,3.6488,87.98,44.401,35.786,40.094,84.886,98.684,0
2025.7.1 0:06,R01,M07,32.966,29.125,31.046,3.6817,3.6486,87.96,45.931,37.584,41.758,83.693,98.733,0
2025.7.1 0:06,R01,M08,46.083,32.899,36.67,3.72,3.3494,88.05,46.226,20.017,36.062,62.252,50.651,0
2025.7.1 0:06,R01,M09,31.838,29.496,30.667,3.6864,3.6588,88.14,45.629,38.796,42.212,83.794,98.57,0
2025.7.1 0:06,R01,M10,33.306,29.522,31.414,3.6817,3.6538,88.03,46.579,38.877,42.728,83.694,99.122,0
2025.7.1 0:06,R01,M11,33.535,29.865,31.7,3.6841,3.6602,88.13,48.087,38.517,43.302,84.09,99.007,0
2025.7.1 0:06,R01,M01,31.746,27.722,29.734,3.671,3.6428,87.77,42.413,34.276,38.344,85.443,99.391,0
2025.7.1 0:06,R01,M02,31.667,27.923,29.795,3.6759,3.6439,87.84,42.207,33.702,37.954,84.657,98.525,0
2025.7.1 0:06,R01,M03,30.958,27.771,29.364,3.6736,3.6516,87.9,42.785,35.658,39.221,84.202,98.641,0
2025.7.1 0:06,R01,M04,32.443,28.691,30.567,3.6759,3.6456,87.86,42.184,34.547,38.365,85.042,98.864,0
2025.7.1 0:06,R01,M05,31.633,28.423,30.028,3.6846,3.6495,88.01,44.625,36.147,40.386,84.87,99.405,0
2025.7.1 0:06,R01,M06,31.342,28.972,30.157,3.6762,3.648,87.89,45.076,37.912,41.494,83.88,99.375,0
2025.7.1 0:06,R01,M07,32.836,28.892,30.864,3.6802,3.6533,88.0,44.314,36.889,40.602,84.326,98.802,0
2025.7.1 0:06,R01,M08,46.119,32.596,37.886,3.7105,3.356,88.01,47.043,21.339,32.749,62.683,51.914,0
2025.7.1 0:06,R01,M09,32.729,28.813,30.771,3.6854,3.6574,88.11,47.183,38.964,43.073,84.107,99.145,0
2025.7.1 0:06,R01,M10,32.283,29.049,30.666,3.6858,3.6532,88.07,46.801,37.453,42.127,85.088,98.869,0
2025.7.1 0:06,R01,M11,32.278,29.904,31.091,3.6843,3.6545,88.07,45.734,40.017,42.876,85.266,98.962,0
2025.7.1 0:06,R01,M01,30.798,27.756,29.277,3.6746,3.6483,87.87,40.681,34.053,37.367,84.783,98.64,0
2025.7.1 0:06,R01,M02,30.933,27.507,29.22,3.6763,3.6489,87.9,43.229,35.822,39.526,84.777,99.459,0
2025.7.1 0:06,R01,M03,31.338,28.364,29.851,3.6816,3.6447,87.92,44.248,34.836,39.542,83.457,99.06,0
2025.7.1 0:06,R01,M04,31.19,27.885,29.538,3.6755,3.6496,87.9,42.074,36.988,39.531,83.842,98.671,0
2025.7.1 0:06,R01,M05,31.342,28.318,29.83,3.6792,3.6512,87.96,42.653,36.415,39.534,84.263,98.626,0
2025.7.1 0:06,R01,M06,31.36,28.408,29.884,3.6773,3.6496,87.92,44.801,36.374,40.588,84.05,99.497,0
2025.7.1 0:06,R01,M07,32.63,28.504,30.567,3.6773,3.6529,87.96,43.759,37.98,40.87,83.718,99.24,0
2025.7.1 0:06,R01,M08,47.181,31.501,36.484,3.7274,3.3535,87.13,49.692,20.331,32.916,62.896,51.22,0
2025.7.1 0:06,R01,M09,32.534,29.481,31.008,3.689,3.6528,88.1,45.068,38.149,41.608,83.529,99.313,0
2025.7.1 0:06,R01,M10,33.7,29.045,31.373,3.6801,3.6555,88.03,45.189,38.067,41.628,83.823,98.789,0
2025.7.1 0:06,R01,M11,33.726,29.376,31.551,3.6844,3.6557,88.08,46.582,39.635,43.108,84.014,99.359,0
2025.7.1 0:06,R01,M01,30.586,27.969,29.277,3.6784,3.6505,87.95,43.39,33.756,38.573,83.961,99.163,0
2025.7.1 0:06,R01,M02,31.657,27.485,29.571,3.6781,3.6511,87.95,43.433,34.852,39.142,84.089,99.357,0
2025.7.1 0:06,R01,M03,30.87,27.715,29.293,3.6797,3.6476,87.93,43.834,35.151,39.493,84.699,99.365,0
2025.7.1 0:06,R01,M04,31.927,28.606,30.267,3.6749,3.6462,87.85,43.161,36.516,39.838,84.449,98.794,0
2025.7.1 0:06,R01,M05,32.088,28.701,30.395,3.6841,3.6469,87.97,45.132,36.272,40.702,83.157,98.628,0
2025.7.1 0:06,R01,M06,32.237,28.331,30.284,3.6826,3.6529,88.03,44.321,35.276,39.799,83.637,98.944,0
2025.7.1 0:06,R01,M07,32.279,28.676,30.477,3.6833,3.6488,87.99,45.742,35.533,40.638,84.138,98.719,0
2025.7.1 0:06,R01,M08,46.721,32.971,37.656,3.7227,3.3093,87.74,46.362,18.712,35.896,63.313,50.826,0
2025.7.1 0:06,R01,M09,32.541,29.731,31.136,3.6792,3.654,88.0,44.888,38.894,41.891,85.123,98.954,0
2025.7.1 0:06,R01,M10,33.395,29.008,31.202,3.6824,3.6525,88.02,46.166,37.274,41.72,85.004,99.111,0
2025.7.1 0:06,R01,M11,32.903,29.734,31.319,3.6875,3.6533,88.09,46.95,39.126,43.038,85.003,99.405,0
2025.7.1 0:06,R01,M01,30.3,27.711,29.005,3.6746,3.6443,87.83,42.759,34.069,38.414,84.828,98.68,0
2025.7.1 0:06,R01,M02,31.985,27.646,29.816,3.6816,3.6492,87.97,41.614,34.345,37.98,83.848,99.172,0
2025.7.1 0:06,R01,M03,31.835,28.562,30.199,3.6799,3.6492,87.95,42.783,36.312,39.547,84.846,99.3,0
2025.7.1 0:06,R01,M04,30.953,27.822,29.387,3.6766,3.6487,87.9,43.697,34.48,39.088,83.404,98.937,0
2025.7.1 0:06,R01,M05,31.045,28.488,29.767,3.6776,3.6475,87.9,42.778,36.546,39.662,84.474,98.885,0
2025.7.1 0:06,R01,M06,32.131,28.902,30.517,3.6773,3.648,87.9,44.034,37.13,40.582,84.067,98.931,0
2025.7.1 0:06,R01,M07,31.416,28.527,29.971,3.6833,3.654,88.05,45.683,35.854,40.769,83.383,98.605,0
2025.7.1 0:06,R01,M08,45.332,32.882,37.043,3.7154,3.3221,88.03,48.892,19.329,35.094,62.83,53.649,0
2025.7.1 0:06,R01,M09,31.879,28.93,30.404,3.6889,3.6554,88.13,46.637,37.062,41.849,84.784,99.096,0
2025.7.1 0:06,R01,M10,32.212,29.969,31.091,3.6829,3.6566,88.07,46.998,39.434,43.216,83.952,98.626,0
2025.7.1 0:06,R01,M11,34.172,29.582,31.877,3.6824,3.6566,88.07,46.337,39.562,42.95,83.905,99.08,0
2025.7.1 0:06,R01,M01,31.987,27.275,29.631,3.6796,3.646,87.91,43.335,34.08,38.707,84.756,99.225,0
2025.7.1 0:06,R01,M02,31.207,27.409,29.308,3.6749,3.6494,87.89,42.89,34.346,38.618,84.803,99.263,0
2025.7.1 0:06,R01,M03,30.724,27.795,29.26,3.6816,3.6523,88.01,44.383,34.764,39.574,83.902,99.368,0
2025.7.1 0:06,R01,M04,32.482,28.478,30.48,3.6795,3.6477,87.93,44.924,34.752,39.838,83.096,98.886,0
2025.7.1 0:06,R01,M05,31.101,28.461,29.781,3.6777,3.6481,87.91,44.38,36.435,40.407,84.131,98.816,0
2025.7.1 0:06,R01,M06,31.938,28.884,30.411,3.6765,3.6556,87.99,45.07,35.398,40.234,83.329,98.526,0
2025.7.1 0:06,R01,M07,31.522,29.329,30.425,3.6775,3.6527,87.96,45.344,38.327,41.835,83.129,99.489,0
2025.7.1 0:06,R01,M08,45.111,32.746,36.615,3.7124,3.3362,87.97,46.155,19.239,33.211,62.259,52.476,0
2025.7.1 0:06,R01,M09,33.355,29.232,31.293,3.6884,3.6569,88.14,44.714,39.247,41.98,84.344,99.092,0
2025.7.1 0:06,R01,M10,33.764,29.49,31.627,3.6811,3.6555,88.04,46.078,38.335,42.207,85.088,99.281,0
2025.7.1 0:06,R01,M11,32.721,29.758,31.239,3.6842,3.653,88.05,47.06,39.068,43.064,85.512,98.595,0
2025.7.1 0:06,R01,M01,31.267,27.98,29.623,3.6727,3.6498,87.87,42.046,33.357,37.701,84.921,98.601,0
2025.7.1 0:06,R01,M02,31.978,27.424,29.701,3.6756,3.6478,87.88,42.854,35.768,39.311,84.589,99.091,0
2025.7.1 0:06,R01,M03,31.887,27.884,29.886,3.676,3.6506,87.92,42.603,36.176,39.389,83.63,98.651,0
2025.7.1 0:06,R01,M04,32.346,27.833,30.089,3.6836,3.6454,87.95,43.591,36.006,39.799,83.438,98.72,0
2025.7.1 0:06,R01,M05,31.382,28.85,30.116,3.6796,3.6476,87.93,43.662,36.212,39.937,84.138,98.708,0
2025.7.1 0:06,R01,M06,31.311,29.08,30.195,3.685,3.6552,88.08,43.626,37.385,40.505,84.027,98.773,0
2025.7.1 0:06,R01,M07,32.507,28.992,30.749,3.677,3.6548,87.98,44.56,37.95,41.255,83.52,99.052,0
2025.7.1 0:06,R01,M08,47.343,32.935,36.99,3.7248,3.3113,87.69,49.227,18.151,36.76,61.928,52.567,0
2025.7.1 0:06,R01,M09,33.653,29.455,31.554,3.6819,3.6564,88.06,47.317,37.945,42.631,83.977,99.327,0
2025.7.1 0:06,R01,M10,33.396,29.091,31.244,3.6862,3.6511,88.05,45.868,37.54,41.704,83.569,99.295,0
2025.7.1 0:06,R01,M11,33.336,29.488,31.412,3.691,3.6596,88.21,45.916,38.459,42.188,83.879,98.615,0
2025.7.1 0:06,R01,M01,31.834,27.568,29.701,3.6718,3.6421,87.77,42.898,33.207,38.053,84.491,99.257,0
2025.7.1 0:06,R01,M02,30.515,27.628,29.072,3.6777,3.6464,87.89,43.582,35.301,39.442,84.715,98.884,0
2025.7.1 0:06,R01,M03,31.114,27.643,29.379,3.6774,3.6489,87.92,42.945,35.418,39.181,83.938,98.525,0
2025.7.1 0:06,R01,M04,32.357,28.766,30.561,3.6803,3.6481,87.94,42.508,35.773,39.141,84.503,99.435,0
2025.7.1 0:06,R01,M05,32.806,28.72,30.763,3.6786,3.6484,87.92,45.313,35.122,40.218,84.243,98.72,0
2025.7.1 0:06,R01,M06,32.183,28.992,30.587,3.6842,3.6482,87.99,43.642,35.014,39.328,84.038,99.076,0
2025.7.1 0:06,R01,M07,33.055,28.72,30.887,3.6815,3.6505,87.98,44.276,38.281,41.279,83.833,98.584,0
2025.7.1 0:06,R01,M08,46.292,32.946,37.831,3.7258,3.3063,87.18,48.842,20.201,35.62,61.951,53.44,0
2025.7.1 0:06,R01,M09,33.179,29.467,31.323,3.6828,3.6506,88.0,46.107,37.496,41.802,84.369,98.721,0
2025.7.1 0:06,R01,M10,32.668,29.269,30.968,3.6803,3.6502,87.97,45.264,38.083,41.674,85.337,99.301,0
2025.7.1 0:06,R01,M11,33.864,29.263,31.563,3.6877,3.6559,88.12,46.727,39.857,43.292,85.044,98.9,0
2025.7.1 0:06,R01,M01,31.78,27.88,29.83,3.6711,3.6502,87.86,42.404,34.218,38.311,85.207,98.967,0
2025.7.1 0:06,R01,M02,31.091,27.545,29.318,3.6778,3.647,87.9,42.444,35.204,38.824,83.732,98.75,0
2025.7.1 0:06,R01,M03,32.057,28.435,30.246,3.674,3.6495,87.88,42.367,35.511,38.939,83.697,99.16,0
2025.7.1 0:06,R01,M04,31.286,28.748,30.017,3.6826,3.6512,88.01,42.918,35.342,39.13,84.555,99.187,0
2025.7.1 0:06,R01,M05,32.12,28.695,30.407,3.6798,3.6535,88.0,45.044,37.123,41.084,84.269,98.527,0
2025.7.1 0:06,R01,M06,33.173,28.942,31.058,3.676,3.6516,87.93,45.565,35.259,40.412,83.522,98.974,0
2025.7.1 0:06,R01,M07,33.387,28.629,31.008,3.6833,3.6503,88.0,45.113,38.324,41.718,84.081,99.446,0
2025.7.1 0:06,R01,M08,46.771,32.07,37.028,3.7114,3.3178,87.34,47.108,19.099,35.786,63.293,51.147,0
2025.7.1 0:06,R01,M09,32.651,28.807,30.729,3.6889,3.6548,88.12,47.278,39.08,43.179,84.311,98.955,0
2025.7.1 0:06,R01,M10,32.959,29.6,31.28,3.6882,3.6559,88.13,45.784,38.485,42.135,84.927,98.967,0
2025.7.1 0:06,R01,M11,32.701,30.119,31.41,3.6823,3.6584,88.09,46.702,38.661,42.681,84.763,99.149,0
2025.7.1 0:06,R01,M01,30.412,27.439,28.925,3.6748,3.645,87.84,42.78,35.136,38.958,83.598,99.124,0
2025.7.1 0:06,R01,M02,31.774,27.997,29.886,3.6775,3.6448,87.87,41.76,35.448,38.604,84.014,98.512,0
2025.7.1 0:06,R01,M03,31.794,28.447,30.12,3.6764,3.6483,87.9,42.982,36.324,39.653,83.962,98.964,0
2025.7.1 0:06,R01,M04,31.304,27.951,29.627,3.6808,3.6443,87.9,43.972,34.21,39.091,84.107,98.76,0
2025.7.1 0:06,R01,M05,31.231,28.242,29.736,3.6751,3.6489,87.89,42.891,35.098,38.995,84.671,99.352,0
2025.7.1 0:06,R01,M06,31.31,29.001,30.155,3.6784,3.6552,88.0,44.542,36.906,40.724,84.315,98.59,0
2025.7.1 0:06,R01,M07,32.577,29.292,30.934,3.6793,3.6518,87.97,45.46,35.704,40.582,84.666,99.072,0
2025.7.1 0:06,R01,M08,44.748,32.397,38.34,3.7277,3.3306,87.17,49.675,18.218,35.523,61.64,51.504,0
2025.7.1 0:06,R01,M09,32.061,29.023,30.542,3.6822,3.6588,88.09,46.954,38.397,42.675,83.789,99.363,0
2025.7.1 0:06,R01,M10,33.113,29.887,31.5,3.6897,3.6506,88.08,47.408,37.154,42.281,84.001,98.582,0
2025.7.1 0:06,R01,M11,32.656,30.194,31.425,3.6815,3.6512,87.99,45.661,39.019,42.34,83.786,98.893,0
2025.7.1 0:07,R01,M01,32.179,28.185,30.182,3.68,3.6424,87.87,41.718,33.172,37.445,84.452,98.637,0
2025.7.1 0:07,R01,M02,31.989,27.665,29.827,3.6765,3.647,87.88,43.855,34.589,39.222,83.787,98.871,0
2025.7.1 0:07,R01,M03,30.937,27.617,29.277,3.6818,3.652,88.01,41.828,35.412,38.62,84.965,99.139,0
2025.7.1 0:07,R01,M04,32.382,28.224,30.303,3.6751,3.6448,87.84,44.561,36.712,40.636,84.248,99.391,0
2025.7.1 0:07,R01,M05,31.226,28.053,29.639,3.6755,3.6452,87.85,43.363,35.378,39.37,83.495,99.494,0
2025.7.1 0:07,R01,M06,32.617,28.97,30.793,3.6832,3.6507,88.01,44.469,37.75,41.109,83.126,99.129,0
2025.7.1 0:07,R01,M07,31.468,28.679,30.073,3.679,3.6491,87.94,45.954,36.556,41.255,83.249,99.362,0
2025.7.1 0:07,R01,M08,47.437,31.585,38.333,3.7157,3.3366,87.68,47.61,20.762,34.954,62.516,53.624,0
2025.7.1 0:07,R01,M09,33.649,28.945,31.297,3.6886,3.6579,88.16,45.848,38.602,42.225,83.365,99.112,0
2025.7.1 0:07,R01,M10,32.852,29.736,31.294,3.6885,3.6517,88.08,47.015,37.265,42.14,84.707,99.172,0
2025.7.1 0:07,R01,M11,32.266,29.615,30.941,3.6898,3.6531,88.11,45.792,37.748,41.77,84.369,99.058,0
2025.7.1 0:07,R01,M01,31.341,27.813,29.577,3.6779,3.6477,87.91,42.454,34.011,38.233,85.189,99.468,0
2025.7.1 0:07,R01,M02,31.357,28.209,29.783,3.6772,3.6508,87.94,41.597,34.61,38.103,84.696,98.822,0
2025.7.1 0:07,R01,M03,31.697,28.546,30.121,3.6824,3.6487,87.97,41.786,36.088,38.937,84.668,99.187,0
2025.7.1 0:07,R01,M04,32.058,28.76,30.409,3.6814,3.6534,88.02,44.672,34.882,39.777,84.001,99.411,0
2025.7.1 0:07,R01,M05,32.46,28.269,30.364,3.6836,3.647,87.97,44.217,35.6,39.909,83.849,98.659,0
2025.7.1 0:07,R01,M06,32.833,28.276,30.554,3.679,3.6502,87.95,43.339,36.901,40.12,83.862,98.848,0
2025.7.1 0:07,R01,M07,32.394,29.298,30.846,3.684,3.6566,88.09,46.103,35.638,40.87,84.846,98.562,0
2025.7.1 0:07,R01,M08,45.573,32.412,37.153,3.7145,3.346,87.4,48.713,20.426,36.778,61.17,50.756,0
2025.7.1 0:07,R01,M09,33.292,29.192,31.242,3.6839,3.6533,88.05,46.046,36.657,41.352,83.332,99.282,0
2025.7.1 0:07,R01,M10,33.448,29.171,31.309,3.6842,3.6517,88.03,46.274,37.687,41.98,84.433,98.799,0
2025.7.1 0:07,R01,M11,33.637,29.247,31.442,3.6829,3.6584,88.1,45.647,38.83,42.239,84.272,98.974,0
2025.7.1 0:07,R01,M01,30.572,28.081,29.326,3.6744,3.649,87.88,41.211,34.925,38.068,84.379,99.356,0
2025.7.1 0:07,R01,M02,31.081,28.256,29.669,3.6736,3.6433,87.8,43.129,33.816,38.472,83.436,99.21,0
2025.7.1 0:07,R01,M03,31.966,27.872,29.919,3.6789,3.6472,87.91,43.149,34.153,38.651,84.285,99.457,0
2025.7.1 0:07,R01,M04,32.077,28.213,30.145,3.6836,3.6465,87.96,43.298,34.539,38.919,84.967,98.992,0
2025.7.1 0:07,R01,M05,31.568,28.233,29.901,3.681,3.6461,87.93,42.747,36.802,39.775,83.303,98.811,0
2025.7.1 0:07,R01,M06,32.849,29.055,30.952,3.6777,3.6505,87.94,45.162,35.234,40.198,84.837,99.397,0
2025.7.1 0:07,R01,M07,33.14,28.735,30.938,3.6788,3.6533,87.99,45.328,35.749,40.538,84.995,98.877,0
2025.7.1 0:07,R01,M08,45.928,31.301,37.353,3.7183,3.3402,88.09,48.352,20.531,34.084,62.164,54.092,0
2025.7.1 0:07,R01,M09,31.814,29.205,30.509,3.6838,3.6563,88.08,46.728,38.339,42.534,83.931,98.967,0
2025.7.1 0:07,R01,M10,33.189,29.292,31.241,3.6894,3.655,88.13,46.794,39.989,43.391,85.114,98.825,0
2025.7.1 0:07,R01,M11,32.617,29.541,31.079,3.6881,3.6538,88.1,46.135,39.349,42.742,84.983,98.829,0
2025.7.1 0:07,R01,M01,30.935,27.802,29.368,3.6803,3.6455,87.91,40.537,34.522,37.529,84.861,99.243,0
2025.7.1 0:07,R01,M02,31.033,28.037,29.535,3.6777,3.6509,87.94,41.617,33.552,37.584,84.148,98.928,0
2025.7.1 0:07,R01,M03,32.128,28.168,30.148,3.679,3.6529,87.98,42.07,35.726,38.898,84.836,99.436,0
2025.7.1 0:07,R01,M04,31.639,28.389,30.014,3.6783,3.6483,87.92,42.33,35.879,39.105,84.448,99.011,0
2025.7.1 0:07,R01,M05,32.294,28.327,30.31,3.6825,3.6549,88.05,43.989,34.73,39.359,83.247,99.036,0
2025.7.1 0:07,R01,M06,31.242,28.648,29.945,3.6828,3.6547,88.05,43.657,36.366,40.011,84.149,99.445,0
2025.7.1 0:07,R01,M07,32.55,29.179,30.864,3.6796,3.6492,87.95,45.457,36.082,40.77,83.502,98.5,0
2025.7.1 0:07,R01,M08,47.346,32.346,38.264,3.7293,3.329,87.43,46.845,19.644,33.861,62.229,51.61,0
2025.7.1 0:07,R01,M09,32.919,29.506,31.212,3.6813,3.6547,88.03,47.096,38.597,42.846,84.791,98.512,0
2025.7.1 0:07,R01,M10,33.768,29.5,31.634,3.6893,3.6563,88.15,46.069,39.446,42.758,83.774,98.873,0
2025.7.1 0:07,R01,M11,33.287,29.964,31.625,3.6859,3.6561,88.1,46.318,39.16,42.739,84.222,98.693,0
2025.7.1 0:07,R01,M01,30.629,27.364,28.997,3.6792,3.6443,87.88,43.221,33.988,38.605,85.097,99.196,0
2025.7.1 0:07,R01,M02,30.518,27.889,29.203,3.6759,3.6454,87.86,41.826,35.436,38.631,83.208,98.768,0
2025.7.1 0:07,R01,M03,31.639,28.558,30.099,3.6736,3.6453,87.83,42.391,36.217,39.304,83.279,99.055,0
2025.7.1 0:07,R01,M04,32.712,27.96,30.336,3.6801,3.6445,87.9,42.026,34.84,38.433,84.937,99.184,0
2025.7.1 0:07,R01,M05,32.252,28.575,30.413,3.6845,3.6466,87.97,45.062,35.3,40.181,84.78,98.827,0
2025.7.1 0:07,R01,M06,31.818,28.353,30.086,3.683,3.6543,88.05,43.705,37.658,40.681,84.385,98.509,0
2025.7.1 0:07,R01,M07,31.479,28.735,30.107,3.6812,3.6497,87.97,46.335,37.768,42.052,84.302,98.71,0
2025.7.1 0:07,R01,M08,45.885,31.377,37.102,3.7258,3.3074,87.39,49.665,17.906,35.074,61.954,54.147,0
2025.7.1 0:07,R01,M09,32.016,29.285,30.651,3.688,3.6581,88.15,46.563,37.972,42.267,85.1,99.011,0
2025.7.1 0:07,R01,M10,33.774,29.578,31.676,3.6817,3.6599,88.1,45.442,37.896,41.669,84.333,98.957,0
2025.7.1 0:07,R01,M11,32.815,29.587,31.201,3.6858,3.6581,88.13,47.027,38.893,42.96,84.003,98.629,0
2025.7.1 0:07,R01,M01,31.167,27.224,29.196,3.6715,3.6411,87.75,42.97,33.527,38.248,83.64,98.603,0
2025.7.1 0:07,R01,M02,30.863,28.102,29.483,3.6798,3.6493,87.95,41.415,33.341,37.378,84.866,99.371,0
2025.7.1 0:07,R01,M03,32.217,27.822,30.02,3.6794,3.6526,87.98,42.762,34.274,38.518,83.687,99.319,0
2025.7.1 0:07,R01,M04,31.09,28.115,29.602,3.6771,3.6529,87.96,43.107,36.63,39.868,83.152,98.884,0
2025.7.1 0:07,R01,M05,32.694,28.415,30.555,3.6801,3.6493,87.95,43.356,36.714,40.035,84.455,98.862,0
2025.7.1 0:07,R01,M06,33.093,28.958,31.026,3.6834,3.6476,87.97,43.08,37.115,40.097,83.047,98.935,0
2025.7.1 0:07,R01,M07,33.356,29.388,31.372,3.6819,3.65,87.98,44.379,37.019,40.699,83.465,99.008,0
2025.7.1 0:07,R01,M08,47.252,32.224,38.776,3.7216,3.3407,87.75,49.967,19.273,37.362,62.311,52.489,0
2025.7.1 0:07,R01,M09,32.796,29.247,31.021,3.6828,3.6493,87.99,45.52,38.799,42.16,83.505,99.281,0
2025.7.1 0:07,R01,M10,32.09,29.207,30.649,3.6841,3.6521,88.03,47.252,39.53,43.391,83.785,98.571,0
2025.7.1 0:07,R01,M11,33.499,29.859,31.679,3.6849,3.6574,88.11,48.427,38.632,43.529,83.874,98.953,0
2025.7.1 0:07,R01,M01,31.812,28.051,29.931,3.6758,3.6499,87.91,40.926,33.089,37.008,83.447,98.732,0
2025.7.1 0:07,R01,M02,30.934,27.601,29.267,3.6753,3.6477,87.88,41.96,35.011,38.486,84.933,99.039,0
2025.7.1 0:07,R01,M03,31.122,28.237,29.679,3.675,3.6466,87.86,42.568,33.72,38.144,84.456,98.924,0
2025.7.1 0:07,R01,M04,32.14,27.813,29.977,3.6801,3.6474,87.93,44.027,35.163,39.595,83.775,98.846,0
2025.7.1 0:07,R01,M05,31.344,28.492,29.918,3.6801,3.6499,87.96,45.466,37.3,41.383,84.865,99.44,0
2025.7.1 0:07,R01,M06,31.969,28.334,30.151,3.6772,3.6465,87.88,44.762,36.3,40.531,84.04,99.276,0
2025.7.1 0:07,R01,M07,32.373,28.998,30.685,3.6837,3.654,88.05,44.98,37.125,41.052,84.153,99.316,0
2025.7.1 0:07,R01,M08,45.294,32.865,37.237,3.7167,3.3295,87.73,48.845,19.121,36.882,61.828,53.131,0
2025.7.1 0:07,R01,M09,31.91,29.719,30.815,3.6885,3.6545,88.12,46.75,36.922,41.836,84.0,98.94,0
2025.7.1 0:07,R01,M10,33.976,29.801,31.889,3.6821,3.6514,88.0,45.089,38.658,41.873,84.178,98.745,0
2025.7.1 0:07,R01,M11,33.257,29.695,31.476,3.6909,3.6578,88.18,45.563,39.131,42.347,83.976,99.271,0
2025.7.1 0:07,R01,M01,31.681,27.849,29.765,3.6792,3.6441,87.88,43.261,33.178,38.219,84.257,98.617,0
2025.7.1 0:07,R01,M02,31.015,27.68,29.348,3.6804,3.6436,87.89,43.186,33.975,38.581,84.855,99.003,0
2025.7.1 0:07,R01,M03,31.906,28.568,30.237,3.6757,3.6484,87.89,41.787,36.022,38.904,84.368,99.49,0
2025.7.1 0:07,R01,M04,31.399,27.873,29.636,3.6761,3.6531,87.95,43.168,34.589,38.879,84.89,98.561,0
2025.7.1 0:07,R01,M05,32.247,28.893,30.57,3.6778,3.6484,87.91,43.772,35.858,39.815,83.512,98.762,0
2025.7.1 0:07,R01,M06,31.694,28.619,30.157,3.6773,3.6523,87.96,45.784,35.287,40.535,83.333,99.235,0
2025.7.1 0:07,R01,M07,32.473,28.457,30.465,3.6853,3.6517,88.04,45.152,37.037,41.094,84.422,98.582,0
2025.7.1 0:07,R01,M08,45.376,32.285,37.213,3.7158,3.3464,87.26,49.536,19.041,33.848,62.782,52.861,0
2025.7.1 0:07,R01,M09,33.306,28.999,31.152,3.6845,3.6577,88.11,44.637,38.426,41.532,85.004,99.353,0
2025.7.1 0:07,R01,M10,32.204,29.276,30.74,3.6856,3.6565,88.11,45.663,39.623,42.643,84.321,99.382,0
2025.7.1 0:07,R01,M11,33.911,29.71,31.811,3.69,3.6549,88.14,46.08,39.165,42.623,84.798,99.462,0
2025.7.1 0:07,R01,M01,30.579,28.072,29.325,3.6748,3.6451,87.84,40.501,34.029,37.265,83.426,98.847,0
2025.7.1 0:07,R01,M02,31.386,27.543,29.465,3.6806,3.6441,87.9,43.501,33.946,38.724,83.862,98.539,0
2025.7.1 0:07,R01,M03,31.282,27.983,29.633,3.6745,3.6464,87.85,43.385,36.287,39.836,83.282,98.617,0
2025.7.1 0:07,R01,M04,31.075,28.262,29.669,3.6755,3.6444,87.84,43.19,35.078,39.134,84.215,98.752,0
2025.7.1 0:07,R01,M05,32.343,28.445,30.394,3.6834,3.6495,87.99,43.287,34.676,38.981,84.353,99.087,0
2025.7.1 0:07,R01,M06,31.586,28.893,30.239,3.6802,3.6463,87.92,43.619,35.993,39.806,83.598,98.723,0
2025.7.1 0:07,R01,M07,32.347,29.229,30.788,3.6861,3.6497,88.03,44.114,38.252,41.183,84.075,98.831,0
2025.7.1 0:07,R01,M08,46.144,31.079,38.052,3.7237,3.309,88.09,46.776,18.698,34.679,61.541,53.055,0
2025.7.1 0:07,R01,M09,32.987,29.638,31.312,3.6861,3.6542,88.08,46.12,37.948,42.034,84.203,98.665,0
2025.7.1 0:07,R01,M10,33.012,29.924,31.468,3.6879,3.6562,88.13,46.312,38.515,42.413,85.02,98.678,0
2025.7.1 0:07,R01,M11,32.43,29.633,31.032,3.6893,3.6572,88.16,46.682,40.115,43.398,84.481,98.952,0
2025.7.1 0:07,R01,M01,32.19,27.871,30.03,3.6777,3.6468,87.89,41.154,32.583,36.868,84.759,98.592,0
2025.7.1 0:07,R01,M02,30.528,28.172,29.35,3.6818,3.6427,87.89,42.493,33.892,38.193,83.159,99.119,0
2025.7.1 0:07,R01,M03,30.728,28.447,29.587,3.6754,3.6449,87.84,42.301,34.986,38.644,83.379,99.417,0
2025.7.1 0:07,R01,M04,31.467,28.483,29.975,3.6751,3.6452,87.84,42.817,36.344,39.581,83.415,99.361,0
2025.7.1 0:07,R01,M05,31.424,28.193,29.809,3.6814,3.6457,87.93,45.176,34.659,39.918,84.018,98.644,0
2025.7.1 0:07,R01,M06,31.426,28.695,30.06,3.677,3.6486,87.91,45.897,35.669,40.783,83.165,99.15,0
2025.7.1 0:07,R01,M07,32.881,28.846,30.864,3.6815,3.6529,88.01,46.328,37.241,41.785,84.563,99.307,0
2025.7.1 0:07,R01,M08,45.497,32.099,38.413,3.7134,3.3178,87.68,48.886,18.454,37.674,61.553,51.239,0
2025.7.1 0:07,R01,M09,32.121,29.053,30.587,3.6812,3.652,88.0,47.466,39.226,43.346,83.724,99.212,0
2025.7.1 0:07,R01,M10,33.635,29.572,31.603,3.6815,3.6563,88.05,46.627,38.868,42.748,85.442,98.607,0
2025.7.1 0:07,R01,M11,33.838,29.76,31.799,3.6847,3.6559,88.09,48.322,39.959,44.141,84.357,99.416,0
2025.7.1 0:07,R01,M01,31.461,27.581,29.521,3.6724,3.6492,87.86,42.277,34.473,38.375,85.134,98.601,0
2025.7.1 0:07,R01,M02,31.998,28.315,30.157,3.6758,3.6437,87.83,41.606,34.305,37.956,84.34,98.864,0
2025.7.1 0:07,R01,M03,31.672,28.032,29.852,3.6753,3.6475,87.87,41.611,35.709,38.66,84.751,98.702,0
2025.7.1 0:07,R01,M04,31.403,28.77,30.087,3.6754,3.6446,87.84,42.688,36.357,39.523,84.676,98.788,0
2025.7.1 0:07,R01,M05,32.245,28.608,30.426,3.6763,3.6526,87.95,44.661,37.419,41.04,84.056,98.877,0
2025.7.1 0:07,R01,M06,32.956,28.52,30.738,3.6777,3.6528,87.97,45.223,36.171,40.697,84.535,99.151,0
2025.7.1 0:07,R01,M07,32.401,28.501,30.451,3.6785,3.6537,87.99,43.752,38.47,41.111,83.906,99.057,0
2025.7.1 0:07,R01,M08,44.94,32.014,37.425,3.712,3.3279,87.81,46.547,18.826,35.563,62.222,51.478,0
2025.7.1 0:07,R01,M09,33.108,29.093,31.1,3.6823,3.6589,88.09,45.611,38.756,42.183,83.615,99.011,0
2025.7.1 0:07,R01,M10,32.417,29.385,30.901,3.6844,3.6535,88.05,47.632,39.495,43.563,85.226,99.48,0
2025.7.1 0:07,R01,M11,33.233,29.896,31.564,3.6863,3.6573,88.12,47.536,39.329,43.433,84.334,98.825,0
2025.7.1 0:07,R01,M01,31.623,27.438,29.53,3.6783,3.6444,87.87,40.998,33.318,37.158,83.606,98.926,0
2025.7.1 0:07,R01,M02,31.035,28.0,29.517,3.6804,3.651,87.98,42.938,33.33,38.134,83.18,99.146,0
2025.7.1 0:07,R01,M03,31.844,28.327,30.086,3.6757,3.6517,87.93,42.743,35.794,39.269,84.083,98.658,0
2025.7.1 0:07,R01,M04,31.368,28.415,29.892,3.6741,3.6487,87.87,43.264,34.21,38.737,83.332,98.522,0
2025.7.1 0:07,R01,M05,32.432,28.267,30.349,3.6782,3.6547,87.99,45.444,36.007,40.725,84.35,99.157,0
2025.7.1 0:07,R01,M06,31.704,29.066,30.385,3.6807,3.6467,87.93,45.965,35.912,40.939,85.035,99.388,0
2025.7.1 0:07,R01,M07,32.531,28.746,30.639,3.6804,3.6511,87.98,44.639,36.745,40.692,83.42,98.584,0
2025.7.1 0:07,R01,M08,46.105,31.284,37.538,3.7123,3.3164,87.79,46.152,18.38,36.194,61.155,52.055,0
2025.7.1 0:07,R01,M09,32.678,29.267,30.972,3.6877,3.6524,88.08,46.278,36.516,41.397,84.067,98.501,0
2025.7.1 0:07,R01,M10,32.792,29.476,31.134,3.6899,3.6518,88.1,46.803,38.482,42.642,84.631,98.722,0
2025.7.1 0:07,R01,M11,32.94,29.526,31.233,3.6831,3.6585,88.1,46.36,38.185,42.273,84.2,98.56,0
2025.7.1 0:07,R01,M01,31.205,27.302,29.253,3.6742,3.6433,87.81,42.532,35.468,39.0,84.55,98.664,0
2025.7.1 0:07,R01,M02,31.858,27.994,29.926,3.6789,3.645,87.89,42.078,33.877,37.978,84.038,99.272,0
2025.7.1 0:07,R01,M03,32.288,28.459,30.373,3.6823,3.6505,87.99,42.928,36.164,39.546,84.743,98.712,0
2025.7.1 0:07,R01,M04,31.393,28.386,29.889,3.6786,3.6455,87.89,44.684,36.652,40.668,83.78,99.469,0
2025.7.1 0:07,R01,M05,32.067,28.963,30.515,3.6792,3.6534,87.99,42.995,35.866,39.43,84.485,99.138,0
2025.7.1 0:07,R01,M06,33.172,28.734,30.953,3.6854,3.6548,88.08,44.59,36.04,40.315,84.59,98.671,0
2025.7.1 0:07,R01,M07,33.244,28.683,30.963,3.6824,3.6493,87.98,46.14,36.606,41.373,84.765,99.485,0
2025.7.1 0:07,R01,M08,44.015,32.51,39.064,3.7203,3.3438,87.54,46.624,17.849,34.998,61.561,54.052,0
2025.7.1 0:07,R01,M09,32.312,29.643,30.977,3.6883,3.6497,88.06,46.45,39.443,42.947,84.143,99.136,0
2025.7.1 0:07,R01,M10,32.552,29.762,31.157,3.6862,3.6518,88.06,46.432,38.152,42.292,83.934,98.912,0
2025.7.1 0:07,R01,M11,32.275,29.983,31.129,3.6814,3.6573,88.06,46.211,39.428,42.819,85.481,98.928,0
2025.7.1 0:07,R01,M01,31.286,27.835,29.561,3.6719,3.6452,87.81,43.198,33.353,38.276,83.797,98.514,0
2025.7.1 0:07,R01,M02,31.562,28.325,29.944,3.6774,3.6515,87.95,43.639,33.859,38.749,84.084,99.046,0
2025.7.1 0:07,R01,M03,31.471,28.058,29.764,3.6807,3.6467,87.93,41.683,35.672,38.677,83.389,98.521,0
2025.7.1 0:07,R01,M04,31.242,28.184,29.713,3.6764,3.645,87.86,42.326,36.702,39.514,84.702,98.869,0
2025.7.1 0:07,R01,M05,31.139,28.499,29.819,3.6838,3.6509,88.02,43.217,37.153,40.185,83.507,99.216,0
2025.7.1 0:07,R01,M06,31.829,28.523,30.176,3.6831,3.6474,87.97,44.869,35.085,39.977,84.095,98.507,0
2025.7.1 0:07,R01,M07,32.857,28.677,30.767,3.6819,3.6559,88.05,46.197,36.632,41.415,84.991,99.342,0
2025.7.1 0:07,R01,M08,46.079,32.794,37.373,3.7127,3.2853,87.73,47.473,17.815,35.602,61.116,51.808,0
2025.7.1 0:07,R01,M09,32.869,29.28,31.075,3.6868,3.6492,88.03,46.487,39.428,42.957,83.708,99.111,0
2025.7.1 0:07,R01,M10,33.996,29.616,31.806,3.6848,3.6539,88.06,47.744,39.784,43.764,85.288,98.731,0
2025.7.1 0:07,R01,M11,33.279,29.815,31.547,3.6825,3.655,88.05,46.54,39.832,43.186,84.004,99.425,0
2025.7.1 0:07,R01,M01,32.076,28.137,30.107,3.6721,3.6501,87.87,43.451,33.154,38.303,84.858,99.393,0
2025.7.1 0:07,R01,M02,31.459,27.736,29.598,3.6813,3.6513,87.99,43.208,33.341,38.275,83.533,99.006,0
2025.7.1 0:07,R01,M03,31.156,28.563,29.859,3.6805,3.6442,87.9,41.798,33.534,37.666,83.319,99.126,0
2025.7.1 0:07,R01,M04,32.727,28.607,30.667,3.6794,3.6528,87.99,42.473,35.0,38.736,84.941,98.733,0
2025.7.1 0:07,R01,M05,32.724,28.685,30.704,3.6769,3.6536,87.97,45.302,35.982,40.642,84.962,99.336,0
2025.7.1 0:07,R01,M06,32.224,28.234,30.229,3.6761,3.6486,87.9,45.887,35.062,40.474,83.594,99.453,0
2025.7.1 0:07,R01,M07,33.294,29.15,31.222,3.6828,3.6531,88.03,43.947,37.365,40.656,84.285,99.45,0
2025.7.1 0:07,R01,M08,46.054,31.739,37.833,3.7162,3.3287,87.97,49.07,19.697,36.938,61.26,53.512,0
2025.7.1 0:07,R01,M09,33.749,29.403,31.576,3.6873,3.6576,88.14,47.005,39.429,43.217,84.42,98.875,0
2025.7.1 0:07,R01,M10,32.127,29.031,30.579,3.6864,3.6583,88.14,47.149,38.319,42.734,84.8,98.716,0
2025.7.1 0:07,R01,M11,32.867,29.509,31.188,3.6887,3.6542,88.11,47.344,39.906,43.625,84.85,99.051,0
2025.7.1 0:07,R01,M01,31.412,27.795,29.604,3.6783,3.6463,87.9,41.072,34.343,37.708,84.829,98.779,0
2025.7.1 0:07,R01,M02,30.921,28.16,29.541,3.6787,3.6472,87.91,42.414,35.899,39.157,84.933,99.214,0
2025.7.1 0:07,R01,M03,30.819,28.182,29.5,3.679,3.6491,87.94,43.8,33.621,38.71,84.948,98.724,0
2025.7.1 0:07,R01,M04,31.35,28.472,29.911,3.6787,3.6486,87.93,42.233,34.533,38.383,84.24,99.135,0
2025.7.1 0:07,R01,M05,32.865,28.786,30.826,3.6768,3.6545,87.98,42.665,35.052,38.858,84.386,98.906,0
2025.7.1 0:07,R01,M06,32.566,28.361,30.464,3.6777,3.6559,88.0,43.065,35.107,39.086,83.256,99.15,0
2025.7.1 0:07,R01,M07,33.114,28.478,30.796,3.6837,3.6515,88.02,46.469,37.3,41.885,84.417,99.186,0
2025.7.1 0:07,R01,M08,45.324,32.013,38.847,3.7249,3.3207,87.58,48.822,17.539,38.215,61.534,52.873,0
2025.7.1 0:07,R01,M09,33.472,29.693,31.583,3.6824,3.6587,88.09,47.058,37.863,42.46,84.704,99.455,0
2025.7.1 0:07,R01,M10,32.552,29.911,31.232,3.6818,3.6559,88.05,47.094,37.857,42.475,84.477,99.351,0
2025.7.1 0:07,R01,M11,32.208,30.128,31.168,3.6817,3.6584,88.08,47.351,39.437,43.394,85.163,99.358,0
2025.7.1 0:07,R01,M01,32.168,27.473,29.82,3.6788,3.6492,87.94,42.752,33.745,38.248,84.538,99.139,0
2025.7.1 0:07,R01,M02,30.739,27.821,29.28,3.6815,3.6446,87.91,43.813,35.414,39.614,84.9,98.607,0
2025.7.1 0:07,R01,M03,31.855,28.349,30.102,3.6779,3.6506,87.94,41.611,35.261,38.436,83.676,99.014,0
2025.7.1 0:07,R01,M04,32.454,28.69,30.572,3.6763,3.6444,87.85,42.148,35.542,38.845,84.779,98.781,0
2025.7.1 0:07,R01,M05,32.8,28.594,30.697,3.6787,3.6537,87.99,45.283,35.648,40.466,83.268,99.138,0
2025.7.1 0:07,R01,M06,31.83,29.089,30.459,3.6781,3.6465,87.9,45.081,35.282,40.181,84.467,98.994,0
2025.7.1 0:07,R01,M07,32.884,29.198,31.041,3.6835,3.6534,88.04,44.007,37.331,40.669,83.926,99.104,0
2025.7.1 0:07,R01,M08,46.096,31.584,38.835,3.7239,3.319,87.97,46.38,18.53,37.987,60.5,52.785,0
2025.7.1 0:07,R01,M09,33.326,29.121,31.224,3.6833,3.6512,88.01,47.348,37.841,42.594,85.275,99.499,0
2025.7.1 0:07,R01,M10,32.67,29.665,31.168,3.685,3.6539,88.07,47.43,38.821,43.126,85.119,98.763,0
2025.7.1 0:07,R01,M11,33.067,29.445,31.256,3.6827,3.6519,88.02,45.699,39.848,42.773,84.196,99.39,0
2025.7.1 0:07,R01,M01,31.735,27.615,29.675,3.6808,3.65,87.97,40.514,34.532,37.523,83.311,98.984,0
2025.7.1 0:07,R01,M02,30.602,27.928,29.265,3.6789,3.6456,87.89,41.1,35.994,38.547,83.202,98.575,0
2025.7.1 0:07,R01,M03,31.832,28.427,30.13,3.6773,3.649,87.92,41.844,33.748,37.796,83.172,98.943,0
2025.7.1 0:07,R01,M04,30.986,28.638,29.812,3.6815,3.6534,88.02,43.095,36.823,39.959,83.757,99.035,0
2025.7.1 0:07,R01,M05,32.561,28.224,30.392,3.6769,3.6508,87.93,43.697,35.238,39.468,84.208,98.575,0
2025.7.1 0:07,R01,M06,31.503,29.085,30.294,3.6851,3.6554,88.09,45.9,35.172,40.536,83.762,98.679,0
2025.7.1 0:07,R01,M07,33.205,28.963,31.084,3.6803,3.6498,87.96,45.26,37.69,41.475,83.855,99.451,0
2025.7.1 0:07,R01,M08,43.475,32.678,39.023,3.7144,3.2932,87.17,48.717,18.381,35.77,61.738,53.624,0
2025.7.1 0:07,R01,M09,33.779,28.888,31.334,3.6833,3.6569,88.08,45.429,37.934,41.681,85.045,99.485,0
2025.7.1 0:07,R01,M10,33.34,29.935,31.638,3.6856,3.6508,88.04,47.212,39.3,43.256,84.924,98.619,0
2025.7.1 0:07,R01,M11,33.178,30.195,31.686,3.689,3.6542,88.12,45.659,37.911,41.785,84.441,98.852,0
2025.7.1 0:07,R01,M01,30.31,27.396,28.853,3.6716,3.6435,87.78,41.952,33.821,37.886,83.421,99.371,0
2025.7.1 0:07,R01,M02,31.114,27.958,29.536,3.6808,3.6467,87.93,41.7,34.294,37.997,85.005,99.039,0
2025.7.1 0:07,R01,M03,30.786,28.009,29.398,3.6744,3.6441,87.82,41.649,33.801,37.725,83.09,99.181,0
2025.7.1 0:07,R01,M04,31.412,28.691,30.051,3.6783,3.6459,87.89,42.168,35.102,38.635,83.563,99.109,0
2025.7.1 0:07,R01,M05,32.77,28.989,30.88,3.6843,3.6526,88.04,42.968,35.52,39.244,84.504,99.014,0
2025.7.1 0:07,R01,M06,33.033,28.21,30.622,3.6824,3.6496,87.98,44.18,35.942,40.061,84.536,99.352,0
2025.7.1 0:07,R01,M07,33.08,29.145,31.112,3.6813,3.6485,87.96,45.964,36.91,41.437,84.416,99.098,0
2025.7.1 0:07,R01,M08,45.803,32.117,39.0,3.7131,3.2863,87.9,47.877,20.313,36.764,61.403,52.065,0
2025.7.1 0:07,R01,M09,33.507,29.667,31.587,3.6802,3.6545,88.02,45.126,37.353,41.239,85.141,98.878,0
2025.7.1 0:07,R01,M10,32.494,29.423,30.959,3.6825,3.6501,87.99,46.174,38.862,42.518,85.491,99.139,0
2025.7.1 0:07,R01,M11,34.143,29.379,31.761,3.6886,3.6538,88.11,48.139,37.508,42.824,85.91,99.298,0
2025.7.1 0:07,R01,M01,31.98,27.416,29.698,3.68,3.6425,87.87,42.709,34.656,38.683,84.186,99.435,0
2025.7.1 0:07,R01,M02,31.589,28.14,29.864,3.6791,3.6498,87.95,42.139,33.746,37.943,83.771,99.26,0
2025.7.1 0:07,R01,M03,31.739,28.068,29.904,3.6828,3.6504,88.0,42.559,34.521,38.54,84.661,98.956,0
2025.7.1 0:07,R01,M04,30.852,28.539,29.696,3.6832,3.644,87.93,42.547,34.251,38.399,84.792,99.348,0
2025.7.1 0:07,R01,M05,32.933,28.431,30.682,3.6811,3.6528,88.01,43.97,37.269,40.62,83.974,99.204,0
2025.7.1 0:07,R01,M06,32.428,28.812,30.62,3.6845,3.6517,88.03,43.443,36.259,39.851,85.002,98.611,0
2025.7.1 0:07,R01,M07,31.584,28.57,30.077,3.6829,3.6479,87.97,44.426,35.617,40.022,83.973,99.048,0
2025.7.1 0:07,R01,M08,43.558,31.379,37.95,3.7101,3.2866,87.14,48.843,17.221,36.137,60.104,52.168,0
2025.7.1 0:07,R01,M09,33.323,29.769,31.546,3.6874,3.6497,88.05,47.362,37.902,42.632,85.481,99.432,0
2025.7.1 0:07,R01,M10,32.123,29.774,30.948,3.6809,3.659,88.08,45.973,39.427,42.7,85.065,99.468,0
2025.7.1 0:07,R01,M11,32.704,29.213,30.959,3.6896,3.6511,88.09,47.138,39.914,43.526,85.428,98.827,0
2025.7.1 0:07,R01,M01,31.27,27.447,29.358,3.6738,3.6448,87.82,42.232,34.241,38.236,83.277,98.788,0
2025.7.1 0:07,R01,M02,31.351,27.71,29.53,3.6772,3.6424,87.84,41.686,35.792,38.739,83.836,99.494,0
2025.7.1 0:07,R01,M03,32.166,28.317,30.241,3.6768,3.645,87.86,42.082,34.329,38.206,83.198,99.243,0
2025.7.1 0:07,R01,M04,31.278,28.759,30.018,3.6767,3.6529,87.96,43.059,36.455,39.757,83.835,99.179,0
2025.7.1 0:07,R01,M05,32.752,28.221,30.486,3.682,3.6499,87.98,44.111,34.816,39.463,84.305,98.563,0
2025.7.1 0:07,R01,M06,32.688,29.187,30.938,3.6834,3.65,88.0,45.102,35.501,40.301,84.91,99.478,0
2025.7.1 0:07,R01,M07,32.907,29.236,31.072,3.6835,3.6513,88.02,43.607,36.673,40.14,83.825,99.278,0
2025.7.1 0:07,R01,M08,45.751,32.711,37.601,3.7122,3.3043,87.48,46.028,19.589,35.421,60.631,50.838,0
2025.7.1 0:07,R01,M09,33.073,29.236,31.154,3.6793,3.6505,87.96,47.091,38.261,42.676,85.205,99.066,0
2025.7.1 0:07,R01,M10,32.768,29.125,30.947,3.6881,3.6528,88.09,47.344,39.401,43.373,85.302,99.211,0
2025.7.1 0:07,R01,M11,33.62,29.741,31.68,3.6862,3.6584,88.14,47.123,40.191,43.657,84.942,98.611,0
2025.7.1 0:07,R01,M01,31.386,27.384,29.385,3.6725,3.6478,87.84,40.618,34.175,37.397,84.788,99.121,0
2025.7.1 0:07,R01,M02,30.578,28.203,29.39,3.678,3.6505,87.94,43.218,33.909,38.564,84.462,98.806,0
2025.7.1 0:07,R01,M03,31.704,28.177,29.941,3.6733,3.6489,87.87,44.134,34.808,39.471,83.284,99.202,0
2025.7.1 0:07,R01,M04,32.498,28.405,30.451,3.68,3.6444,87.89,43.913,36.005,39.959,83.186,98.958,0
2025.7.1 0:07,R01,M05,31.009,28.223,29.616,3.6829,3.6549,88.05,45.386,35.669,40.528,83.784,98.904,0
2025.7.1 0:07,R01,M06,31.416,28.227,29.822,3.6792,3.6467,87.91,43.774,37.886,40.83,85.146,98.669,0
2025.7.1 0:07,R01,M07,32.733,28.81,30.771,3.6861,3.6478,88.01,44.921,36.952,40.936,84.746,99.148,0
2025.7.1 0:07,R01,M08,45.489,32.021,38.745,3.7137,3.2887,87.47,47.294,21.227,35.492,59.769,53.402,0
2025.7.1 0:07,R01,M09,32.698,29.762,31.23,3.6841,3.6569,88.09,47.345,38.817,43.081,84.634,98.769,0
2025.7.1 0:07,R01,M10,33.626,29.91,31.768,3.6833,3.6524,88.03,46.436,38.446,42.441,85.238,98.855,0
2025.7.1 0:07,R01,M11,32.261,29.723,30.992,3.6833,3.6572,88.09,48.414,39.735,44.075,85.239,99.258,0
2025.7.1 0:07,R01,M01,31.122,27.55,29.336,3.6807,3.6435,87.89,40.621,32.988,36.805,83.738,98.681,0
2025.7.1 0:07,R01,M02,31.479,27.977,29.728,3.6742,3.6431,87.81,42.461,33.309,37.885,84.196,99.056,0
2025.7.1 0:07,R01,M03,30.839,27.643,29.241,3.6753,3.6443,87.84,42.036,33.567,37.802,83.006,98.823,0
2025.7.1 0:07,R01,M04,32.317,28.116,30.216,3.6805,3.6461,87.92,44.082,34.216,39.149,83.223,99.322,0
2025.7.1 0:07,R01,M05,31.707,28.34,30.023,3.684,3.6539,88.05,44.064,35.798,39.931,83.677,98.896,0
2025.7.1 0:07,R01,M06,33.028,28.61,30.819,3.6848,3.6484,88.0,45.03,35.104,40.067,83.691,98.686,0
2025.7.1 0:07,R01,M07,32.529,28.951,30.74,3.6851,3.653,88.06,46.172,38.374,42.273,83.642,99.464,0
2025.7.1 0:07,R01,M08,43.843,32.944,37.506,3.7132,3.3168,87.59,49.366,17.671,36.273,61.354,51.711,0
2025.7.1 0:07,R01,M09,33.11,29.677,31.393,3.6886,3.6514,88.08,45.897,39.475,42.686,84.889,98.744,0
2025.7.1 0:07,R01,M10,33.54,29.977,31.758,3.6892,3.6515,88.09,47.892,38.18,43.036,84.394,99.27,0
2025.7.1 0:07,R01,M11,32.217,29.725,30.971,3.6883,3.6601,88.18,47.297,39.845,43.571,85.351,99.222,0
2025.7.1 0:07,R01,M01,30.8,27.465,29.133,3.6711,3.6461,87.81,41.043,35.139,38.091,83.09,98.742,0
2025.7.1 0:07,R01,M02,30.82,28.163,29.492,3.6778,3.6462,87.89,43.705,35.649,39.677,83.943,98.513,0
2025.7.1 0:07,R01,M03,31.037,28.392,29.715,3.6808,3.6483,87.95,43.356,35.921,39.639,84.738,99.227,0
2025.7.1 0:07,R01,M04,31.104,28.729,29.916,3.6812,3.6486,87.96,44.215,34.724,39.469,84.026,99.477,0
2025.7.1 0:07,R01,M05,31.008,28.628,29.818,3.6828,3.6511,88.01,43.745,34.515,39.13,83.328,98.726,0
2025.7.1 0:07,R01,M06,31.848,28.496,30.172,3.6848,3.6529,88.05,45.85,35.873,40.861,84.509,98.706,0
2025.7.1 0:07,R01,M07,31.699,29.195,30.447,3.6804,3.6569,88.05,43.801,36.423,40.112,84.665,98.972,0
2025.7.1 0:07,R01,M08,43.15,31.642,38.48,3.7267,3.2791,87.23,46.065,21.121,36.115,61.065,51.063,0
2025.7.1 0:07,R01,M09,32.357,29.623,30.99,3.6812,3.6563,88.05,46.07,38.527,42.299,85.025,99.322,0
2025.7.1 0:07,R01,M10,32.279,29.352,30.816,3.6854,3.6555,88.09,46.316,37.491,41.904,84.708,98.808,0
2025.7.1 0:07,R01,M11,33.909,29.879,31.894,3.6854,3.6581,88.12,48.465,40.062,44.264,84.695,98.732,0
2025.7.1 0:07,R01,M01,30.27,28.145,29.207,3.6726,3.6468,87.83,41.922,34.63,38.276,84.085,99.007,0
2025.7.1 0:07,R01,M02,31.169,28.09,29.63,3.6743,3.6453,87.84,43.497,33.014,38.255,84.236,99.055,0
2025.7.1 0:07,R01,M03,32.242,27.87,30.056,3.6813,3.6482,87.95,41.514,33.78,37.647,84.57,99.238,0
2025.7.1 0:07,R01,M04,31.214,27.839,29.526,3.675,3.65,87.9,43.38,34.192,38.786,83.325,98.951,0
2025.7.1 0:07,R01,M05,32.228,28.911,30.57,3.6752,3.6454,87.85,45.465,35.731,40.598,84.466,99.185,0
2025.7.1 0:07,R01,M06,31.798,28.276,30.037,3.6813,3.653,88.01,45.251,36.177,40.714,83.642,99.359,0
2025.7.1 0:07,R01,M07,31.515,28.885,30.2,3.6777,3.6477,87.9,43.731,38.029,40.88,85.0,98.915,0
2025.7.1 0:07,R01,M08,44.902,31.511,37.886,3.7161,3.2761,87.17,46.41,20.933,35.502,61.117,51.62,0
2025.7.1 0:07,R01,M09,32.134,29.796,30.965,3.6815,3.6539,88.02,44.982,37.036,41.009,84.23,98.8,0
2025.7.1 0:07,R01,M10,33.158,29.739,31.449,3.69,3.6573,88.17,46.94,38.52,42.73,84.342,99.48,0
2025.7.1 0:07,R01,M11,32.276,29.97,31.123,3.6825,3.6565,88.07,46.62,38.314,42.467,84.504,99.229,0
2025.7.1 0:07,R01,M01,31.328,27.665,29.496,3.6725,3.6446,87.81,42.299,34.133,38.216,84.656,98.692,0
2025.7.1 0:07,R01,M02,30.677,28.227,29.452,3.6756,3.6423,87.81,41.532,34.384,37.958,84.696,98.511,0
2025.7.1 0:07,R01,M03,32.079,27.823,29.951,3.6802,3.6459,87.91,42.998,35.651,39.325,83.393,98.594,0
2025.7.1 0:07,R01,M04,31.554,28.734,30.144,3.675,3.6527,87.93,44.336,35.867,40.102,84.295,99.212,0
2025.7.1 0:07,R01,M05,31.608,28.775,30.191,3.6784,3.6548,88.0,42.831,34.8,38.816,83.356,99.235,0
2025.7.1 0:07,R01,M06,32.555,28.387,30.471,3.6821,3.6465,87.94,43.82,36.854,40.337,83.359,98.776,0
2025.7.1 0:07,R01,M07,32.896,28.443,30.669,3.678,3.6554,88.0,44.514,37.471,40.992,84.801,98.585,0
2025.7.1 0:07,R01,M08,43.911,31.101,38.724,3.7154,3.2775,87.13,49.34,19.1,36.23,60.773,53.953,0
2025.7.1 0:07,R01,M09,33.786,29.079,31.433,3.6802,3.6511,87.98,45.025,39.45,42.237,85.166,99.478,0
2025.7.1 0:07,R01,M10,32.824,29.987,31.405,3.681,3.6552,88.03,45.55,39.995,42.772,86.002,98.566,0
2025.7.1 0:07,R01,M11,33.634,30.181,31.907,3.6893,3.6602,88.19,47.733,37.931,42.832,84.962,98.727,0
2025.7.1 0:07,R01,M01,31.293,27.627,29.46,3.6784,3.6508,87.95,41.787,35.208,38.498,84.148,99.37,0
2025.7.1 0:07,R01,M02,30.794,28.37,29.582,3.6749,3.6436,87.82,41.88,34.882,38.381,84.96,99.461,0
2025.7.1 0:07,R01,M03,32.095,28.144,30.119,3.6795,3.6497,87.95,43.527,34.085,38.806,84.579,98.826,0
2025.7.1 0:07,R01,M04,31.586,28.181,29.883,3.6762,3.6459,87.87,43.509,36.435,39.972,84.878,98.639,0
2025.7.1 0:07,R01,M05,31.966,28.017,29.992,3.6774,3.6484,87.91,44.516,34.663,39.59,84.812,98.96,0
2025.7.1 0:07,R01,M06,32.268,28.873,30.571,3.6858,3.6514,88.05,45.596,37.033,41.314,83.619,99.115,0
2025.7.1 0:07,R01,M07,32.519,29.29,30.904,3.681,3.6489,87.96,44.648,35.622,40.135,84.193,98.618,0
2025.7.1 0:07,R01,M08,42.321,32.147,38.261,3.715,3.3221,87.15,46.499,19.104,38.849,59.568,53.234,0
2025.7.1 0:07,R01,M09,31.948,29.504,30.726,3.6811,3.6568,88.05,45.477,37.423,41.45,85.301,99.108,0
2025.7.1 0:07,R01,M10,32.311,29.566,30.938,3.6887,3.6502,88.07,46.383,39.105,42.744,84.769,98.679,0
2025.7.1 0:07,R01,M11,32.974,29.426,31.2,3.6839,3.658,88.1,47.386,38.374,42.88,84.354,98.696,0
2025.7.1 0:07,R01,M01,30.973,27.536,29.255,3.6718,3.6456,87.81,41.245,34.121,37.683,84.974,99.307,0
2025.7.1 0:07,R01,M02,31.494,27.813,29.654,3.6737,3.6438,87.81,43.588,33.406,38.497,84.598,99.286,0
2025.7.1 0:07,R01,M03,31.1,28.107,29.604,3.6771,3.646,87.88,42.444,36.425,39.434,83.259,99.12,0
2025.7.1 0:07,R01,M04,31.565,28.369,29.967,3.6766,3.654,87.97,44.993,36.932,40.963,83.91,99.18,0
2025.7.1 0:07,R01,M05,32.686,28.732,30.709,3.6792,3.6463,87.91,43.757,37.335,40.546,84.185,99.026,0
2025.7.1 0:07,R01,M06,32.29,28.862,30.576,3.6809,3.6497,87.97,44.351,36.084,40.218,84.089,99.327,0
2025.7.1 0:07,R01,M07,31.475,28.591,30.033,3.6795,3.6556,88.02,45.515,36.777,41.146,84.191,99.224,0
2025.7.1 0:07,R01,M08,43.568,31.767,37.936,3.7124,3.2741,87.69,46.584,20.348,38.726,61.192,52.249,0
2025.7.1 0:07,R01,M09,31.867,29.567,30.717,3.6801,3.6503,87.96,46.621,37.434,42.028,85.194,99.122,0
2025.7.1 0:07,R01,M10,32.024,29.384,30.704,3.6842,3.6572,88.1,46.348,37.045,41.697,84.455,98.572,0
2025.7.1 0:07,R01,M11,34.1,29.209,31.654,3.6882,3.6585,88.16,46.546,40.353,43.45,85.643,98.75,0
2025.7.1 0:07,R01,M01,30.484,28.099,29.291,3.6779,3.648,87.91,41.355,34.69,38.022,83.788,98.83,0
2025.7.1 0:07,R01,M02,31.074,27.487,29.28,3.6778,3.6427,87.85,42.28,35.788,39.034,83.403,99.292,0
2025.7.1 0:07,R01,M03,32.433,27.68,30.056,3.6736,3.6435,87.81,42.036,35.38,38.708,83.465,98.941,0
2025.7.1 0:07,R01,M04,32.592,27.902,30.247,3.6836,3.644,87.93,42.032,35.306,38.669,83.066,99.136,0
2025.7.1 0:07,R01,M05,31.405,28.872,30.139,3.6798,3.6527,87.99,44.6,35.924,40.262,83.981,98.714,0
2025.7.1 0:07,R01,M06,32.885,28.845,30.865,3.6841,3.6479,87.98,45.335,36.512,40.924,84.152,99.119,0
2025.7.1 0:07,R01,M07,32.709,28.844,30.777,3.6772,3.6556,87.99,44.436,35.621,40.029,84.782,98.692,0
2025.7.1 0:07,R01,M08,43.304,32.484,39.411,3.7217,3.3226,87.99,47.334,19.3,36.462,60.412,51.979,0
2025.7.1 0:07,R01,M09,32.548,29.381,30.965,3.6883,3.6536,88.1,46.393,37.845,42.119,85.657,98.708,0
2025.7.1 0:07,R01,M10,32.371,29.909,31.14,3.6832,3.6548,88.06,45.279,39.13,42.205,84.17,98.604,0
2025.7.1 0:07,R01,M11,33.165,29.784,31.474,3.6813,3.6608,88.11,45.579,39.678,42.629,84.902,98.76,0
2025.7.1 0:07,R01,M01,30.369,27.985,29.177,3.6738,3.6504,87.89,42.677,35.153,38.915,83.394,99.336,0
2025.7.1 0:07,R01,M02,32.164,27.903,30.034,3.6735,3.6443,87.81,42.756,34.401,38.579,84.323,98.587,0
2025.7.1 0:07,R01,M03,31.496,28.429,29.962,3.6814,3.6505,87.98,43.882,34.728,39.305,83.862,99.425,0
2025.7.1 0:07,R01,M04,32.039,28.408,30.224,3.6822,3.6485,87.97,42.512,34.407,38.459,85.045,99.002,0
2025.7.1 0:07,R01,M05,31.36,28.912,30.136,3.6831,3.6504,88.0,43.195,35.278,39.236,84.693,98.614,0
2025.7.1 0:07,R01,M06,32.229,28.606,30.418,3.6829,3.6545,88.05,45.415,37.203,41.309,85.214,99.058,0
2025.7.1 0:07,R01,M07,32.958,29.306,31.132,3.6813,3.6524,88.0,46.001,36.556,41.278,85.154,98.801,0
2025.7.1 0:07,R01,M08,44.982,32.724,39.548,3.7287,3.3204,88.06,47.741,19.116,37.213,60.612,52.388,0
2025.7.1 0:07,R01,M09,31.867,29.754,30.811,3.6883,3.6506,88.07,46.484,37.664,42.074,83.956,99.031,0
2025.7.1 0:07,R01,M10,33.0,29.221,31.111,3.6835,3.65,88.0,46.728,39.444,43.086,85.655,99.421,0
2025.7.1 0:07,R01,M11,32.345,29.671,31.008,3.6843,3.6586,88.11,46.193,38.901,42.547,84.894,99.425,0
2025.7.1 0:07,R01,M01,30.219,27.958,29.088,3.6765,3.6423,87.83,43.294,33.725,38.51,84.739,99.184,0
2025.7.1 0:07,R01,M02,31.187,27.6,29.394,3.6794,3.6451,87.89,43.093,33.951,38.522,84.864,99.011,0
2025.7.1 0:07,R01,M03,31.406,28.364,29.885,3.6741,3.6446,87.82,43.502,35.051,39.276,83.975,99.41,0
2025.7.1 0:07,R01,M04,31.793,28.059,29.926,3.6837,3.6489,87.99,44.139,36.304,40.222,83.285,99.317,0
2025.7.1 0:07,R01,M05,32.992,28.387,30.689,3.6814,3.6524,88.01,44.092,34.861,39.477,84.79,98.945,0
2025.7.1 0:07,R01,M06,31.727,29.034,30.38,3.6807,3.6477,87.94,44.344,36.73,40.537,84.678,99.041,0
2025.7.1 0:07,R01,M07,32.235,28.401,30.318,3.6777,3.6476,87.9,45.934,37.467,41.7,84.505,99.153,0
2025.7.1 0:07,R01,M08,44.623,32.833,37.77,3.7261,3.2894,87.31,48.494,21.601,38.903,59.659,50.63,0
2025.7.1 0:07,R01,M09,33.762,29.296,31.529,3.6827,3.6501,87.99,47.185,39.313,43.249,84.792,99.13,0
2025.7.1 0:07,R01,M10,32.269,29.915,31.092,3.6875,3.6523,88.08,46.922,38.831,42.877,84.376,99.092,0
2025.7.1 0:07,R01,M11,33.356,29.531,31.444,3.6907,3.6555,88.15,47.028,38.111,42.569,85.209,98.699,0
2025.7.1 0:07,R01,M01,31.192,28.155,29.674,3.6735,3.6496,87.88,42.328,33.164,37.746,83.363,99.278,0
2025.7.1 0:07,R01,M02,31.29,27.428,29.359,3.6814,3.6461,87.93,41.373,34.466,37.919,84.647,99.341,0
2025.7.1 0:07,R01,M03,30.775,28.184,29.48,3.6822,3.6529,88.02,43.014,34.579,38.797,84.817,98.819,0
2025.7.1 0:07,R01,M04,30.818,28.77,29.794,3.6787,3.6443,87.88,42.649,35.694,39.172,84.541,98.641,0
2025.7.1 0:07,R01,M05,31.987,28.202,30.095,3.679,3.6497,87.94,44.671,36.718,40.695,84.774,98.534,0
2025.7.1 0:07,R01,M06,31.293,28.357,29.825,3.6791,3.6471,87.91,44.097,37.69,40.894,83.76,98.689,0
2025.7.1 0:07,R01,M07,32.649,28.751,30.7,3.6804,3.6547,88.02,46.295,37.061,41.678,83.67,98.552,0
2025.7.1 0:07,R01,M08,43.399,32.229,38.241,3.7114,3.3078,87.37,49.701,21.59,36.828,59.802,50.394,0
2025.7.1 0:07,R01,M09,32.499,29.431,30.965,3.6875,3.6527,88.08,45.281,37.904,41.593,85.743,98.821,0
2025.7.1 0:07,R01,M10,32.967,29.539,31.253,3.6818,3.6556,88.05,46.085,38.263,42.174,85.813,98.702,0
2025.7.1 0:07,R01,M11,32.577,29.893,31.235,3.6842,3.6576,88.1,46.798,38.055,42.427,84.979,99.347,0
2025.7.1 0:07,R01,M01,31.32,27.777,29.549,3.679,3.6485,87.93,42.578,32.954,37.766,84.39,98.849,0
2025.7.1 0:07,R01,M02,31.068,28.1,29.584,3.6814,3.6501,87.98,41.391,35.292,38.341,83.111,99.248,0
2025.7.1 0:07,R01,M03,31.425,27.889,29.657,3.6755,3.6475,87.88,42.652,34.733,38.692,83.043,99.352,0
2025.7.1 0:07,R01,M04,32.524,28.325,30.425,3.6773,3.6469,87.89,43.138,35.277,39.207,83.932,98.872,0
2025.7.1 0:07,R01,M05,31.028,28.419,29.724,3.6781,3.6524,87.97,44.123,35.613,39.868,84.221,99.113,0
2025.7.1 0:07,R01,M06,31.331,28.352,29.841,3.6776,3.6476,87.9,44.886,36.207,40.547,85.247,99.115,0
2025.7.1 0:07,R01,M07,33.0,28.814,30.907,3.6858,3.6479,88.0,46.083,36.963,41.523,84.584,99.11,0
2025.7.1 0:07,R01,M08,44.12,32.151,38.092,3.7257,3.3196,87.95,47.273,20.022,36.658,60.369,50.255,0
2025.7.1 0:07,R01,M09,32.772,29.623,31.197,3.6849,3.6567,88.1,46.381,39.079,42.73,85.357,98.667,0
2025.7.1 0:07,R01,M10,33.278,29.504,31.391,3.6837,3.6562,88.08,47.302,39.445,43.373,85.221,98.657,0
2025.7.1 0:07,R01,M11,33.394,29.939,31.666,3.6817,3.6576,88.07,48.349,37.953,43.151,85.809,98.904,0
2025.7.1 0:07,R01,M01,30.226,28.092,29.159,3.6739,3.6462,87.84,41.119,33.332,37.225,84.768,99.403,0
2025.7.1 0:07,R01,M02,32.235,27.957,30.096,3.6796,3.6472,87.92,43.001,34.044,38.522,84.338,98.544,0
2025.7.1 0:07,R01,M03,31.517,28.053,29.785,3.6793,3.6479,87.93,42.312,36.206,39.259,83.771,98.875,0
2025.7.1 0:07,R01,M04,31.731,28.33,30.03,3.6809,3.6453,87.91,44.296,36.389,40.343,84.809,98.744,0
2025.7.1 0:07,R01,M05,32.017,28.993,30.505,3.6759,3.6484,87.89,45.195,36.198,40.697,85.168,98.922,0
2025.7.1 0:07,R01,M06,31.609,28.574,30.092,3.6824,3.6507,88.0,43.053,37.076,40.064,84.307,99.43,0
2025.7.1 0:07,R01,M07,32.861,29.233,31.047,3.6829,3.6506,88.0,44.063,37.379,40.721,84.517,98.794,0
2025.7.1 0:07,R01,M08,43.972,32.961,38.067,3.7155,3.2764,87.77,48.022,21.939,38.824,59.058,53.729,0
2025.7.1 0:07,R01,M09,32.024,29.669,30.846,3.6877,3.6506,88.06,45.88,38.071,41.975,85.146,99.284,0
2025.7.1 0:07,R01,M10,32.971,29.564,31.267,3.6853,3.6539,88.07,46.811,37.341,42.076,85.451,98.994,0
2025.7.1 0:07,R01,M11,33.941,29.984,31.963,3.6869,3.6606,88.17,47.804,39.575,43.69,86.105,99.243,0
2025.7.1 0:07,R01,M01,31.603,28.198,29.901,3.6725,3.6455,87.82,43.24,33.6,38.42,84.376,99.298,0
2025.7.1 0:07,R01,M02,31.43,28.032,29.731,3.6733,3.6422,87.79,42.456,35.197,38.827,84.784,99.339,0
2025.7.1 0:07,R01,M03,31.663,27.781,29.722,3.6775,3.6468,87.89,42.57,34.054,38.312,83.362,99.019,0
2025.7.1 0:07,R01,M04,31.613,28.575,30.094,3.6832,3.6502,88.0,43.638,35.566,39.602,84.307,99.058,0
2025.7.1 0:07,R01,M05,32.842,28.246,30.544,3.6837,3.6463,87.96,43.076,35.499,39.288,84.543,98.614,0
2025.7.1 0:07,R01,M06,32.142,29.078,30.61,3.6855,3.6533,88.07,45.572,35.554,40.563,84.836,98.657,0
2025.7.1 0:07,R01,M07,31.707,29.038,30.373,3.6844,3.6511,88.03,45.513,35.518,40.516,84.161,99.492,0
2025.7.1 0:07,R01,M08,43.747,32.411,38.016,3.7112,3.3219,87.6,49.192,20.606,37.918,60.077,50.61,0
2025.7.1 0:07,R01,M09,32.046,29.568,30.807,3.6853,3.6569,88.11,45.632,39.271,42.451,84.027,99.12,0
2025.7.1 0:07,R01,M10,33.401,29.091,31.246,3.6812,3.6579,88.07,46.422,38.005,42.213,85.574,99.348,0
2025.7.1 0:07,R01,M11,32.211,29.341,30.776,3.6821,3.6598,88.1,47.753,37.75,42.752,84.755,99.261,0
2025.7.1 0:07,R01,M01,31.4,27.523,29.462,3.6762,3.6422,87.82,41.402,33.461,37.431,84.487,98.92,0
2025.7.1 0:07,R01,M02,32.292,27.605,29.949,3.6768,3.643,87.84,41.908,33.331,37.62,84.744,99.106,0
2025.7.1 0:07,R01,M03,31.127,27.964,29.545,3.6777,3.6496,87.93,41.768,35.48,38.624,83.838,99.447,0
2025.7.1 0:07,R01,M04,31.372,28.255,29.813,3.6764,3.649,87.9,42.428,34.137,38.282,83.141,99.181,0
2025.7.1 0:07,R01,M05,32.912,28.426,30.669,3.68,3.6516,87.98,43.956,35.786,39.871,83.48,99.29,0
2025.7.1 0:07,R01,M06,32.866,28.326,30.596,3.6781,3.6497,87.93,45.446,35.041,40.243,85.244,98.533,0
2025.7.1 0:07,R01,M07,31.895,29.056,30.476,3.6868,3.649,88.03,44.531,35.794,40.162,84.184,99.044,0
2025.7.1 0:07,R01,M08,43.045,32.079,37.941,3.7187,3.2947,87.43,48.29,19.259,36.763,58.702,53.556,0
2025.7.1 0:07,R01,M09,33.578,29.627,31.602,3.6845,3.6496,88.01,47.0,37.116,42.058,84.107,99.286,0
2025.7.1 0:07,R01,M10,33.532,29.725,31.628,3.6825,3.6511,88.0,47.031,37.015,42.023,84.884,99.225,0
2025.7.1 0:07,R01,M11,32.453,30.123,31.288,3.6904,3.6574,88.17,47.754,38.052,42.903,86.591,99.369,0
2025.7.1 0:07,R01,M01,30.636,27.571,29.104,3.6785,3.6434,87.86,41.152,34.413,37.782,84.347,98.614,0
2025.7.1 0:07,R01,M02,32.349,28.178,30.264,3.6778,3.6461,87.89,42.067,34.406,38.236,84.14,99.214,0
2025.7.1 0:07,R01,M03,32.395,27.653,30.024,3.6743,3.6439,87.82,44.276,35.204,39.74,84.668,98.506,0
2025.7.1 0:07,R01,M04,32.753,28.444,30.599,3.6756,3.6447,87.84,44.923,35.143,40.033,83.275,99.293,0
2025.7.1 0:07,R01,M05,32.443,28.216,30.329,3.6838,3.6546,88.06,45.437,34.793,40.115,83.893,99.446,0
2025.7.1 0:07,R01,M06,32.862,28.879,30.87,3.6843,3.6498,88.01,45.956,36.723,41.34,85.003,99.333,0
2025.7.1 0:07,R01,M07,31.494,29.054,30.274,3.6789,3.6529,87.98,45.037,36.669,40.853,85.252,98.589,0
2025.7.1 0:07,R01,M08,43.556,32.76,38.834,3.7197,3.2936,87.35,46.065,20.671,38.83,59.73,52.728,0
2025.7.1 0:07,R01,M09,33.709,29.569,31.639,3.6878,3.6523,88.08,45.799,37.632,41.715,84.351,99.371,0
2025.7.1 0:07,R01,M10,32.693,29.04,30.866,3.6806,3.6594,88.08,45.521,38.237,41.879,85.36,99.116,0
2025.7.1 0:07,R01,M11,33.964,29.682,31.823,3.6846,3.6583,88.11,46.208,37.769,41.989,85.333,99.372,0
2025.7.1 0:07,R01,M01,32.052,28.042,30.047,3.6759,3.6493,87.9,43.264,33.664,38.464,84.457,98.793,0
2025.7.1 0:07,R01,M02,32.075,27.75,29.913,3.6795,3.6452,87.9,42.979,33.096,38.037,83.912,99.296,0
2025.7.1 0:07,R01,M03,32.448,28.274,30.361,3.6816,3.6459,87.93,41.765,36.248,39.007,85.003,98.704,0
2025.7.1 0:07,R01,M04,31.783,28.005,29.894,3.6768,3.6472,87.89,44.011,34.337,39.174,83.411,99.496,0
2025.7.1 0:07,R01,M05,31.802,28.857,30.329,3.6831,3.6499,88.0,43.034,36.977,40.005,84.823,98.95,0
2025.7.1 0:07,R01,M06,32.611,28.658,30.634,3.6845,3.6518,88.04,45.359,35.325,40.342,83.859,99.411,0
2025.7.1 0:07,R01,M07,31.626,29.01,30.318,3.6845,3.6542,88.06,46.01,36.034,41.022,84.809,98.951,0
2025.7.1 0:07,R01,M08,41.896,31.491,39.053,3.7294,3.287,87.13,47.798,19.96,39.321,58.319,51.69,0
2025.7.1 0:07,R01,M09,33.162,28.836,30.999,3.6818,3.6544,88.03,45.35,38.027,41.689,85.932,98.518,0
2025.7.1 0:07,R01,M10,32.483,29.67,31.076,3.6889,3.6538,88.11,47.986,38.368,43.177,84.806,99.273,0
2025.7.1 0:07,R01,M11,32.309,29.316,30.812,3.689,3.6574,88.16,45.579,40.36,42.969,86.339,98.758,0
2025.7.1 0:07,R01,M01,31.366,27.209,29.288,3.6809,3.649,87.96,42.419,35.499,38.959,83.827,98.773,0
2025.7.1 0:07,R01,M02,31.557,28.064,29.81,3.6775,3.6513,87.95,43.09,33.682,38.386,83.779,99.475,0
2025.7.1 0:07,R01,M03,31.491,28.223,29.857,3.6797,3.6499,87.96,43.707,35.356,39.532,83.523,99.201,0
2025.7.1 0:07,R01,M04,32.734,28.084,30.409,3.6785,3.6529,87.98,43.613,34.161,38.887,83.563,99.183,0
2025.7.1 0:07,R01,M05,31.584,28.504,30.044,3.6824,3.6514,88.01,43.221,36.16,39.691,85.118,99.379,0
2025.7.1 0:07,R01,M06,31.757,28.487,30.122,3.6824,3.6531,88.03,45.152,36.249,40.701,83.782,99.437,0
2025.7.1 0:07,R01,M07,32.469,29.297,30.883,3.6774,3.6519,87.95,44.713,38.011,41.362,85.442,98.557,0
2025.7.1 0:07,R01,M08,42.281,32.49,38.295,3.7109,3.3084,87.68,46.112,21.987,36.705,59.916,53.12,0
2025.7.1 0:07,R01,M09,32.386,29.157,30.772,3.6818,3.6562,88.06,45.598,37.818,41.708,84.797,98.904,0
2025.7.1 0:07,R01,M10,33.441,29.491,31.466,3.6863,3.6571,88.12,46.481,38.688,42.585,85.026,98.804,0
2025.7.1 0:07,R01,M11,33.214,29.622,31.418,3.6864,3.6589,88.14,46.884,38.766,42.825,86.516,98.94,0
2025.7.1 0:07,R01,M01,31.035,27.293,29.164,3.6802,3.6443,87.89,43.464,34.564,39.014,83.394,99.384,0
2025.7.1 0:07,R01,M02,32.01,27.54,29.775,3.6732,3.6425,87.79,42.178,33.496,37.837,83.095,98.995,0
2025.7.1 0:07,R01,M03,31.096,28.488,29.792,3.6751,3.648,87.88,43.761,35.073,39.417,83.249,99.421,0
2025.7.1 0:07,R01,M04,32.203,28.414,30.309,3.6802,3.6491,87.95,44.575,34.846,39.71,84.56,99.23,0
2025.7.1 0:07,R01,M05,32.779,28.812,30.796,3.6801,3.651,87.97,44.126,35.641,39.883,83.521,98.84,0
2025.7.1 0:07,R01,M06,31.884,28.894,30.389,3.6837,3.6466,87.96,43.111,36.768,39.939,83.933,98.603,0
2025.7.1 0:07,R01,M07,31.656,29.11,30.383,3.6834,3.652,88.02,43.656,38.075,40.865,85.034,99.132,0
2025.7.1 0:07,R01,M08,44.038,32.7,38.28,3.7209,3.2613,87.76,48.492,22.582,38.28,59.795,53.635,0
2025.7.1 0:07,R01,M09,33.708,29.74,31.724,3.6877,3.6582,88.15,46.722,37.21,41.966,84.931,98.899,0
2025.7.1 0:07,R01,M10,33.991,29.238,31.614,3.6839,3.6524,88.04,46.174,39.6,42.887,85.783,99.036,0
2025.7.1 0:07,R01,M11,33.513,29.68,31.596,3.6882,3.6561,88.13,46.628,38.244,42.436,85.712,99.276,0
2025.7.1 0:07,R01,M01,31.261,28.02,29.64,3.6758,3.6412,87.8,40.737,34.418,37.578,83.399,98.686,0
2025.7.1 0:07,R01,M02,31.502,27.873,29.688,3.6771,3.6425,87.84,43.753,33.371,38.562,83.436,98.683,0
2025.7.1 0:07,R01,M03,31.367,28.201,29.784,3.6738,3.6467,87.85,42.951,34.082,38.517,83.75,99.079,0
2025.7.1 0:07,R01,M04,32.539,28.744,30.642,3.6777,3.6483,87.91,44.659,35.084,39.871,83.778,98.647,0
2025.7.1 0:07,R01,M05,32.523,28.701,30.612,3.6839,3.653,88.04,45.307,37.145,41.226,85.205,98.89,0
2025.7.1 0:07,R01,M06,32.24,28.982,30.611,3.6787,3.6558,88.01,43.136,37.474,40.305,83.673,99.218,0
2025.7.1 0:07,R01,M07,32.627,28.809,30.718,3.6779,3.6556,88.0,45.554,38.078,41.816,84.719,98.823,0
2025.7.1 0:07,R01,M08,44.112,32.057,39.059,3.7211,3.3116,87.5,48.126,22.556,38.009,58.114,50.053,0
2025.7.1 0:07,R01,M09,32.13,28.996,30.563,3.6869,3.6529,88.08,44.793,37.219,41.006,84.318,99.432,0
2025.7.1 0:07,R01,M10,32.035,29.233,30.634,3.681,3.6578,88.07,47.457,37.919,42.688,86.05,98.88,0
2025.7.1 0:07,R01,M11,32.682,29.501,31.092,3.6908,3.6598,88.21,47.877,37.813,42.845,85.483,99.43,0
2025.7.1 0:07,R01,M01,32.142,28.072,30.107,3.6721,3.6434,87.79,42.701,35.02,38.861,83.192,98.857,0
2025.7.1 0:07,R01,M02,31.342,28.173,29.758,3.6815,3.6459,87.93,43.467,33.191,38.329,83.405,98.744,0
2025.7.1 0:07,R01,M03,31.364,28.017,29.691,3.6778,3.6492,87.92,44.262,36.414,40.338,85.076,99.316,0
2025.7.1 0:07,R01,M04,31.054,28.623,29.838,3.6765,3.6481,87.9,44.36,36.532,40.446,84.936,99.261,0
2025.7.1 0:07,R01,M05,32.809,28.912,30.86,3.6815,3.6545,88.03,45.183,35.879,40.531,83.752,99.473,0
2025.7.1 0:07,R01,M06,31.333,28.267,29.8,3.6782,3.6516,87.96,44.046,37.02,40.533,84.131,99.367,0
2025.7.1 0:07,R01,M07,32.756,28.46,30.608,3.6864,3.6496,88.03,45.632,36.431,41.031,85.649,98.858,0
2025.7.1 0:07,R01,M08,44.181,32.395,39.202,3.7204,3.2832,88.1,47.298,21.558,38.59,58.12,52.522,0
2025.7.1 0:07,R01,M09,32.601,29.745,31.173,3.6843,3.6506,88.02,46.565,38.202,42.383,85.356,99.343,0
2025.7.1 0:07,R01,M10,33.088,29.276,31.182,3.6868,3.6589,88.15,45.343,37.532,41.438,85.735,99.396,0
2025.7.1 0:07,R01,M11,32.627,29.629,31.128,3.6823,3.6584,88.09,47.563,40.218,43.891,85.549,98.793,0
2025.7.1 0:07,R01,M01,31.438,27.765,29.602,3.6772,3.6435,87.85,43.47,33.825,38.648,83.535,99.072,0
2025.7.1 0:07,R01,M02,31.82,27.673,29.746,3.6814,3.6466,87.94,43.459,35.611,39.535,84.311,98.857,0
2025.7.1 0:07,R01,M03,32.06,28.426,30.243,3.6808,3.6448,87.91,43.359,35.701,39.53,83.616,99.436,0
2025.7.1 0:07,R01,M04,31.916,27.853,29.885,3.6791,3.6506,87.96,44.325,35.278,39.802,84.562,98.867,0
2025.7.1 0:07,R01,M05,31.547,28.342,29.944,3.6805,3.6478,87.94,44.284,35.5,39.892,84.906,98.945,0
2025.7.1 0:07,R01,M06,32.184,28.349,30.267,3.6847,3.6526,88.05,43.424,37.202,40.313,84.089,98.84,0
2025.7.1 0:07,R01,M07,32.615,28.631,30.623,3.6804,3.6505,87.97,45.94,36.567,41.254,83.823,98.641,0
2025.7.1 0:07,R01,M08,42.89,31.744,39.842,3.7152,3.2948,87.88,49.753,22.357,38.354,59.377,53.144,0
2025.7.1 0:07,R01,M09,32.529,28.929,30.729,3.6845,3.6547,88.07,45.107,38.407,41.757,85.619,99.202,0
2025.7.1 0:07,R01,M10,32.617,29.692,31.154,3.6856,3.6596,88.14,46.656,37.889,42.273,85.331,99.21,0
2025.7.1 0:07,R01,M11,33.955,29.743,31.849,3.6858,3.6521,88.05,48.32,38.586,43.453,85.414,98.911,0
2025.7.1 0:07,R01,M01,31.263,28.128,29.696,3.6735,3.6427,87.79,43.303,32.982,38.142,84.19,98.626,0
2025.7.1 0:07,R01,M02,31.842,27.88,29.861,3.6778,3.651,87.95,43.477,33.825,38.651,83.045,99.417,0
2025.7.1 0:07,R01,M03,32.341,28.05,30.196,3.677,3.6515,87.94,41.696,36.0,38.848,83.844,99.466,0
2025.7.1 0:07,R01,M04,31.354,27.859,29.607,3.6792,3.6501,87.95,43.849,35.724,39.786,83.918,99.024,0
2025.7.1 0:07,R01,M05,31.697,28.748,30.223,3.6842,3.6498,88.01,45.443,36.929,41.186,85.052,98.703,0
2025.7.1 0:07,R01,M06,32.076,29.145,30.611,3.6763,3.6521,87.94,43.282,37.738,40.51,83.712,99.344,0
2025.7.1 0:07,R01,M07,32.08,28.718,30.399,3.682,3.651,88.0,45.102,35.806,40.454,84.917,98.66,0
2025.7.1 0:07,R01,M08,43.071,31.542,39.089,3.7256,3.2971,87.13,47.494,23.06,38.701,57.727,50.44,0
2025.7.1 0:07,R01,M09,32.919,29.143,31.031,3.6866,3.6529,88.07,47.309,37.546,42.427,84.335,99.243,0
2025.7.1 0:07,R01,M10,32.538,29.41,30.974,3.6865,3.6522,88.06,45.581,39.235,42.408,86.22,98.756,0
2025.7.1 0:07,R01,M11,34.14,29.843,31.992,3.6898,3.6589,88.18,46.478,39.907,43.192,85.311,98.658,0
2025.7.1 0:07,R01,M01,30.72,27.974,29.347,3.677,3.6441,87.85,42.446,33.084,37.765,84.061,99.332,0
2025.7.1 0:07,R01,M02,30.418,28.317,29.367,3.6802,3.6509,87.97,43.092,33.587,38.34,83.606,98.842,0
2025.7.1 0:07,R01,M03,31.902,28.105,30.004,3.6795,3.6489,87.94,43.223,35.184,39.203,84.12,98.987,0
2025.7.1 0:07,R01,M04,32.566,28.109,30.338,3.6762,3.6479,87.89,44.363,35.827,40.095,83.982,99.105,0
2025.7.1 0:07,R01,M05,31.828,28.551,30.189,3.6773,3.648,87.9,43.233,34.735,38.984,83.827,99.214,0
2025.7.1 0:07,R01,M06,31.349,28.431,29.89,3.6827,3.6543,88.04,43.649,36.874,40.261,85.165,99.021,0
2025.7.1 0:07,R01,M07,32.822,28.666,30.744,3.6835,3.6472,87.97,44.874,35.992,40.433,85.474,99.128,0
2025.7.1 0:07,R01,M08,42.987,31.324,39.763,3.7147,3.2904,87.44,48.087,19.387,36.937,59.392,50.813,0
2025.7.1 0:07,R01,M09,33.309,29.794,31.551,3.6844,3.6589,88.12,46.299,38.145,42.222,85.597,99.477,0
2025.7.1 0:07,R01,M10,32.164,29.182,30.673,3.6863,3.6554,88.1,45.41,37.506,41.458,86.04,99.253,0
2025.7.1 0:07,R01,M11,32.314,29.687,31.001,3.6847,3.6526,88.05,45.737,38.961,42.349,86.141,99.469,0
2025.7.1 0:07,R01,M01,31.686,27.271,29.479,3.6748,3.6502,87.9,42.946,33.532,38.239,83.572,99.202,0
2025.7.1 0:07,R01,M02,31.754,28.373,30.064,3.6732,3.6468,87.84,41.588,35.674,38.631,83.852,98.6,0
2025.7.1 0:07,R01,M03,31.84,27.988,29.914,3.6763,3.6526,87.95,42.524,35.596,39.06,83.652,99.045,0
2025.7.1 0:07,R01,M04,32.695,28.322,30.508,3.6795,3.6458,87.9,42.089,35.911,39.0,83.701,98.961,0
2025.7.1 0:07,R01,M05,32.402,28.737,30.569,3.6791,3.6453,87.89,44.66,35.919,40.289,85.257,98.819,0
2025.7.1 0:07,R01,M06,31.85,28.278,30.064,3.682,3.6547,88.04,43.752,36.746,40.249,84.256,99.255,0
2025.7.1 0:07,R01,M07,31.473,29.003,30.238,3.685,3.6475,87.99,44.536,36.88,40.708,85.527,99.447,0
2025.7.1 0:07,R01,M08,41.516,31.646,39.881,3.7154,3.28,87.62,47.399,22.137,39.165,57.533,50.705,0
2025.7.1 0:07,R01,M09,33.263,28.969,31.116,3.687,3.6531,88.08,47.493,37.215,42.354,85.663,98.565,0
2025.7.1 0:07,R01,M10,33.956,29.239,31.598,3.6884,3.6528,88.09,46.458,37.263,41.861,85.139,98.547,0
2025.7.1 0:07,R01,M11,32.439,29.589,31.014,3.6866,3.6577,88.13,46.49,38.668,42.579,85.087,98.597,0
2025.7.1 0:07,R01,M01,30.524,28.012,29.268,3.6726,3.6488,87.86,41.399,35.004,38.201,83.877,98.907,0
2025.7.1 0:07,R01,M02,32.111,28.317,30.214,3.6756,3.6483,87.89,41.759,34.597,38.178,83.226,99.032,0
2025.7.1 0:07,R01,M03,30.841,28.178,29.51,3.6807,3.6528,88.0,44.07,34.22,39.145,83.702,98.554,0
2025.7.1 0:07,R01,M04,32.091,28.091,30.091,3.6825,3.6538,88.04,44.597,36.17,40.383,84.026,98.968,0
2025.7.1 0:07,R01,M05,32.668,28.247,30.457,3.68,3.6488,87.95,43.473,37.469,40.471,85.229,98.948,0
2025.7.1 0:07,R01,M06,32.467,28.495,30.481,3.6803,3.6484,87.94,45.284,36.861,41.072,84.363,98.686,0
2025.7.1 0:07,R01,M07,32.101,29.043,30.572,3.6794,3.6471,87.92,46.221,37.068,41.644,84.109,99.075,0
2025.7.1 0:07,R01,M08,41.514,32.04,39.778,3.7299,3.2973,87.58,48.29,21.035,39.282,58.138,51.462,0
2025.7.1 0:07,R01,M09,33.193,29.074,31.133,3.6837,3.6507,88.01,46.782,39.201,42.992,84.972,99.303,0
2025.7.1 0:07,R01,M10,32.512,29.676,31.094,3.6855,3.6549,88.08,47.076,39.575,43.326,86.022,99.06,0
2025.7.1 0:07,R01,M11,32.377,29.884,31.131,3.6889,3.6518,88.09,46.101,37.554,41.828,85.355,99.159,0
2025.7.1 0:07,R01,M01,30.629,28.01,29.32,3.6806,3.6457,87.92,41.191,32.819,37.005,83.581,98.812,0
2025.7.1 0:07,R01,M02,31.025,27.477,29.251,3.6796,3.65,87.96,41.111,35.619,38.365,84.994,98.505,0
2025.7.1 0:07,R01,M03,32.196,28.59,30.393,3.6811,3.6483,87.95,42.31,36.49,39.4,84.368,98.581,0
2025.7.1 0:07,R01,M04,31.859,28.143,30.001,3.6803,3.6461,87.92,42.347,35.558,38.953,83.764,99.376,0
2025.7.1 0:07,R01,M05,32.576,28.425,30.501,3.6792,3.6469,87.91,44.584,36.831,40.708,83.795,99.014,0
2025.7.1 0:07,R01,M06,33.194,28.674,30.934,3.6785,3.6516,87.96,45.436,37.882,41.659,84.306,98.785,0
2025.7.1 0:07,R01,M07,32.109,29.067,30.588,3.6856,3.6527,88.06,46.216,37.394,41.805,84.861,99.338,0
2025.7.1 0:07,R01,M08,41.444,32.166,39.767,3.7172,3.3044,87.16,46.264,21.008,36.972,57.826,52.572,0
2025.7.1 0:07,R01,M09,33.015,29.033,31.024,3.6841,3.6544,88.06,47.052,38.102,42.577,86.226,98.637,0
2025.7.1 0:07,R01,M10,33.305,29.841,31.573,3.6891,3.6555,88.14,46.425,37.023,41.724,86.352,98.621,0
2025.7.1 0:07,R01,M11,32.665,30.046,31.355,3.6888,3.6604,88.19,46.337,39.689,43.013,86.656,99.069,0
2025.7.1 0:07,R01,M01,30.218,27.647,28.932,3.675,3.6448,87.84,43.153,33.451,38.302,84.621,98.617,0
2025.7.1 0:07,R01,M02,32.16,27.87,30.015,3.6731,3.6432,87.8,42.273,34.042,38.157,84.788,99.085,0
2025.7.1 0:07,R01,M03,31.917,28.304,30.111,3.6815,3.6445,87.91,43.961,35.146,39.553,84.457,99.161,0
2025.7.1 0:07,R01,M04,31.411,27.826,29.619,3.6813,3.6534,88.02,44.451,35.389,39.92,84.129,98.871,0
2025.7.1 0:07,R01,M05,31.439,28.7,30.069,3.6817,3.6472,87.95,44.359,35.664,40.011,85.342,99.259,0
2025.7.1 0:07,R01,M06,31.25,28.753,30.002,3.6845,3.6522,88.04,44.423,37.497,40.96,84.179,98.54,0
2025.7.1 0:07,R01,M07,32.806,28.417,30.611,3.6799,3.6538,88.0,44.687,36.766,40.727,83.919,98.786,0
2025.7.1 0:07,R01,M08,41.589,32.802,39.193,3.7161,3.2587,87.72,49.8,21.565,38.986,59.117,53.676,0
2025.7.1 0:07,R01,M09,32.93,28.833,30.881,3.6796,3.6501,87.96,47.441,37.78,42.611,86.382,98.945,0
2025.7.1 0:07,R01,M10,33.613,29.601,31.607,3.6898,3.6516,88.1,45.325,39.703,42.514,84.783,99.309,0
2025.7.1 0:07,R01,M11,32.45,30.155,31.303,3.686,3.6541,88.08,46.929,39.823,43.376,86.186,98.637,0
2025.7.1 0:07,R01,M01,30.663,27.467,29.065,3.6739,3.6435,87.81,42.069,34.299,38.184,84.706,98.81,0
2025.7.1 0:07,R01,M02,31.565,27.595,29.58,3.6739,3.6513,87.9,42.261,34.299,38.28,84.471,98.674,0
2025.7.1 0:07,R01,M03,31.593,28.068,29.831,3.6799,3.6491,87.95,42.368,36.189,39.279,83.748,98.686,0
2025.7.1 0:07,R01,M04,32.226,27.882,30.054,3.676,3.6469,87.87,43.954,36.861,40.407,84.221,99.215,0
2025.7.1 0:07,R01,M05,32.023,28.566,30.294,3.6751,3.6504,87.91,45.062,34.903,39.983,85.09,99.191,0
2025.7.1 0:07,R01,M06,33.163,28.997,31.08,3.6792,3.6546,88.01,43.724,36.078,39.901,84.116,99.27,0
2025.7.1 0:07,R01,M07,31.71,28.538,30.124,3.686,3.6491,88.02,45.05,35.561,40.305,84.362,99.481,0
2025.7.1 0:07,R01,M08,42.902,32.759,39.603,3.7226,3.2765,88.02,46.991,22.429,38.103,58.294,53.611,0
2025.7.1 0:07,R01,M09,33.427,28.854,31.14,3.6801,3.6514,87.98,46.229,37.628,41.928,84.554,99.119,0
2025.7.1 0:07,R01,M10,32.226,29.876,31.051,3.6822,3.6531,88.02,45.945,37.058,41.502,86.639,98.828,0
2025.7.1 0:07,R01,M11,32.878,29.251,31.065,3.6894,3.6563,88.15,45.564,38.365,41.965,86.525,99.04,0
2025.7.1 0:07,R01,M01,31.198,27.676,29.437,3.6785,3.6497,87.94,41.518,34.302,37.91,83.846,99.36,0
2025.7.1 0:07,R01,M02,31.788,27.898,29.843,3.679,3.6492,87.94,42.264,33.673,37.969,85.009,98.619,0
2025.7.1 0:07,R01,M03,32.19,28.466,30.328,3.6762,3.6517,87.93,44.233,36.017,40.125,84.25,99.486,0
2025.7.1 0:07,R01,M04,31.844,27.992,29.918,3.6783,3.6452,87.88,42.094,35.34,38.717,84.3,99.318,0
2025.7.1 0:07,R01,M05,31.435,28.95,30.192,3.6847,3.6541,88.07,42.989,36.304,39.647,84.35,99.472,0
2025.7.1 0:07,R01,M06,32.598,28.445,30.521,3.6798,3.6549,88.02,43.998,36.262,40.13,85.098,99.41,0
2025.7.1 0:07,R01,M07,33.095,29.231,31.163,3.6793,3.656,88.02,43.618,38.03,40.824,83.942,99.281,0
2025.7.1 0:07,R01,M08,43.3,31.527,38.417,3.7297,3.2583,87.24,46.807,21.996,39.541,57.258,52.473,0
2025.7.1 0:07,R01,M09,31.804,29.006,30.405,3.6823,3.6581,88.08,47.006,37.577,42.291,85.278,99.298,0
2025.7.1 0:07,R01,M10,32.27,29.61,30.94,3.6809,3.6523,88.0,45.318,37.21,41.264,84.914,98.911,0
2025.7.1 0:07,R01,M11,32.462,29.362,30.912,3.6824,3.6556,88.06,46.104,37.788,41.946,85.917,99.484,0
2025.7.1 0:07,R01,M01,31.889,27.374,29.631,3.6779,3.6495,87.93,41.03,35.43,38.23,83.515,98.666,0
2025.7.1 0:07,R01,M02,31.475,28.336,29.905,3.6775,3.6427,87.84,42.175,33.151,37.663,83.65,98.81,0
2025.7.1 0:07,R01,M03,31.972,28.313,30.142,3.6745,3.6514,87.91,42.945,34.546,38.745,84.955,98.729,0
2025.7.1 0:07,R01,M04,32.593,28.203,30.398,3.6759,3.6462,87.87,43.321,35.682,39.502,84.279,99.356,0
2025.7.1 0:07,R01,M05,32.535,28.77,30.652,3.6838,3.6548,88.06,45.192,35.335,40.264,84.289,98.571,0
2025.7.1 0:07,R01,M06,32.442,28.421,30.431,3.6782,3.6473,87.91,45.686,35.193,40.439,85.536,99.359,0
2025.7.1 0:07,R01,M07,32.303,28.499,30.401,3.6856,3.6472,87.99,44.165,37.432,40.799,84.328,98.685,0
2025.7.1 0:07,R01,M08,42.563,31.894,38.523,3.7155,3.2756,87.27,48.791,23.522,39.111,57.071,50.115,0
2025.7.1 0:07,R01,M09,32.17,29.283,30.727,3.6881,3.659,88.17,47.08,36.872,41.976,86.263,99.391,0
2025.7.1 0:07,R01,M10,33.522,29.468,31.495,3.6853,3.6522,88.05,47.979,38.02,42.999,86.526,99.466,0
2025.7.1 0:07,R01,M11,32.918,29.852,31.385,3.6852,3.6587,88.13,46.497,39.969,43.233,87.078,98.529,0
2025.7.1 0:07,R01,M01,31.786,27.273,29.529,3.6761,3.6455,87.86,40.962,33.344,37.153,83.743,99.389,0
2025.7.1 0:07,R01,M02,31.851,28.223,30.037,3.679,3.6509,87.96,41.004,34.406,37.705,83.316,99.217,0
2025.7.1 0:07,R01,M03,31.0,28.55,29.775,3.6829,3.6468,87.96,42.795,36.204,39.499,84.969,99.262,0
2025.7.1 0:07,R01,M04,31.148,27.899,29.523,3.6752,3.6442,87.83,42.602,35.604,39.103,84.184,98.995,0
2025.7.1 0:07,R01,M05,32.382,28.082,30.232,3.6767,3.6487,87.9,44.858,36.839,40.849,83.903,98.78,0
2025.7.1 0:07,R01,M06,32.969,28.475,30.722,3.6803,3.6464,87.92,45.516,35.259,40.388,85.616,99.058,0
2025.7.1 0:07,R01,M07,33.329,29.34,31.334,3.6803,3.6559,88.03,45.221,36.13,40.675,85.882,99.001,0
2025.7.1 0:07,R01,M08,41.193,31.777,39.717,3.727,3.2906,87.6,49.398,21.167,36.844,58.729,53.85,0
2025.7.1 0:07,R01,M09,32.948,29.343,31.145,3.6863,3.6536,88.08,45.977,38.617,42.297,85.636,99.32,0
2025.7.1 0:07,R01,M10,33.435,29.31,31.373,3.6899,3.6503,88.08,46.298,39.873,43.085,86.382,98.804,0
2025.7.1 0:07,R01,M11,32.974,29.681,31.328,3.6843,3.6539,88.06,47.418,39.53,43.474,86.105,99.43,0
2025.7.1 0:07,R01,M01,31.172,27.462,29.317,3.6724,3.6427,87.78,42.416,32.617,37.516,84.548,98.813,0
2025.7.1 0:07,R01,M02,30.86,27.677,29.268,3.6782,3.6468,87.9,42.182,35.65,38.916,84.529,99.44,0
2025.7.1 0:07,R01,M03,32.013,28.275,30.144,3.6731,3.6526,87.91,42.66,34.506,38.583,83.998,98.685,0
2025.7.1 0:07,R01,M04,31.726,28.698,30.212,3.6773,3.6452,87.87,42.745,35.749,39.247,84.809,99.207,0
2025.7.1 0:07,R01,M05,32.309,28.873,30.591,3.6821,3.653,88.02,43.404,34.626,39.015,85.122,99.189,0
2025.7.1 0:07,R01,M06,32.317,28.651,30.484,3.6793,3.6464,87.91,43.205,36.37,39.787,84.436,99.012,0
2025.7.1 0:07,R01,M07,31.887,28.973,30.43,3.6793,3.6481,87.93,45.33,36.703,41.017,84.573,99.347,0
2025.7.1 0:07,R01,M08,43.676,31.793,38.305,3.7115,3.2766,87.6,46.999,23.685,38.333,57.547,53.736,0
2025.7.1 0:07,R01,M09,32.642,29.005,30.824,3.6863,3.6588,88.14,47.19,38.188,42.689,85.512,98.837,0
2025.7.1 0:07,R01,M10,32.065,29.708,30.886,3.6892,3.6584,88.17,45.436,37.958,41.697,85.119,98.895,0
2025.7.1 0:07,R01,M11,33.339,30.069,31.704,3.686,3.6592,88.14,48.456,39.502,43.979,86.873,99.076,0
2025.7.1 0:07,R01,M01,31.467,27.941,29.704,3.6768,3.6457,87.87,42.836,34.231,38.534,84.812,99.158,0
2025.7.1 0:07,R01,M02,30.675,27.977,29.326,3.68,3.6515,87.98,41.738,35.974,38.856,84.969,98.656,0
2025.7.1 0:07,R01,M03,31.844,28.032,29.938,3.6758,3.6455,87.86,43.964,35.161,39.562,83.333,99.063,0
2025.7.1 0:07,R01,M04,31.77,28.791,30.28,3.6834,3.6498,88.0,43.766,35.519,39.642,83.463,99.036,0
2025.7.1 0:07,R01,M05,32.732,28.129,30.431,3.6765,3.6469,87.88,42.718,34.76,38.739,83.704,99.235,0
2025.7.1 0:07,R01,M06,32.193,29.198,30.695,3.6806,3.651,87.98,45.794,37.017,41.406,84.699,98.91,0
2025.7.1 0:07,R01,M07,32.885,28.646,30.765,3.6844,3.6548,88.07,44.012,37.778,40.895,85.3,99.19,0
2025.7.1 0:07,R01,M08,42.525,31.439,39.948,3.7166,3.2715,87.72,48.254,20.981,36.279,58.283,53.501,0
2025.7.1 0:07,R01,M09,32.311,29.475,30.893,3.6883,3.6554,88.12,46.566,38.694,42.63,84.699,98.749,0
2025.7.1 0:07,R01,M10,33.349,29.152,31.25,3.6883,3.6598,88.18,46.944,39.899,43.422,86.713,99.316,0
2025.7.1 0:07,R01,M11,33.563,29.582,31.573,3.6865,3.657,88.12,47.745,39.889,43.817,87.246,98.696,0
2025.7.1 0:07,R01,M01,31.582,28.136,29.859,3.6768,3.6437,87.85,41.548,34.41,37.979,83.851,98.642,0
2025.7.1 0:07,R01,M02,32.299,27.567,29.933,3.6805,3.6437,87.89,41.698,34.978,38.338,84.015,98.916,0
2025.7.1 0:07,R01,M03,32.294,28.309,30.301,3.6809,3.6523,88.0,43.074,34.834,38.954,83.861,99.387,0
2025.7.1 0:07,R01,M04,32.543,28.453,30.498,3.6755,3.649,87.89,42.715,35.173,38.944,85.082,98.555,0
2025.7.1 0:07,R01,M05,32.931,28.869,30.9,3.6806,3.6516,87.99,43.84,34.588,39.214,85.03,98.956,0
2025.7.1 0:07,R01,M06,31.234,28.329,29.782,3.681,3.6555,88.04,43.681,36.101,39.891,85.059,99.374,0
2025.7.1 0:07,R01,M07,31.894,28.982,30.438,3.6817,3.6549,88.04,45.492,38.376,41.934,84.954,99.4,0
2025.7.1 0:07,R01,M08,41.126,31.391,38.615,3.7136,3.2669,87.31,47.156,22.788,36.686,58.44,52.345,0
2025.7.1 0:07,R01,M09,32.976,29.27,31.123,3.688,3.6545,88.11,46.742,37.942,42.342,85.08,98.967,0
2025.7.1 0:07,R01,M10,33.387,29.984,31.686,3.684,3.6568,88.09,46.331,37.31,41.821,86.277,98.849,0
2025.7.1 0:07,R01,M11,32.371,29.424,30.898,3.6887,3.6553,88.13,46.795,38.077,42.436,87.214,98.65,0
2025.7.1 0:07,R01,M01,30.447,28.101,29.274,3.6724,3.6488,87.85,40.655,34.586,37.62,83.522,98.505,0
2025.7.1 0:07,R01,M02,30.875,28.072,29.474,3.6725,3.6439,87.8,43.591,34.507,39.049,83.415,98.606,0
2025.7.1 0:07,R01,M03,31.233,28.598,29.916,3.675,3.6494,87.89,42.623,33.877,38.25,84.505,98.983,0
2025.7.1 0:07,R01,M04,31.603,28.276,29.94,3.6763,3.6448,87.85,43.686,35.493,39.59,83.902,99.362,0
2025.7.1 0:07,R01,M05,31.222,28.882,30.052,3.682,3.649,87.97,43.411,35.04,39.225,84.097,99.244,0
2025.7.1 0:07,R01,M06,32.38,29.183,30.782,3.6799,3.6474,87.93,43.075,35.866,39.471,84.8,99.071,0
2025.7.1 0:07,R01,M07,32.723,29.122,30.922,3.677,3.6478,87.9,45.878,36.168,41.023,84.36,99.166,0
2025.7.1 0:07,R01,M08,43.402,32.005,38.023,3.7202,3.2703,87.56,48.068,23.79,38.996,58.345,52.063,0
2025.7.1 0:07,R01,M09,33.742,29.648,31.695,3.6824,3.657,88.07,46.179,39.141,42.66,86.624,98.664,0
2025.7.1 0:07,R01,M10,32.656,29.127,30.892,3.6842,3.6518,88.03,45.572,37.954,41.763,85.18,99.16,0
2025.7.1 0:07,R01,M11,33.844,29.761,31.803,3.6836,3.6522,88.03,46.349,38.324,42.337,85.839,99.211,0
2025.7.1 0:07,R01,M01,31.272,28.07,29.671,3.6789,3.6495,87.94,40.65,35.385,38.017,84.942,99.352,0
2025.7.1 0:07,R01,M02,30.408,27.941,29.175,3.6722,3.6471,87.83,41.764,33.657,37.71,84.483,98.52,0
2025.7.1 0:07,R01,M03,31.496,27.81,29.653,3.6775,3.6448,87.87,43.451,33.68,38.566,85.067,98.531,0
2025.7.1 0:07,R01,M04,32.697,28.348,30.523,3.6785,3.6517,87.96,43.191,35.645,39.418,84.007,98.924,0
2025.7.1 0:07,R01,M05,31.55,28.18,29.865,3.6768,3.6491,87.91,42.989,36.966,39.977,83.797,99.3,0
2025.7.1 0:07,R01,M06,31.639,28.703,30.171,3.6809,3.6468,87.93,43.773,36.716,40.245,85.183,98.622,0
2025.7.1 0:07,R01,M07,32.125,28.422,30.273,3.681,3.6551,88.03,43.769,36.48,40.124,84.657,98.676,0
2025.7.1 0:07,R01,M08,43.936,32.102,38.374,3.715,3.3015,87.67,49.204,20.823,37.883,56.769,50.148,0
2025.7.1 0:07,R01,M09,33.173,29.37,31.272,3.6871,3.6577,88.14,45.902,37.554,41.728,86.459,98.528,0
2025.7.1 0:07,R01,M10,32.24,29.269,30.755,3.6851,3.6559,88.09,45.969,37.03,41.499,86.428,98.672,0
2025.7.1 0:07,R01,M11,32.273,29.303,30.788,3.6897,3.6574,88.17,46.877,39.338,43.108,87.375,98.683,0
2025.7.1 0:07,R01,M01,31.914,27.366,29.64,3.6733,3.6448,87.82,42.749,35.184,38.966,84.924,99.491,0
2025.7.1 0:07,R01,M02,31.218,27.595,29.407,3.6767,3.6447,87.86,42.35,34.059,38.204,84.732,98.874,0
2025.7.1 0:07,R01,M03,31.504,28.431,29.968,3.6785,3.6529,87.98,43.849,36.0,39.924,84.944,99.268,0
2025.7.1 0:07,R01,M04,31.729,28.079,29.904,3.6823,3.6529,88.02,44.945,36.123,40.534,83.959,98.871,0
2025.7.1 0:07,R01,M05,31.373,28.746,30.059,3.6757,3.6464,87.87,42.706,35.859,39.282,84.002,98.616,0
2025.7.1 0:07,R01,M06,31.509,28.797,30.153,3.6776,3.6554,88.0,44.19,37.194,40.692,85.013,99.133,0
2025.7.1 0:07,R01,M07,33.229,28.737,30.983,3.6832,3.6494,87.99,46.332,36.741,41.537,84.73,99.307,0
2025.7.1 0:07,R01,M08,41.68,31.122,38.028,3.7182,3.2559,88.08,48.011,22.335,37.206,56.664,50.111,0
2025.7.1 0:07,R01,M09,32.012,28.981,30.497,3.687,3.6579,88.14,44.649,37.168,40.909,85.822,98.703,0
2025.7.1 0:07,R01,M10,32.696,29.913,31.304,3.6805,3.6509,87.98,46.482,37.576,42.029,86.012,98.509,0
2025.7.1 0:07,R01,M11,33.185,29.78,31.483,3.6848,3.6574,88.11,46.894,40.443,43.668,86.701,99.078,0
2025.7.1 0:07,R01,M01,30.724,27.534,29.129,3.6748,3.649,87.89,40.898,34.678,37.788,83.09,98.834,0
2025.7.1 0:07,R01,M02,30.625,28.273,29.449,3.6813,3.6421,87.88,42.324,34.077,38.2,83.844,99.11,0
2025.7.1 0:07,R01,M03,32.472,27.64,30.056,3.6794,3.6519,87.98,42.278,33.959,38.118,84.395,98.971,0
2025.7.1 0:07,R01,M04,32.59,28.633,30.611,3.6819,3.6479,87.96,43.743,34.008,38.876,84.002,99.077,0
2025.7.1 0:07,R01,M05,32.148,28.262,30.205,3.6793,3.6468,87.91,43.637,36.547,40.092,84.559,99.266,0
2025.7.1 0:07,R01,M06,32.116,28.296,30.206,3.6778,3.6468,87.9,43.476,36.769,40.123,84.45,99.103,0
2025.7.1 0:07,R01,M07,32.156,28.703,30.429,3.6811,3.6474,87.94,44.456,37.604,41.03,85.821,99.36,0
2025.7.1 0:07,R01,M08,43.434,32.578,38.423,3.7133,3.2539,87.98,49.309,24.787,37.045,58.086,52.667,0
2025.7.1 0:07,R01,M09,31.936,29.543,30.739,3.6837,3.6557,88.07,46.906,39.375,43.141,86.73,98.518,0
2025.7.1 0:07,R01,M10,32.703,29.628,31.166,3.6832,3.6541,88.05,47.968,39.231,43.6,85.333,98.822,0
2025.7.1 0:07,R01,M11,33.78,29.838,31.809,3.6835,3.6514,88.02,46.901,38.076,42.489,86.957,99.134,0
2025.7.1 0:08,R01,M01,31.078,27.557,29.317,3.6782,3.6453,87.88,41.107,33.901,37.504,84.364,99.378,0
2025.7.1 0:08,R01,M02,30.456,28.102,29.279,3.678,3.6497,87.93,43.273,33.4,38.337,84.052,99.392,0
2025.7.1 0:08,R01,M03,32.489,27.924,30.206,3.6807,3.6431,87.89,42.507,34.814,38.66,84.519,98.552,0
2025.7.1 0:08,R01,M04,32.664,28.745,30.705,3.6831,3.6442,87.93,42.595,35.581,39.088,84.566,99.375,0
2025.7.1 0:08,R01,M05,31.505,28.218,29.861,3.6811,3.6533,88.01,43.847,34.757,39.302,84.833,99.299,0
2025.7.1 0:08,R01,M06,32.275,28.54,30.407,3.6833,3.651,88.01,45.559,37.48,41.519,85.42,99.483,0
2025.7.1 0:08,R01,M07,32.129,29.099,30.614,3.6868,3.6533,88.08,43.678,36.926,40.302,85.868,99.169,0
2025.7.1 0:08,R01,M08,41.684,31.835,38.136,3.7133,3.2751,87.88,49.308,22.612,38.197,56.618,51.625,0
2025.7.1 0:08,R01,M09,33.342,28.957,31.149,3.6849,3.6504,88.02,44.636,37.684,41.16,86.191,99.22,0
2025.7.1 0:08,R01,M10,32.295,29.01,30.653,3.6844,3.6526,88.04,45.931,37.98,41.956,85.333,98.583,0
2025.7.1 0:08,R01,M11,32.663,29.51,31.087,3.681,3.6514,87.99,48.242,38.752,43.497,86.688,98.945,0
2025.7.1 0:08,R01,M01,32.033,27.204,29.619,3.6809,3.6422,87.88,43.424,33.29,38.357,84.259,98.61,0
2025.7.1 0:08,R01,M02,31.034,27.602,29.318,3.68,3.6489,87.95,43.638,34.309,38.974,84.461,99.166,0
2025.7.1 0:08,R01,M03,31.621,27.808,29.715,3.6731,3.6475,87.85,43.516,35.612,39.564,83.382,98.837,0
2025.7.1 0:08,R01,M04,30.895,28.26,29.578,3.6838,3.6455,87.95,42.699,36.422,39.56,83.567,99.491,0
2025.7.1 0:08,R01,M05,31.479,28.232,29.855,3.6845,3.6454,87.96,43.864,35.421,39.642,84.051,99.321,0
2025.7.1 0:08,R01,M06,32.053,28.57,30.311,3.6775,3.6543,87.98,43.902,35.01,39.456,85.489,99.108,0
2025.7.1 0:08,R01,M07,32.452,28.535,30.493,3.6816,3.6553,88.04,45.849,38.131,41.99,84.5,98.934,0
2025.7.1 0:08,R01,M08,43.035,31.921,39.562,3.7234,3.2659,87.32,49.455,24.873,39.408,56.137,52.897,0
2025.7.1 0:08,R01,M09,31.988,29.473,30.73,3.6797,3.6508,87.97,46.951,38.337,42.644,85.414,98.915,0
2025.7.1 0:08,R01,M10,32.711,29.6,31.155,3.6875,3.6519,88.07,47.251,38.54,42.895,86.361,99.157,0
2025.7.1 0:08,R01,M11,33.293,29.303,31.298,3.6853,3.653,88.06,48.336,38.312,43.324,87.509,98.829,0
2025.7.1 0:08,R01,M01,31.56,27.662,29.611,3.6714,3.6412,87.75,42.325,32.711,37.518,83.418,99.048,0
2025.7.1 0:08,R01,M02,30.55,28.096,29.323,3.6757,3.6478,87.88,41.771,35.408,38.59,84.223,98.961,0
2025.7.1 0:08,R01,M03,32.459,27.908,30.184,3.6736,3.6481,87.86,42.567,34.199,38.383,84.73,98.913,0
2025.7.1 0:08,R01,M04,32.357,28.409,30.383,3.6838,3.6521,88.03,43.104,35.213,39.159,84.704,99.436,0
2025.7.1 0:08,R01,M05,32.935,28.955,30.945,3.6791,3.6471,87.91,44.185,34.618,39.401,85.633,99.297,0
2025.7.1 0:08,R01,M06,31.909,28.631,30.27,3.6842,3.6543,88.06,45.984,37.031,41.508,85.655,98.972,0
2025.7.1 0:08,R01,M07,31.84,28.867,30.354,3.6814,3.6523,88.0,43.898,38.42,41.159,85.884,98.599,0
2025.7.1 0:08,R01,M08,42.025,31.896,38.514,3.7176,3.2607,87.79,49.658,22.791,37.071,55.993,51.092,0
2025.7.1 0:08,R01,M09,33.302,28.809,31.056,3.6823,3.6571,88.07,45.758,37.772,41.765,86.733,99.412,0
2025.7.1 0:08,R01,M10,32.733,29.673,31.203,3.6831,3.6521,88.02,47.383,38.515,42.949,86.997,98.754,0
2025.7.1 0:08,R01,M11,33.369,29.313,31.341,3.6865,3.661,88.17,48.487,38.961,43.724,87.362,98.603,0
2025.7.1 0:08,R01,M01,31.428,27.464,29.446,3.6743,3.6437,87.82,41.735,35.149,38.442,84.852,98.504,0
2025.7.1 0:08,R01,M02,31.499,28.369,29.934,3.6735,3.6466,87.84,41.833,34.527,38.18,83.305,98.769,0
2025.7.1 0:08,R01,M03,31.743,28.126,29.934,3.6789,3.6433,87.87,41.687,34.72,38.203,83.52,99.139,0
2025.7.1 0:08,R01,M04,32.003,28.303,30.153,3.6748,3.6515,87.92,43.886,35.064,39.475,83.631,98.881,0
2025.7.1 0:08,R01,M05,32.171,28.692,30.431,3.6811,3.6454,87.92,44.294,36.151,40.222,85.254,98.969,0
2025.7.1 0:08,R01,M06,31.547,28.874,30.21,3.6817,3.6504,87.99,43.967,37.923,40.945,85.607,99.493,0
2025.7.1 0:08,R01,M07,31.578,28.454,30.016,3.6831,3.6524,88.03,44.564,38.199,41.382,84.41,99.007,0
2025.7.1 0:08,R01,M08,42.086,32.947,39.269,3.719,3.2779,87.13,48.595,24.421,36.552,57.328,51.882,0
2025.7.1 0:08,R01,M09,32.624,29.065,30.845,3.6853,3.655,88.08,46.337,37.781,42.059,86.35,99.269,0
2025.7.1 0:08,R01,M10,32.851,29.28,31.066,3.6838,3.6589,88.11,46.592,39.579,43.085,86.179,99.173,0
2025.7.1 0:08,R01,M11,33.042,29.846,31.444,3.6903,3.6526,88.11,46.211,37.981,42.096,85.654,99.498,0
2025.7.1 0:08,R01,M01,30.28,27.752,29.016,3.6791,3.6446,87.88,42.427,33.385,37.906,84.207,99.405,0
2025.7.1 0:08,R01,M02,31.559,27.995,29.777,3.6749,3.6455,87.84,43.295,33.251,38.273,84.7,98.738,0
2025.7.1 0:08,R01,M03,31.263,28.043,29.653,3.6734,3.6472,87.85,41.647,34.941,38.294,83.468,99.347,0
2025.7.1 0:08,R01,M04,30.801,28.041,29.421,3.6832,3.6446,87.93,43.273,36.576,39.925,84.663,98.775,0
2025.7.1 0:08,R01,M05,32.036,28.538,30.287,3.6763,3.6547,87.97,42.858,36.46,39.659,84.115,99.275,0
2025.7.1 0:08,R01,M06,33.01,28.437,30.724,3.6794,3.6553,88.02,45.736,35.657,40.697,84.641,99.107,0
2025.7.1 0:08,R01,M07,32.056,28.447,30.252,3.6816,3.6522,88.01,45.647,37.769,41.708,84.984,99.476,0
2025.7.1 0:08,R01,M08,41.754,31.847,38.298,3.7218,3.243,87.6,46.972,25.266,36.414,56.74,51.077,0
2025.7.1 0:08,R01,M09,32.581,29.639,31.11,3.6805,3.6503,87.97,46.454,38.344,42.399,86.333,98.62,0
2025.7.1 0:08,R01,M10,32.72,29.609,31.165,3.6896,3.6579,88.17,46.997,37.956,42.477,85.707,98.695,0
2025.7.1 0:08,R01,M11,33.166,29.546,31.356,3.689,3.6551,88.13,47.82,38.973,43.397,86.196,98.61,0
2025.7.1 0:08,R01,M01,31.429,27.704,29.566,3.6742,3.643,87.81,43.33,34.268,38.799,83.444,99.082,0
2025.7.1 0:08,R01,M02,30.865,28.135,29.5,3.6753,3.6507,87.91,42.271,33.598,37.934,83.471,98.595,0
2025.7.1 0:08,R01,M03,31.867,28.346,30.107,3.6748,3.6511,87.91,42.407,34.279,38.343,84.094,99.001,0
2025.7.1 0:08,R01,M04,32.261,28.386,30.324,3.6759,3.6472,87.88,42.965,34.536,38.751,84.677,99.179,0
2025.7.1 0:08,R01,M05,31.007,28.087,29.547,3.6767,3.6525,87.95,43.49,35.834,39.662,85.514,99.452,0
2025.7.1 0:08,R01,M06,31.323,29.003,30.163,3.6839,3.6553,88.07,43.537,35.867,39.702,84.09,99.151,0
2025.7.1 0:08,R01,M07,32.31,29.379,30.845,3.6811,3.649,87.96,45.828,36.824,41.326,84.869,99.01,0
2025.7.1 0:08,R01,M08,41.919,32.646,39.68,3.7253,3.2366,87.34,48.319,25.181,37.48,56.137,51.607,0
2025.7.1 0:08,R01,M09,32.841,28.863,30.852,3.6885,3.6497,88.06,47.089,38.962,43.026,85.412,99.198,0
2025.7.1 0:08,R01,M10,32.844,29.253,31.049,3.6816,3.6594,88.09,47.958,37.075,42.517,86.14,99.053,0
2025.7.1 0:08,R01,M11,33.244,29.465,31.355,3.6815,3.6553,88.04,45.818,38.305,42.061,87.086,99.3,0
2025.7.1 0:08,R01,M01,31.445,27.212,29.328,3.6725,3.6467,87.83,41.383,34.914,38.148,83.147,98.811,0
2025.7.1 0:08,R01,M02,32.271,28.162,30.216,3.6813,3.6489,87.96,43.21,33.724,38.467,85.232,98.818,0
2025.7.1 0:08,R01,M03,31.975,27.869,29.922,3.6734,3.6481,87.86,41.528,34.228,37.878,83.695,99.393,0
2025.7.1 0:08,R01,M04,32.771,28.311,30.541,3.6757,3.6451,87.85,43.705,36.653,40.179,83.954,99.062,0
2025.7.1 0:08,R01,M05,32.359,28.859,30.609,3.6793,3.6516,87.97,43.023,36.864,39.944,85.157,99.46,0
2025.7.1 0:08,R01,M06,31.617,28.515,30.066,3.68,3.6461,87.91,45.715,36.437,41.076,84.828,98.884,0
2025.7.1 0:08,R01,M07,31.862,28.979,30.42,3.6817,3.6553,88.04,45.683,36.095,40.889,85.755,99.099,0
2025.7.1 0:08,R01,M08,44.342,31.519,37.97,3.7106,3.2522,87.42,46.231,24.164,35.775,56.817,50.164,0
2025.7.1 0:08,R01,M09,32.925,29.098,31.011,3.6887,3.6588,88.17,45.219,39.215,42.217,85.602,99.139,0
2025.7.1 0:08,R01,M10,33.135,29.021,31.078,3.688,3.6515,88.07,45.673,39.796,42.734,87.241,98.69,0
2025.7.1 0:08,R01,M11,33.548,29.361,31.455,3.6884,3.6559,88.13,46.863,38.594,42.728,87.192,99.302,0
2025.7.1 0:08,R01,M01,31.921,27.69,29.806,3.6792,3.6446,87.89,40.753,33.598,37.175,84.707,98.956,0
2025.7.1 0:08,R01,M02,31.199,27.56,29.38,3.6734,3.6502,87.88,41.811,35.571,38.691,83.618,98.787,0
2025.7.1 0:08,R01,M03,31.902,28.591,30.247,3.6789,3.6499,87.95,43.39,34.76,39.075,83.545,98.57,0
2025.7.1 0:08,R01,M04,31.768,28.044,29.906,3.6775,3.6497,87.93,42.9,36.679,39.79,84.871,98.507,0
2025.7.1 0:08,R01,M05,31.351,28.278,29.814,3.6828,3.6461,87.95,42.915,37.153,40.034,84.259,99.131,0
2025.7.1 0:08,R01,M06,31.798,28.701,30.249,3.6802,3.6492,87.95,45.678,35.537,40.608,84.554,99.146,0
2025.7.1 0:08,R01,M07,32.682,28.722,30.702,3.6856,3.6561,88.1,45.2,36.355,40.778,85.941,99.289,0
2025.7.1 0:08,R01,M08,43.245,32.153,38.951,3.7233,3.2433,87.45,47.558,25.23,37.263,57.25,50.456,0
2025.7.1 0:08,R01,M09,32.335,28.882,30.608,3.6886,3.6581,88.16,46.684,38.532,42.608,86.197,99.078,0
2025.7.1 0:08,R01,M10,32.105,29.09,30.597,3.681,3.6531,88.01,47.693,39.161,43.427,85.714,99.488,0
2025.7.1 0:08,R01,M11,32.712,29.352,31.032,3.6822,3.6544,88.04,47.139,40.031,43.585,87.654,99.059,0
2025.7.1 0:08,R01,M01,30.739,27.891,29.315,3.6796,3.6415,87.85,43.235,33.345,38.29,84.273,99.026,0
2025.7.1 0:08,R01,M02,30.582,28.026,29.304,3.672,3.6491,87.85,43.824,33.118,38.471,84.316,99.317,0
2025.7.1 0:08,R01,M03,31.329,27.7,29.514,3.6806,3.6486,87.95,44.326,33.815,39.07,85.043,99.463,0
2025.7.1 0:08,R01,M04,31.479,28.491,29.985,3.6751,3.6483,87.88,42.141,34.163,38.152,85.606,98.861,0
2025.7.1 0:08,R01,M05,32.177,28.301,30.239,3.6785,3.6525,87.97,43.85,36.866,40.358,85.174,99.424,0
2025.7.1 0:08,R01,M06,32.96,28.468,30.714,3.6797,3.6539,88.0,45.722,36.722,41.222,85.647,99.237,0
2025.7.1 0:08,R01,M07,32.896,28.56,30.728,3.6805,3.6487,87.95,44.924,37.804,41.364,84.782,99.214,0
2025.7.1 0:08,R01,M08,44.484,32.251,39.567,3.7145,3.2417,87.53,46.171,23.857,36.448,57.193,53.872,0
2025.7.1 0:08,R01,M09,33.226,29.11,31.168,3.685,3.6527,88.05,46.028,38.657,42.343,87.053,99.265,0
2025.7.1 0:08,R01,M10,33.699,29.114,31.407,3.6846,3.6563,88.09,47.788,38.776,43.282,85.521,99.405,0
2025.7.1 0:08,R01,M11,33.9,29.844,31.872,3.6857,3.6552,88.09,47.854,39.57,43.712,86.684,99.255,0
2025.7.1 0:08,R01,M01,31.708,27.462,29.585,3.6791,3.65,87.95,41.943,34.291,38.117,83.461,99.068,0
2025.7.1 0:08,R01,M02,30.847,27.767,29.307,3.6749,3.6427,87.81,42.139,33.821,37.98,84.789,99.425,0
2025.7.1 0:08,R01,M03,31.968,27.616,29.792,3.6782,3.6437,87.86,43.367,35.693,39.53,84.679,98.637,0
2025.7.1 0:08,R01,M04,31.823,28.314,30.069,3.6758,3.6509,87.92,43.824,36.446,40.135,83.72,98.94,0
2025.7.1 0:08,R01,M05,31.354,28.15,29.752,3.6814,3.6466,87.94,43.774,36.948,40.361,84.96,98.689,0
2025.7.1 0:08,R01,M06,32.456,28.872,30.664,3.6796,3.6535,88.0,44.205,36.645,40.425,84.505,98.784,0
2025.7.1 0:08,R01,M07,32.793,28.932,30.862,3.682,3.6472,87.95,45.487,37.34,41.413,85.141,98.86,0
2025.7.1 0:08,R01,M08,44.621,31.677,38.006,3.7252,3.274,87.89,48.171,23.067,36.871,56.827,51.466,0
2025.7.1 0:08,R01,M09,31.905,29.235,30.57,3.6845,3.6525,88.04,45.985,36.79,41.388,85.743,99.427,0
2025.7.1 0:08,R01,M10,33.769,29.735,31.752,3.6867,3.6522,88.07,45.485,37.726,41.605,86.467,98.713,0
2025.7.1 0:08,R01,M11,32.719,30.183,31.451,3.691,3.6586,88.2,46.881,39.855,43.368,87.726,99.423,0
2025.7.1 0:08,R01,M01,30.884,27.234,29.059,3.6798,3.6451,87.9,41.309,33.076,37.192,84.85,99.022,0
2025.7.1 0:08,R01,M02,31.054,28.367,29.71,3.6778,3.6433,87.85,43.31,35.976,39.643,83.868,99.057,0
2025.7.1 0:08,R01,M03,32.117,28.02,30.069,3.6737,3.6481,87.86,44.25,34.059,39.154,83.485,99.091,0
2025.7.1 0:08,R01,M04,32.23,27.861,30.045,3.6797,3.6539,88.0,42.834,34.418,38.626,83.725,98.562,0
2025.7.1 0:08,R01,M05,31.93,28.606,30.268,3.6762,3.6493,87.91,45.171,34.675,39.923,85.657,98.694,0
2025.7.1 0:08,R01,M06,32.808,29.077,30.943,3.6826,3.6543,88.04,43.454,37.68,40.567,86.067,98.576,0
2025.7.1 0:08,R01,M07,33.319,29.12,31.22,3.6811,3.6539,88.02,46.186,37.587,41.886,86.296,99.161,0
2025.7.1 0:08,R01,M08,42.565,31.877,38.496,3.7246,3.2474,87.75,47.104,25.013,37.395,55.619,53.19,0
2025.7.1 0:08,R01,M09,33.141,29.463,31.302,3.6803,3.6549,88.02,47.119,37.123,42.121,87.1,98.61,0
2025.7.1 0:08,R01,M10,32.255,29.59,30.922,3.6892,3.6573,88.16,45.892,39.146,42.519,85.85,99.246,0
2025.7.1 0:08,R01,M11,33.185,29.863,31.524,3.6834,3.6599,88.12,47.732,37.654,42.693,86.042,99.275,0
2025.7.1 0:08,R01,M01,31.234,27.943,29.589,3.6809,3.643,87.89,42.51,34.657,38.584,84.933,99.142,0
2025.7.1 0:08,R01,M02,32.275,27.461,29.868,3.6761,3.6424,87.82,41.271,34.464,37.867,83.358,98.984,0
2025.7.1 0:08,R01,M03,31.098,28.064,29.581,3.6825,3.6523,88.02,42.203,36.413,39.308,84.057,98.713,0
2025.7.1 0:08,R01,M04,30.82,28.057,29.438,3.6759,3.6458,87.86,42.293,34.577,38.435,84.944,99.437,0
2025.7.1 0:08,R01,M05,31.875,28.513,30.194,3.6808,3.6473,87.94,45.086,36.585,40.835,85.905,98.849,0
2025.7.1 0:08,R01,M06,31.425,28.581,30.003,3.6793,3.6469,87.91,43.347,35.119,39.233,84.78,99.464,0
2025.7.1 0:08,R01,M07,33.334,28.899,31.117,3.6815,3.653,88.01,45.114,35.741,40.427,85.488,99.013,0
2025.7.1 0:08,R01,M08,43.14,32.908,39.644,3.7216,3.2378,87.5,47.03,24.762,37.287,55.514,52.42,0
2025.7.1 0:08,R01,M09,33.368,29.785,31.577,3.6878,3.6551,88.11,44.821,36.759,40.79,86.312,98.911,0
2025.7.1 0:08,R01,M10,33.513,29.452,31.483,3.6828,3.6534,88.03,46.203,38.5,42.352,87.171,98.966,0
2025.7.1 0:08,R01,M11,33.811,29.715,31.763,3.6834,3.6593,88.11,47.516,38.339,42.927,86.716,98.544,0
2025.7.1 0:08,R01,M01,32.079,28.087,30.083,3.6807,3.6491,87.96,42.562,34.811,38.686,83.884,99.2,0
2025.7.1 0:08,R01,M02,31.95,28.245,30.098,3.6809,3.6486,87.95,42.633,35.397,39.015,84.429,99.463,0
2025.7.1 0:08,R01,M03,31.853,28.554,30.203,3.6802,3.6436,87.89,42.946,33.586,38.266,84.537,98.866,0
2025.7.1 0:08,R01,M04,32.341,27.981,30.161,3.6749,3.6513,87.91,43.004,34.765,38.885,84.233,99.288,0
2025.7.1 0:08,R01,M05,32.737,28.866,30.802,3.682,3.6479,87.96,44.951,34.825,39.888,85.851,99.224,0
2025.7.1 0:08,R01,M06,32.736,29.143,30.939,3.685,3.6475,87.99,43.788,35.561,39.674,85.734,99.179,0
2025.7.1 0:08,R01,M07,31.851,29.116,30.483,3.6832,3.6478,87.97,44.064,36.952,40.508,85.855,99.402,0
2025.7.1 0:08,R01,M08,42.922,32.193,38.435,3.7196,3.2435,87.47,47.364,23.365,38.556,54.989,53.169,0
2025.7.1 0:08,R01,M09,33.561,29.354,31.457,3.6798,3.6548,88.02,46.81,38.852,42.831,85.743,98.892,0
2025.7.1 0:08,R01,M10,33.883,29.83,31.857,3.6823,3.6589,88.09,45.89,38.618,42.254,87.262,98.586,0
2025.7.1 0:08,R01,M11,34.089,29.919,32.004,3.6827,3.6554,88.06,48.286,38.715,43.501,87.902,99.333,0
2025.7.1 0:08,R01,M01,31.855,27.402,29.629,3.6722,3.6434,87.79,40.866,32.978,36.922,83.478,99.048,0
2025.7.1 0:08,R01,M02,32.377,28.015,30.196,3.6819,3.652,88.01,43.544,35.474,39.509,84.1,99.28,0
2025.7.1 0:08,R01,M03,31.664,28.447,30.056,3.6775,3.6503,87.93,41.535,34.875,38.205,84.963,98.995,0
2025.7.1 0:08,R01,M04,31.402,28.222,29.812,3.6749,3.6482,87.88,44.786,35.518,40.152,84.018,99.428,0
2025.7.1 0:08,R01,M05,32.858,28.111,30.484,3.6797,3.648,87.93,45.422,36.605,41.013,85.388,98.875,0
2025.7.1 0:08,R01,M06,31.581,28.281,29.931,3.6805,3.6469,87.93,45.58,35.886,40.733,85.38,99.088,0
2025.7.1 0:08,R01,M07,32.196,28.706,30.451,3.6837,3.651,88.02,44.043,37.795,40.919,85.1,99.397,0
2025.7.1 0:08,R01,M08,43.564,32.972,38.974,3.7139,3.2545,87.84,46.177,24.808,37.138,55.124,52.193,0
2025.7.1 0:08,R01,M09,33.784,28.838,31.311,3.6842,3.6496,88.01,46.341,36.794,41.567,85.737,99.081,0
2025.7.1 0:08,R01,M10,32.499,29.658,31.079,3.6865,3.6511,88.05,46.427,39.071,42.749,86.931,99.201,0
2025.7.1 0:08,R01,M11,32.416,29.496,30.956,3.6874,3.6538,88.09,46.596,38.746,42.671,87.037,98.969,0
2025.7.1 0:08,R01,M01,31.697,28.165,29.931,3.6728,3.6487,87.86,42.695,33.212,37.954,84.369,98.744,0
2025.7.1 0:08,R01,M02,31.743,28.327,30.035,3.6803,3.6446,87.9,42.422,33.47,37.946,83.416,98.923,0
2025.7.1 0:08,R01,M03,31.376,28.45,29.913,3.6764,3.6515,87.93,41.84,34.405,38.123,85.151,98.873,0
2025.7.1 0:08,R01,M04,31.15,28.151,29.651,3.6813,3.6443,87.91,43.319,35.929,39.624,84.256,98.566,0
2025.7.1 0:08,R01,M05,31.43,28.604,30.017,3.6752,3.6482,87.88,43.954,34.554,39.254,85.755,99.036,0
2025.7.1 0:08,R01,M06,32.596,28.351,30.473,3.6806,3.651,87.98,44.684,37.302,40.993,86.104,99.353,0
2025.7.1 0:08,R01,M07,32.052,29.041,30.547,3.6786,3.652,87.97,46.489,36.823,41.656,85.952,98.657,0
2025.7.1 0:08,R01,M08,44.013,31.671,38.724,3.7273,3.2447,88.0,47.709,22.675,38.293,56.028,51.443,0
2025.7.1 0:08,R01,M09,31.939,29.16,30.55,3.6865,3.6556,88.11,45.128,38.838,41.983,85.896,99.345,0
2025.7.1 0:08,R01,M10,32.659,29.422,31.041,3.6834,3.6538,88.05,46.931,37.03,41.98,86.365,98.648,0
2025.7.1 0:08,R01,M11,32.936,29.558,31.247,3.6859,3.6559,88.1,47.571,38.357,42.964,87.664,98.994,0
2025.7.1 0:08,R01,M01,30.524,27.525,29.024,3.679,3.6434,87.87,42.914,33.8,38.357,85.047,98.763,0
2025.7.1 0:08,R01,M02,31.206,28.189,29.697,3.6765,3.6458,87.87,42.928,33.263,38.096,84.009,98.676,0
2025.7.1 0:08,R01,M03,30.909,27.673,29.291,3.6782,3.6504,87.94,42.425,34.613,38.519,84.643,98.627,0
2025.7.1 0:08,R01,M04,32.488,28.162,30.325,3.6826,3.6512,88.01,42.408,35.357,38.883,84.091,98.832,0
2025.7.1 0:08,R01,M05,32.184,28.746,30.465,3.6815,3.6487,87.96,43.2,35.032,39.116,85.173,99.384,0
2025.7.1 0:08,R01,M06,31.231,29.046,30.139,3.684,3.6497,88.0,44.162,36.125,40.144,84.554,98.674,0
2025.7.1 0:08,R01,M07,31.976,28.843,30.41,3.6778,3.651,87.95,46.492,36.641,41.566,86.189,98.751,0
2025.7.1 0:08,R01,M08,43.812,31.285,39.498,3.7212,3.2291,88.0,47.749,24.254,39.026,56.051,52.245,0
2025.7.1 0:08,R01,M09,32.804,29.145,30.974,3.6832,3.6545,88.05,45.667,38.519,42.093,86.087,99.187,0
2025.7.1 0:08,R01,M10,32.415,29.307,30.861,3.6867,3.6507,88.05,45.477,37.071,41.274,87.559,99.216,0
2025.7.1 0:08,R01,M11,32.477,29.994,31.235,3.6822,3.6557,88.05,47.052,40.285,43.668,86.527,98.611,0
2025.7.1 0:08,R01,M01,30.667,27.268,28.968,3.6805,3.6467,87.93,41.927,33.654,37.791,84.953,99.209,0
2025.7.1 0:08,R01,M02,31.69,27.853,29.772,3.6772,3.6474,87.9,43.446,33.662,38.554,83.484,99.361,0
2025.7.1 0:08,R01,M03,32.061,28.428,30.245,3.6746,3.6446,87.83,43.35,35.697,39.523,84.998,98.736,0
2025.7.1 0:08,R01,M04,32.424,28.786,30.605,3.6786,3.6533,87.98,43.294,34.027,38.66,84.879,99.173,0
2025.7.1 0:08,R01,M05,32.799,28.015,30.407,3.6825,3.6455,87.94,43.049,36.278,39.663,84.974,99.423,0
2025.7.1 0:08,R01,M06,32.437,28.333,30.385,3.6843,3.6499,88.01,45.953,37.249,41.601,84.948,98.541,0
2025.7.1 0:08,R01,M07,31.855,29.087,30.471,3.6771,3.6517,87.95,43.863,37.15,40.507,85.656,98.795,0
2025.7.1 0:08,R01,M08,43.059,31.461,37.692,3.7126,3.2649,87.15,46.487,25.205,37.0,56.435,52.733,0
2025.7.1 0:08,R01,M09,33.602,29.292,31.447,3.6845,3.6506,88.02,45.673,39.192,42.433,85.432,98.625,0
2025.7.1 0:08,R01,M10,32.902,29.355,31.129,3.6822,3.6507,87.99,46.936,38.692,42.814,86.42,99.258,0
2025.7.1 0:08,R01,M11,32.485,29.498,30.992,3.6832,3.6588,88.1,46.421,39.952,43.186,86.864,99.078,0
2025.7.1 0:08,R01,M01,31.412,28.038,29.725,3.6788,3.6416,87.84,42.201,34.247,38.224,83.868,98.503,0
2025.7.1 0:08,R01,M02,31.779,28.122,29.95,3.6808,3.6444,87.9,43.014,33.56,38.287,85.355,99.266,0
2025.7.1 0:08,R01,M03,31.717,28.42,30.069,3.6772,3.6459,87.88,43.659,35.974,39.816,84.897,98.542,0
2025.7.1 0:08,R01,M04,31.846,28.22,30.033,3.6745,3.6449,87.83,43.958,34.231,39.094,85.296,98.688,0
2025.7.1 0:08,R01,M05,31.686,28.769,30.227,3.6758,3.6498,87.91,43.383,35.498,39.441,84.483,99.34,0
2025.7.1 0:08,R01,M06,31.248,28.682,29.965,3.6798,3.6472,87.92,44.754,36.132,40.443,85.579,99.0,0
2025.7.1 0:08,R01,M07,32.062,28.421,30.241,3.678,3.6558,88.01,43.667,37.965,40.816,84.779,98.758,0
2025.7.1 0:08,R01,M08,44.186,31.358,38.518,3.7226,3.2281,87.87,49.146,23.109,38.234,55.85,51.711,0
2025.7.1 0:08,R01,M09,32.098,29.158,30.628,3.6804,3.6499,87.96,45.772,39.49,42.631,86.579,99.174,0
2025.7.1 0:08,R01,M10,33.497,29.495,31.496,3.6882,3.6525,88.09,45.088,38.242,41.665,87.687,99.234,0
2025.7.1 0:08,R01,M11,33.075,29.22,31.148,3.6851,3.6547,88.08,47.5,37.566,42.533,86.435,99.232,0
2025.7.1 0:08,R01,M01,31.447,27.804,29.625,3.6797,3.6462,87.91,43.397,34.988,39.192,84.185,99.188,0
2025.7.1 0:08,R01,M02,30.883,27.507,29.195,3.673,3.6515,87.89,41.877,35.844,38.861,84.175,99.001,0
2025.7.1 0:08,R01,M03,31.848,27.831,29.84,3.6738,3.6485,87.87,43.078,35.175,39.127,84.954,99.032,0
2025.7.1 0:08,R01,M04,32.577,28.417,30.497,3.6803,3.6487,87.95,44.83,35.438,40.134,85.336,98.626,0
2025.7.1 0:08,R01,M05,31.864,28.64,30.252,3.681,3.646,87.92,45.263,37.299,41.281,85.709,99.176,0
2025.7.1 0:08,R01,M06,32.843,29.141,30.992,3.6839,3.6522,88.03,43.915,35.121,39.518,85.065,98.805,0
2025.7.1 0:08,R01,M07,32.282,28.58,30.431,3.6837,3.6558,88.07,44.233,37.681,40.957,86.445,99.248,0
2025.7.1 0:08,R01,M08,44.788,32.696,39.048,3.7227,3.2477,87.35,49.808,25.706,35.115,55.231,51.761,0
2025.7.1 0:08,R01,M09,33.013,28.88,30.947,3.681,3.6584,88.07,46.191,38.792,42.492,86.829,99.442,0
2025.7.1 0:08,R01,M10,33.956,29.147,31.552,3.688,3.6594,88.17,45.174,39.205,42.189,86.265,99.454,0
2025.7.1 0:08,R01,M11,33.646,30.118,31.882,3.6811,3.6517,87.99,46.013,40.462,43.237,87.906,99.062,0
2025.7.1 0:08,R01,M01,31.494,27.739,29.617,3.6716,3.6445,87.79,43.171,33.033,38.102,84.409,99.352,0
2025.7.1 0:08,R01,M02,32.051,28.119,30.085,3.6806,3.6492,87.96,41.999,34.6,38.3,84.824,99.148,0
2025.7.1 0:08,R01,M03,31.997,28.412,30.204,3.6766,3.6502,87.92,42.548,35.873,39.21,85.429,98.837,0
2025.7.1 0:08,R01,M04,32.291,28.007,30.149,3.6825,3.6452,87.93,44.351,36.369,40.36,83.925,99.193,0
2025.7.1 0:08,R01,M05,32.245,28.586,30.415,3.678,3.6495,87.93,43.561,35.239,39.4,84.726,98.703,0
2025.7.1 0:08,R01,M06,32.978,28.469,30.724,3.6818,3.6512,88.0,43.826,36.332,40.079,84.917,99.185,0
2025.7.1 0:08,R01,M07,32.971,29.057,31.014,3.6865,3.6566,88.12,45.401,36.356,40.879,86.375,99.366,0
2025.7.1 0:08,R01,M08,45.013,31.574,38.164,3.7197,3.2725,87.58,46.856,26.222,37.291,56.247,50.482,0
2025.7.1 0:08,R01,M09,32.89,29.615,31.252,3.6805,3.6536,88.01,46.881,37.783,42.332,86.07,99.297,0
2025.7.1 0:08,R01,M10,33.827,29.388,31.608,3.688,3.6521,88.08,45.477,37.926,41.701,86.717,99.405,0
2025.7.1 0:08,R01,M11,34.193,29.531,31.862,3.6824,3.6601,88.11,47.871,39.665,43.768,87.662,98.81,0
2025.7.1 0:08,R01,M01,31.412,27.73,29.571,3.6803,3.6488,87.95,42.059,33.276,37.668,84.156,98.695,0
2025.7.1 0:08,R01,M02,31.867,27.621,29.744,3.6723,3.6458,87.82,43.151,35.783,39.467,84.598,99.212,0
2025.7.1 0:08,R01,M03,32.4,28.232,30.316,3.6819,3.6443,87.91,43.599,35.595,39.597,84.098,98.876,0
2025.7.1 0:08,R01,M04,31.912,28.337,30.124,3.6807,3.6469,87.93,43.703,34.806,39.255,84.198,99.462,0
2025.7.1 0:08,R01,M05,31.411,28.694,30.053,3.6804,3.6475,87.93,44.551,36.007,40.279,84.179,98.786,0
2025.7.1 0:08,R01,M06,32.255,28.58,30.418,3.6819,3.6513,88.0,43.83,37.351,40.59,86.08,99.18,0
2025.7.1 0:08,R01,M07,32.604,28.757,30.681,3.6788,3.6507,87.95,45.101,36.747,40.924,86.595,99.32,0
2025.7.1 0:08,R01,M08,43.0,32.704,39.264,3.7105,3.2772,87.78,49.843,25.918,36.555,55.653,51.197,0
2025.7.1 0:08,R01,M09,33.541,29.139,31.34,3.6833,3.6503,88.0,45.025,36.641,40.833,86.67,99.082,0
2025.7.1 0:08,R01,M10,32.697,29.759,31.228,3.6831,3.6584,88.1,47.25,39.501,43.376,87.717,99.233,0
2025.7.1 0:08,R01,M11,33.753,29.808,31.78,3.6881,3.6559,88.13,45.89,39.33,42.61,87.383,98.914,0
2025.7.1 0:08,R01,M01,31.12,27.517,29.319,3.6719,3.6417,87.76,43.144,34.767,38.956,84.067,98.755,0
2025.7.1 0:08,R01,M02,30.497,28.287,29.392,3.6789,3.6502,87.95,43.259,35.614,39.436,84.283,98.984,0
2025.7.1 0:08,R01,M03,31.83,28.463,30.146,3.6767,3.6489,87.91,42.493,34.435,38.464,83.824,98.596,0
2025.7.1 0:08,R01,M04,31.052,27.901,29.477,3.6802,3.6514,87.98,42.339,35.66,38.999,85.67,98.707,0
2025.7.1 0:08,R01,M05,31.531,28.2,29.865,3.6843,3.6479,87.99,45.359,35.38,40.37,85.918,98.621,0
2025.7.1 0:08,R01,M06,32.519,28.494,30.506,3.6777,3.6509,87.94,45.271,36.567,40.919,85.349,98.944,0
2025.7.1 0:08,R01,M07,32.863,28.638,30.751,3.6818,3.6561,88.05,43.616,36.361,39.989,86.731,99.404,0
2025.7.1 0:08,R01,M08,43.948,32.852,38.331,3.7208,3.2331,87.16,48.148,25.006,36.442,54.148,50.451,0
2025.7.1 0:08,R01,M09,32.104,29.664,30.884,3.6853,3.653,88.06,46.971,38.604,42.787,85.783,99.087,0
2025.7.1 0:08,R01,M10,32.086,29.475,30.78,3.6892,3.6542,88.12,46.831,38.154,42.493,87.126,99.29,0
2025.7.1 0:08,R01,M11,32.882,29.86,31.371,3.6896,3.6554,88.14,47.135,38.177,42.656,87.675,99.083,0
2025.7.1 0:08,R01,M01,31.218,27.367,29.293,3.6753,3.6436,87.83,41.4,32.982,37.191,84.792,98.749,0
2025.7.1 0:08,R01,M02,32.162,28.102,30.132,3.6745,3.643,87.81,42.24,34.214,38.227,83.98,99.14,0
2025.7.1 0:08,R01,M03,32.289,28.215,30.252,3.6792,3.6489,87.94,42.349,35.014,38.681,84.994,98.7,0
2025.7.1 0:08,R01,M04,32.065,28.193,30.129,3.6815,3.6511,87.99,44.689,34.377,39.533,85.702,99.07,0
2025.7.1 0:08,R01,M05,32.069,28.358,30.214,3.6821,3.645,87.93,42.629,37.344,39.986,84.76,99.374,0
2025.7.1 0:08,R01,M06,33.023,28.453,30.738,3.6835,3.6505,88.01,44.631,36.991,40.811,85.351,99.158,0
2025.7.1 0:08,R01,M07,32.862,29.285,31.074,3.6839,3.6502,88.01,44.983,36.187,40.585,86.127,99.238,0
2025.7.1 0:08,R01,M08,43.555,32.676,37.63,3.7289,3.2795,87.97,47.567,23.516,37.202,55.373,51.599,0
2025.7.1 0:08,R01,M09,33.644,28.989,31.316,3.6829,3.6523,88.02,46.638,37.554,42.096,87.293,98.501,0
2025.7.1 0:08,R01,M10,33.141,29.963,31.552,3.6835,3.6553,88.07,47.082,37.728,42.405,86.06,99.172,0
2025.7.1 0:08,R01,M11,32.338,29.617,30.977,3.6832,3.6537,88.04,47.192,39.098,43.145,87.569,99.472,0
2025.7.1 0:08,R01,M01,30.514,27.317,28.916,3.679,3.6488,87.93,41.212,34.918,38.065,83.761,98.982,0
2025.7.1 0:08,R01,M02,31.852,28.034,29.943,3.6765,3.6455,87.86,41.526,35.514,38.52,84.911,98.803,0
2025.7.1 0:08,R01,M03,30.71,28.116,29.413,3.6796,3.6506,87.96,42.064,35.579,38.822,84.226,99.19,0
2025.7.1 0:08,R01,M04,31.486,28.133,29.809,3.6839,3.6513,88.02,43.432,35.716,39.574,84.048,98.858,0
2025.7.1 0:08,R01,M05,31.027,28.06,29.544,3.6766,3.652,87.94,45.273,34.823,40.048,86.047,98.945,0
2025.7.1 0:08,R01,M06,31.887,28.281,30.084,3.6782,3.6476,87.91,44.866,37.094,40.98,85.396,98.799,0
2025.7.1 0:08,R01,M07,31.816,28.435,30.125,3.6824,3.6506,88.0,45.173,37.878,41.526,85.513,99.492,0
2025.7.1 0:08,R01,M08,45.493,32.977,37.446,3.7107,3.2458,88.09,46.137,24.852,38.296,55.038,54.08,0
2025.7.1 0:08,R01,M09,33.273,29.0,31.137,3.6855,3.6586,88.13,45.485,39.199,42.342,86.49,98.762,0
2025.7.1 0:08,R01,M10,33.226,29.515,31.37,3.6819,3.6509,87.99,45.821,39.814,42.817,87.911,99.02,0
2025.7.1 0:08,R01,M11,33.579,29.883,31.731,3.6812,3.6532,88.01,47.231,39.571,43.401,87.812,99.222,0
2025.7.1 0:08,R01,M01,31.228,27.853,29.541,3.6789,3.6435,87.87,40.569,33.423,36.996,83.913,98.978,0
2025.7.1 0:08,R01,M02,30.801,27.628,29.215,3.6751,3.6437,87.83,43.321,33.328,38.325,84.298,98.936,0
2025.7.1 0:08,R01,M03,32.405,27.614,30.01,3.6742,3.6484,87.87,43.228,35.735,39.481,85.197,98.939,0
2025.7.1 0:08,R01,M04,32.471,27.831,30.151,3.6794,3.6529,87.99,42.165,34.704,38.434,85.433,99.041,0
2025.7.1 0:08,R01,M05,31.978,28.064,30.021,3.6803,3.6533,88.0,44.571,34.725,39.648,84.427,99.308,0
2025.7.1 0:08,R01,M06,31.31,28.262,29.786,3.684,3.6514,88.02,45.843,37.296,41.57,86.028,98.81,0
2025.7.1 0:08,R01,M07,32.418,28.476,30.447,3.6853,3.6476,87.99,44.306,35.802,40.054,86.561,99.424,0
2025.7.1 0:08,R01,M08,43.582,31.462,38.755,3.7267,3.2377,87.29,48.663,25.139,36.118,54.935,50.821,0
2025.7.1 0:08,R01,M09,32.218,28.933,30.576,3.6872,3.6574,88.14,45.077,37.419,41.248,87.111,99.023,0
2025.7.1 0:08,R01,M10,33.546,29.221,31.383,3.6871,3.6596,88.16,46.718,39.472,43.095,86.059,99.332,0
2025.7.1 0:08,R01,M11,33.407,30.008,31.707,3.689,3.6584,88.17,45.633,37.697,41.665,86.685,99.005,0
2025.7.1 0:08,R01,M01,31.184,27.687,29.436,3.6752,3.6507,87.91,40.89,33.416,37.153,84.932,99.184,0
2025.7.1 0:08,R01,M02,31.347,28.326,29.837,3.6735,3.6511,87.9,41.731,33.124,37.428,84.765,98.786,0
2025.7.1 0:08,R01,M03,31.965,27.707,29.836,3.682,3.6471,87.95,43.713,35.02,39.367,85.623,98.615,0
2025.7.1 0:08,R01,M04,32.48,28.467,30.473,3.6781,3.6538,87.98,44.789,35.809,40.299,85.97,99.149,0
2025.7.1 0:08,R01,M05,32.669,28.718,30.694,3.6828,3.652,88.02,42.666,36.994,39.83,84.967,99.469,0
2025.7.1 0:08,R01,M06,31.903,28.983,30.443,3.6858,3.6531,88.07,45.253,37.271,41.262,85.91,99.084,0
2025.7.1 0:08,R01,M07,32.517,28.465,30.491,3.6783,3.6493,87.93,45.094,36.615,40.855,86.674,98.53,0
2025.7.1 0:08,R01,M08,45.754,32.047,38.198,3.7174,3.2408,87.54,48.537,23.951,35.223,53.829,51.149,0
2025.7.1 0:08,R01,M09,32.956,29.58,31.268,3.6814,3.6515,87.99,47.387,37.585,42.486,85.815,99.158,0
2025.7.1 0:08,R01,M10,33.283,29.182,31.233,3.6835,3.6534,88.04,46.537,38.758,42.648,86.531,99.158,0
2025.7.1 0:08,R01,M11,32.575,29.296,30.936,3.6822,3.652,88.01,48.178,38.286,43.232,87.273,99.441,0
2025.7.1 0:08,R01,M01,31.317,27.54,29.428,3.6747,3.6428,87.81,40.668,35.146,37.907,83.714,98.598,0
2025.7.1 0:08,R01,M02,30.68,27.909,29.294,3.6786,3.6434,87.86,41.571,35.76,38.665,85.214,99.469,0
2025.7.1 0:08,R01,M03,31.905,28.495,30.2,3.6785,3.6451,87.88,43.411,36.249,39.83,84.875,99.385,0
2025.7.1 0:08,R01,M04,32.415,28.547,30.481,3.675,3.6456,87.85,44.028,36.181,40.105,84.998,98.552,0
2025.7.1 0:08,R01,M05,32.735,28.985,30.86,3.6786,3.6532,87.98,44.76,37.342,41.051,84.693,99.033,0
2025.7.1 0:08,R01,M06,32.949,28.953,30.951,3.6845,3.6533,88.05,45.098,37.325,41.212,85.111,98.814,0
2025.7.1 0:08,R01,M07,32.204,28.702,30.453,3.6858,3.6479,88.0,46.223,37.757,41.99,86.063,99.087,0
2025.7.1 0:08,R01,M08,43.548,31.521,37.579,3.7265,3.2267,87.24,47.302,25.57,36.841,54.591,52.118,0
2025.7.1 0:08,R01,M09,31.98,29.401,30.691,3.6851,3.6527,88.05,47.398,36.585,41.992,86.209,99.399,0
2025.7.1 0:08,R01,M10,32.15,29.681,30.916,3.6877,3.6561,88.13,46.962,38.266,42.614,87.715,99.091,0
2025.7.1 0:08,R01,M11,32.534,29.692,31.113,3.6878,3.6512,88.07,47.626,39.728,43.677,86.898,99.167,0
2025.7.1 0:08,R01,M01,30.509,27.288,28.898,3.679,3.6474,87.92,42.725,33.209,37.967,84.6,99.296,0
2025.7.1 0:08,R01,M02,32.336,27.668,30.002,3.6753,3.6421,87.81,43.197,35.408,39.303,84.191,99.307,0
2025.7.1 0:08,R01,M03,30.771,27.753,29.262,3.6791,3.6513,87.96,43.347,35.292,39.32,84.146,99.0,0
2025.7.1 0:08,R01,M04,32.437,27.879,30.158,3.6837,3.6444,87.94,42.39,34.164,38.277,85.919,98.919,0
2025.7.1 0:08,R01,M05,32.639,28.77,30.705,3.675,3.6468,87.86,44.021,36.956,40.489,86.321,99.398,0
2025.7.1 0:08,R01,M06,31.316,28.529,29.922,3.678,3.6485,87.92,43.116,37.193,40.154,85.001,98.99,0
2025.7.1 0:08,R01,M07,33.267,28.453,30.86,3.6847,3.6558,88.09,46.342,36.444,41.393,85.042,98.949,0
2025.7.1 0:08,R01,M08,43.967,32.103,37.809,3.7206,3.2754,87.25,47.396,23.46,37.138,54.826,54.019,0
2025.7.1 0:08,R01,M09,32.797,29.283,31.04,3.6871,3.6558,88.11,47.422,39.283,43.352,87.008,98.56,0
2025.7.1 0:08,R01,M10,32.397,29.427,30.912,3.6841,3.6516,88.03,46.039,39.56,42.8,87.181,98.792,0
2025.7.1 0:08,R01,M11,33.535,29.71,31.622,3.684,3.6579,88.1,46.244,38.442,42.343,87.539,99.381,0
2025.7.1 0:08,R01,M01,30.303,28.093,29.198,3.6777,3.6496,87.93,41.002,34.055,37.529,84.679,98.803,0
2025.7.1 0:08,R01,M02,31.432,28.25,29.841,3.6774,3.6467,87.89,43.921,35.648,39.785,85.468,98.684,0
2025.7.1 0:08,R01,M03,30.833,28.147,29.49,3.6814,3.6457,87.93,42.469,35.724,39.096,84.49,99.185,0
2025.7.1 0:08,R01,M04,32.509,28.47,30.489,3.6775,3.6476,87.9,44.51,36.627,40.569,84.781,99.18,0
2025.7.1 0:08,R01,M05,31.864,28.106,29.985,3.6832,3.6464,87.96,44.69,34.82,39.755,84.583,98.749,0
2025.7.1 0:08,R01,M06,32.739,28.345,30.542,3.6851,3.6492,88.01,43.036,35.65,39.343,85.543,99.044,0
2025.7.1 0:08,R01,M07,32.998,29.141,31.069,3.6839,3.6493,88.0,44.354,35.591,39.972,86.417,99.078,0
2025.7.1 0:08,R01,M08,44.979,32.037,37.91,3.7143,3.2333,87.65,48.129,23.81,36.813,53.992,53.365,0
2025.7.1 0:08,R01,M09,32.906,29.158,31.032,3.6805,3.653,88.0,45.872,36.885,41.379,87.522,99.151,0
2025.7.1 0:08,R01,M10,32.023,29.048,30.535,3.6835,3.6535,88.04,46.708,37.526,42.117,86.8,98.819,0
2025.7.1 0:08,R01,M11,33.249,29.891,31.57,3.6898,3.6602,88.2,47.764,40.006,43.885,86.952,98.719,0
2025.7.1 0:08,R01,M01,30.541,27.537,29.039,3.6803,3.6471,87.93,41.739,35.35,38.544,84.238,98.702,0
2025.7.1 0:08,R01,M02,31.98,28.149,30.065,3.678,3.6507,87.94,42.389,35.047,38.718,85.516,98.774,0
2025.7.1 0:08,R01,M03,31.102,28.054,29.578,3.6777,3.6521,87.96,42.096,33.666,37.881,85.641,99.26,0
2025.7.1 0:08,R01,M04,31.834,27.893,29.864,3.6758,3.6506,87.92,44.556,36.02,40.288,85.74,99.283,0
2025.7.1 0:08,R01,M05,32.781,28.763,30.772,3.6785,3.6505,87.95,43.222,35.989,39.605,84.685,98.935,0
2025.7.1 0:08,R01,M06,31.778,28.216,29.997,3.6811,3.6508,87.98,43.547,35.871,39.709,84.874,99.381,0
2025.7.1 0:08,R01,M07,31.535,29.031,30.283,3.6802,3.647,87.93,45.221,38.295,41.758,86.349,99.147,0
2025.7.1 0:08,R01,M08,45.967,31.233,37.588,3.7227,3.2226,87.49,47.823,26.865,34.752,55.471,51.983,0
2025.7.1 0:08,R01,M09,32.167,29.626,30.897,3.6814,3.6519,88.0,47.144,37.401,42.273,87.496,98.585,0
2025.7.1 0:08,R01,M10,32.994,29.652,31.323,3.6816,3.6539,88.03,45.956,37.346,41.651,87.63,99.493,0
2025.7.1 0:08,R01,M11,34.058,29.564,31.811,3.6884,3.66,88.18,46.827,39.912,43.37,86.811,98.731,0
2025.7.1 0:08,R01,M01,30.918,27.503,29.21,3.6759,3.6438,87.84,40.53,34.979,37.755,84.354,99.244,0
2025.7.1 0:08,R01,M02,31.463,27.581,29.522,3.6754,3.6473,87.87,42.438,34.283,38.361,85.518,99.125,0
2025.7.1 0:08,R01,M03,32.091,28.165,30.128,3.6818,3.647,87.95,44.095,35.272,39.683,85.372,98.618,0
2025.7.1 0:08,R01,M04,31.335,28.356,29.846,3.6764,3.6443,87.85,43.491,34.084,38.788,84.593,99.493,0
2025.7.1 0:08,R01,M05,32.567,28.834,30.7,3.6787,3.6483,87.92,42.631,35.031,38.831,85.569,98.69,0
2025.7.1 0:08,R01,M06,32.89,28.781,30.835,3.6819,3.6531,88.02,44.123,37.857,40.99,85.74,98.618,0
2025.7.1 0:08,R01,M07,31.569,28.454,30.011,3.6854,3.6471,87.99,44.549,37.516,41.032,85.952,98.938,0
2025.7.1 0:08,R01,M08,45.739,31.26,37.262,3.7214,3.264,88.07,49.871,24.424,37.665,54.257,50.921,0
2025.7.1 0:08,R01,M09,31.871,29.239,30.555,3.6828,3.6519,88.02,46.778,36.983,41.88,86.933,99.421,0
2025.7.1 0:08,R01,M10,33.294,29.484,31.389,3.6874,3.6529,88.08,46.954,37.793,42.373,87.276,99.448,0
2025.7.1 0:08,R01,M11,33.92,29.865,31.892,3.6871,3.6594,88.16,48.488,38.067,43.278,88.31,98.539,0
2025.7.1 0:08,R01,M01,31.598,27.816,29.707,3.674,3.6493,87.88,42.747,34.768,38.758,85.436,99.262,0
2025.7.1 0:08,R01,M02,32.016,28.107,30.061,3.6783,3.643,87.86,42.424,35.539,38.981,84.945,99.115,0
2025.7.1 0:08,R01,M03,31.931,28.24,30.085,3.6807,3.6503,87.97,41.705,34.021,37.863,85.037,98.546,0
2025.7.1 0:08,R01,M04,31.028,28.43,29.729,3.6769,3.6503,87.93,44.915,35.802,40.358,86.035,98.81,0
2025.7.1 0:08,R01,M05,31.763,28.584,30.174,3.6753,3.6506,87.91,42.652,36.706,39.679,84.687,99.399,0
2025.7.1 0:08,R01,M06,31.45,28.879,30.165,3.685,3.6539,88.07,45.118,36.281,40.7,86.581,98.707,0
2025.7.1 0:08,R01,M07,32.469,28.742,30.605,3.6849,3.6486,88.0,43.509,35.517,39.513,85.769,98.732,0
2025.7.1 0:08,R01,M08,45.904,32.565,37.804,3.7107,3.2541,87.24,47.255,23.849,34.104,54.176,52.142,0
2025.7.1 0:08,R01,M09,32.997,29.384,31.191,3.6835,3.6494,87.99,46.369,37.989,42.179,87.839,99.182,0
2025.7.1 0:08,R01,M10,32.944,29.409,31.177,3.6861,3.6511,88.05,47.597,37.572,42.585,87.881,99.497,0
2025.7.1 0:08,R01,M11,33.203,29.805,31.504,3.6889,3.6561,88.14,47.423,40.307,43.865,87.49,99.358,0
2025.7.1 0:08,R01,M01,31.124,27.809,29.466,3.6725,3.6451,87.81,41.852,32.88,37.366,85.34,98.669,0
2025.7.1 0:08,R01,M02,30.616,27.901,29.258,3.672,3.652,87.89,42.326,34.329,38.328,85.197,99.364,0
2025.7.1 0:08,R01,M03,32.583,28.344,30.463,3.6752,3.6448,87.84,41.757,34.464,38.111,84.062,99.339,0
2025.7.1 0:08,R01,M04,32.145,28.049,30.097,3.6787,3.6442,87.87,43.066,36.751,39.909,84.805,98.854,0
2025.7.1 0:08,R01,M05,31.76,28.133,29.947,3.6779,3.6478,87.91,44.26,36.077,40.168,86.117,99.164,0
2025.7.1 0:08,R01,M06,32.624,28.451,30.538,3.6775,3.6507,87.94,45.336,37.635,41.486,86.709,99.267,0
2025.7.1 0:08,R01,M07,31.929,28.893,30.411,3.679,3.6474,87.92,43.84,36.582,40.211,86.925,98.772,0
2025.7.1 0:08,R01,M08,44.07,31.517,38.799,3.7118,3.2409,87.85,47.457,26.215,35.564,54.424,52.962,0
2025.7.1 0:08,R01,M09,33.579,29.214,31.396,3.6795,3.6521,87.98,47.453,37.103,42.278,87.417,98.811,0
2025.7.1 0:08,R01,M10,32.67,29.262,30.966,3.6847,3.6507,88.02,47.894,39.744,43.819,87.287,99.377,0
2025.7.1 0:08,R01,M11,33.724,29.944,31.834,3.6907,3.6559,88.16,48.296,38.71,43.503,86.995,98.865,0
2025.7.1 0:08,R01,M01,31.889,28.184,30.037,3.6719,3.6412,87.76,41.728,33.094,37.411,83.789,98.5,0
2025.7.1 0:08,R01,M02,30.968,28.306,29.637,3.68,3.6507,87.97,41.216,34.098,37.657,85.114,98.841,0
2025.7.1 0:08,R01,M03,30.626,27.705,29.166,3.6746,3.644,87.82,44.058,34.911,39.484,84.607,98.882,0
2025.7.1 0:08,R01,M04,30.813,28.537,29.675,3.6787,3.6498,87.94,44.051,35.831,39.941,84.597,98.588,0
2025.7.1 0:08,R01,M05,31.384,28.785,30.084,3.6752,3.6495,87.9,42.75,36.816,39.783,85.822,98.915,0
2025.7.1 0:08,R01,M06,32.013,29.026,30.52,3.6832,3.6515,88.02,45.134,37.383,41.258,85.963,98.658,0
2025.7.1 0:08,R01,M07,31.63,28.675,30.152,3.6857,3.6493,88.02,45.584,35.806,40.695,86.28,98.603,0
2025.7.1 0:08,R01,M08,46.796,31.735,38.367,3.72,3.24,87.49,48.52,23.248,36.777,53.673,54.079,0
2025.7.1 0:08,R01,M09,33.38,29.205,31.293,3.6872,3.6559,88.12,45.555,37.952,41.754,86.048,99.187,0
2025.7.1 0:08,R01,M10,32.241,29.973,31.107,3.6811,3.6507,87.98,45.711,38.687,42.199,87.743,99.179,0
2025.7.1 0:08,R01,M11,32.848,30.14,31.494,3.6904,3.6511,88.1,45.949,37.911,41.93,87.927,99.283,0
2025.7.1 0:08,R01,M01,30.814,27.679,29.246,3.6761,3.6497,87.91,42.798,33.316,38.057,84.284,98.51,0
2025.7.1 0:08,R01,M02,32.38,27.864,30.122,3.6799,3.6519,87.98,43.431,35.772,39.602,83.915,99.113,0
2025.7.1 0:08,R01,M03,32.438,28.545,30.492,3.6828,3.6445,87.93,42.994,36.295,39.645,84.955,98.512,0
2025.7.1 0:08,R01,M04,31.538,28.637,30.087,3.6767,3.6451,87.86,42.62,35.635,39.127,85.104,99.057,0
2025.7.1 0:08,R01,M05,31.006,28.627,29.816,3.6803,3.6534,88.0,44.997,34.523,39.76,84.951,99.356,0
2025.7.1 0:08,R01,M06,31.215,28.927,30.071,3.6827,3.655,88.05,44.545,36.069,40.307,86.196,99.297,0
2025.7.1 0:08,R01,M07,31.425,28.543,29.984,3.678,3.6505,87.94,44.353,38.499,41.426,86.905,99.419,0
2025.7.1 0:08,R01,M08,44.805,32.23,37.044,3.7167,3.2473,87.84,46.318,24.199,34.495,53.97,53.522,0
2025.7.1 0:08,R01,M09,32.592,28.87,30.731,3.6876,3.656,88.12,46.119,36.579,41.349,87.045,98.918,0
2025.7.1 0:08,R01,M10,32.726,29.264,30.995,3.6839,3.6563,88.08,45.859,37.408,41.633,87.072,99.243,0
2025.7.1 0:08,R01,M11,33.327,30.065,31.696,3.6813,3.6511,87.99,45.785,39.644,42.715,87.535,98.55,0
2025.7.1 0:08,R01,M01,31.485,27.318,29.401,3.6781,3.6449,87.88,43.391,32.635,38.013,83.693,99.032,0
2025.7.1 0:08,R01,M02,31.299,27.934,29.617,3.6803,3.6467,87.92,42.465,35.225,38.845,85.633,99.229,0
2025.7.1 0:08,R01,M03,32.235,28.444,30.34,3.6748,3.6503,87.9,43.977,35.212,39.594,84.211,99.082,0
2025.7.1 0:08,R01,M04,32.512,27.835,30.174,3.6814,3.6473,87.94,43.575,34.323,38.949,86.17,99.365,0
2025.7.1 0:08,R01,M05,32.36,28.214,30.287,3.6794,3.6548,88.01,44.658,37.465,41.062,85.492,98.632,0
2025.7.1 0:08,R01,M06,32.962,28.761,30.861,3.6788,3.6549,88.0,45.108,36.469,40.788,85.796,98.714,0
2025.7.1 0:08,R01,M07,31.55,28.472,30.011,3.6855,3.6504,88.03,45.441,35.92,40.681,87.188,99.263,0
2025.7.1 0:08,R01,M08,45.155,32.398,38.781,3.7274,3.2489,87.11,48.573,25.79,35.5,55.054,53.054,0
2025.7.1 0:08,R01,M09,33.117,29.537,31.327,3.6871,3.6511,88.06,46.621,38.528,42.575,87.134,98.629,0
2025.7.1 0:08,R01,M10,33.695,29.862,31.779,3.6881,3.6586,88.16,45.127,38.299,41.713,86.518,98.802,0
2025.7.1 0:08,R01,M11,33.447,29.257,31.352,3.6834,3.6518,88.02,46.105,38.504,42.304,87.226,99.42,0
2025.7.1 0:08,R01,M01,30.946,27.819,29.383,3.6729,3.6484,87.86,43.432,35.224,39.328,84.894,98.948,0
2025.7.1 0:08,R01,M02,31.051,28.031,29.541,3.6747,3.6448,87.83,41.967,35.819,38.893,85.396,99.352,0
2025.7.1 0:08,R01,M03,31.561,28.246,29.904,3.6746,3.6432,87.81,42.469,35.686,39.078,84.74,99.409,0
2025.7.1 0:08,R01,M04,31.883,28.364,30.123,3.6803,3.6448,87.9,43.485,36.072,39.779,85.415,98.525,0
2025.7.1 0:08,R01,M05,32.693,28.871,30.782,3.6828,3.6526,88.02,44.512,35.453,39.983,84.742,98.86,0
2025.7.1 0:08,R01,M06,31.849,29.103,30.476,3.6858,3.6519,88.05,44.075,36.03,40.053,85.108,99.196,0
2025.7.1 0:08,R01,M07,32.334,28.592,30.463,3.6784,3.6546,88.0,44.765,37.394,41.079,85.765,98.583,0
2025.7.1 0:08,R01,M08,46.175,32.011,37.678,3.7296,3.2224,87.16,48.103,25.258,34.576,54.171,52.889,0
2025.7.1 0:08,R01,M09,32.181,29.708,30.944,3.6833,3.6505,88.01,46.819,38.389,42.604,87.051,99.377,0
2025.7.1 0:08,R01,M10,32.229,29.561,30.895,3.6813,3.6544,88.03,45.891,39.637,42.764,87.144,98.792,0
2025.7.1 0:08,R01,M11,32.864,29.553,31.209,3.6827,3.6584,88.09,47.941,40.337,44.139,86.908,98.754,0
2025.7.1 0:08,R01,M01,30.847,27.41,29.129,3.674,3.6459,87.84,41.444,32.966,37.205,84.603,99.165,0
2025.7.1 0:08,R01,M02,31.853,28.072,29.962,3.6736,3.6489,87.87,41.224,35.554,38.389,85.203,98.548,0
2025.7.1 0:08,R01,M03,32.474,27.728,30.101,3.6778,3.6466,87.89,44.054,35.37,39.712,85.082,98.832,0
2025.7.1 0:08,R01,M04,31.954,27.929,29.941,3.6808,3.6499,87.97,42.191,36.87,39.531,85.807,98.623,0
2025.7.1 0:08,R01,M05,31.069,28.944,30.006,3.6765,3.645,87.86,43.801,35.933,39.867,85.178,98.6,0
2025.7.1 0:08,R01,M06,31.552,28.833,30.192,3.6789,3.6498,87.94,45.123,37.414,41.269,85.658,98.593,0
2025.7.1 0:08,R01,M07,31.946,28.482,30.214,3.6846,3.6472,87.98,45.68,37.951,41.816,87.33,99.26,0
2025.7.1 0:08,R01,M08,46.337,31.559,37.914,3.7148,3.2573,87.11,49.436,26.843,36.001,53.689,51.309,0
2025.7.1 0:08,R01,M09,32.909,29.018,30.963,3.6853,3.6574,88.11,44.937,39.4,42.168,87.937,98.632,0
2025.7.1 0:08,R01,M10,33.717,29.789,31.753,3.681,3.6598,88.09,46.114,38.647,42.38,87.55,99.246,0
2025.7.1 0:08,R01,M11,32.578,29.754,31.166,3.6815,3.6554,88.04,46.564,38.685,42.624,87.389,99.427,0
2025.7.1 0:08,R01,M01,31.281,27.837,29.559,3.6723,3.6451,87.81,41.167,35.092,38.13,84.381,98.664,0
2025.7.1 0:08,R01,M02,32.132,27.678,29.905,3.6753,3.6503,87.91,42.908,34.957,38.933,84.813,98.642,0
2025.7.1 0:08,R01,M03,31.482,28.301,29.892,3.6788,3.6529,87.98,42.819,36.046,39.433,84.351,98.628,0
2025.7.1 0:08,R01,M04,30.877,28.176,29.526,3.6762,3.6507,87.92,42.83,35.76,39.295,85.418,98.57,0
2025.7.1 0:08,R01,M05,32.432,28.096,30.264,3.683,3.652,88.02,42.992,35.34,39.166,84.844,98.969,0
2025.7.1 0:08,R01,M06,33.19,28.942,31.066,3.6857,3.6516,88.05,45.162,35.068,40.115,86.167,99.244,0
2025.7.1 0:08,R01,M07,32.398,28.653,30.526,3.6861,3.6501,88.03,44.548,37.188,40.868,87.322,98.56,0
2025.7.1 0:08,R01,M08,45.692,31.234,38.031,3.7252,3.2392,87.24,49.795,23.936,35.589,53.285,54.286,0
2025.7.1 0:08,R01,M09,33.625,28.889,31.257,3.6815,3.6547,88.03,45.439,39.162,42.3,87.515,99.491,0
2025.7.1 0:08,R01,M10,33.045,29.369,31.207,3.6868,3.6527,88.07,46.456,37.088,41.772,87.001,99.08,0
2025.7.1 0:08,R01,M11,32.494,30.059,31.276,3.6887,3.6588,88.17,45.865,38.711,42.288,87.883,98.881,0
2025.7.1 0:08,R01,M01,31.164,27.418,29.291,3.6741,3.642,87.79,41.164,33.479,37.322,85.634,98.905,0
2025.7.1 0:08,R01,M02,30.805,28.326,29.566,3.6736,3.6489,87.87,43.785,34.051,38.918,84.189,99.404,0
2025.7.1 0:08,R01,M03,30.984,27.609,29.297,3.6783,3.6475,87.91,43.007,34.226,38.617,85.972,98.868,0
2025.7.1 0:08,R01,M04,32.369,28.546,30.457,3.677,3.6497,87.92,44.508,34.918,39.713,85.038,99.351,0
2025.7.1 0:08,R01,M05,31.265,28.729,29.997,3.6799,3.6533,88.0,44.172,34.725,39.448,85.625,99.341,0
2025.7.1 0:08,R01,M06,31.644,28.944,30.294,3.6792,3.654,88.0,45.003,37.225,41.114,86.567,98.643,0
2025.7.1 0:08,R01,M07,31.953,28.531,30.242,3.6838,3.6557,88.07,43.709,37.643,40.676,85.971,99.045,0
2025.7.1 0:08,R01,M08,45.367,31.308,38.173,3.7176,3.2314,87.11,49.657,24.353,34.711,53.037,52.317,0
2025.7.1 0:08,R01,M09,32.042,28.864,30.453,3.6853,3.6492,88.01,46.985,38.518,42.752,87.085,99.273,0
2025.7.1 0:08,R01,M10,33.079,29.179,31.129,3.6887,3.6541,88.11,45.821,38.711,42.266,86.963,98.51,0
2025.7.1 0:08,R01,M11,34.156,29.745,31.95,3.6885,3.6512,88.08,47.751,40.341,44.046,87.145,98.808,0
2025.7.1 0:08,R01,M01,31.88,27.63,29.755,3.6727,3.649,87.86,41.53,35.331,38.431,84.17,98.64,0
2025.7.1 0:08,R01,M02,32.359,27.511,29.935,3.6779,3.6431,87.85,43.463,35.774,39.618,85.105,99.15,0
2025.7.1 0:08,R01,M03,31.13,28.208,29.669,3.6735,3.6485,87.86,43.696,33.74,38.718,85.875,99.119,0
2025.7.1 0:08,R01,M04,32.014,28.489,30.252,3.6802,3.648,87.94,44.105,35.494,39.799,85.742,99.06,0
2025.7.1 0:08,R01,M05,32.229,28.788,30.508,3.6806,3.6549,88.03,43.975,35.963,39.969,86.01,98.614,0
2025.7.1 0:08,R01,M06,31.82,28.987,30.404,3.6816,3.6555,88.05,44.927,37.163,41.045,85.149,99.392,0
2025.7.1 0:08,R01,M07,32.399,29.185,30.792,3.6786,3.6511,87.96,43.845,36.5,40.172,87.396,98.786,0
2025.7.1 0:08,R01,M08,45.749,32.134,38.233,3.7256,3.2532,87.69,49.045,26.623,35.329,53.63,53.872,0
2025.7.1 0:08,R01,M09,32.175,29.547,30.861,3.6812,3.6572,88.06,46.022,39.48,42.751,88.122,98.651,0
2025.7.1 0:08,R01,M10,32.848,29.193,31.02,3.6866,3.6573,88.13,46.974,39.309,43.141,87.817,99.293,0
2025.7.1 0:08,R01,M11,32.348,29.368,30.858,3.6854,3.6516,88.04,46.489,39.93,43.209,87.759,98.66,0
2025.7.1 0:08,R01,M01,30.425,27.514,28.97,3.6742,3.6509,87.9,43.296,33.218,38.257,84.254,98.619,0
2025.7.1 0:08,R01,M02,32.303,28.18,30.241,3.6721,3.6454,87.81,43.148,35.076,39.112,84.199,99.012,0
2025.7.1 0:08,R01,M03,31.183,28.598,29.89,3.6758,3.6456,87.86,42.399,36.021,39.21,85.964,99.474,0
2025.7.1 0:08,R01,M04,32.081,27.916,29.998,3.68,3.6511,87.97,44.457,34.398,39.428,84.511,99.096,0
2025.7.1 0:08,R01,M05,32.575,28.488,30.532,3.6849,3.6493,88.01,43.518,36.645,40.082,86.456,98.584,0
2025.7.1 0:08,R01,M06,31.747,28.499,30.123,3.6824,3.6463,87.94,45.582,36.189,40.886,87.157,98.871,0
2025.7.1 0:08,R01,M07,31.539,28.529,30.034,3.6805,3.6547,88.02,44.723,36.955,40.839,86.34,99.274,0
2025.7.1 0:08,R01,M08,46.777,32.77,36.712,3.7201,3.2113,87.41,48.082,25.733,35.486,53.938,52.777,0
2025.7.1 0:08,R01,M09,33.619,29.633,31.626,3.6871,3.6539,88.09,44.967,37.921,41.444,87.922,98.635,0
2025.7.1 0:08,R01,M10,33.834,29.59,31.712,3.6888,3.6563,88.14,45.922,39.649,42.785,88.631,98.584,0
2025.7.1 0:08,R01,M11,34.013,29.349,31.681,3.6888,3.6597,88.18,48.142,38.659,43.401,87.487,99.432,0
2025.7.1 0:08,R01,M01,30.584,27.226,28.905,3.6795,3.6509,87.96,40.819,35.072,37.946,85.324,99.057,0
2025.7.1 0:08,R01,M02,32.357,28.204,30.28,3.6743,3.6485,87.87,41.773,34.75,38.261,84.546,98.896,0
2025.7.1 0:08,R01,M03,31.263,27.607,29.435,3.6811,3.6489,87.96,43.572,35.387,39.48,85.149,99.022,0
2025.7.1 0:08,R01,M04,31.019,28.492,29.755,3.6792,3.6458,87.9,42.51,36.2,39.355,86.173,98.967,0
2025.7.1 0:08,R01,M05,32.333,28.523,30.428,3.6791,3.6528,87.98,43.302,37.28,40.291,86.267,99.03,0
2025.7.1 0:08,R01,M06,32.804,28.594,30.699,3.6858,3.6548,88.09,43.295,37.639,40.467,85.948,98.752,0
2025.7.1 0:08,R01,M07,31.628,29.165,30.396,3.6851,3.6533,88.06,45.442,36.893,41.168,87.179,98.746,0
2025.7.1 0:08,R01,M08,45.149,31.471,36.595,3.7189,3.2343,87.37,47.962,25.757,34.458,53.701,51.305,0
2025.7.1 0:08,R01,M09,32.708,29.038,30.873,3.6838,3.6579,88.1,45.701,37.557,41.629,87.164,98.828,0
2025.7.1 0:08,R01,M10,33.381,29.593,31.487,3.6825,3.6584,88.09,45.658,38.064,41.861,86.753,99.109,0
2025.7.1 0:08,R01,M11,33.608,29.875,31.741,3.6899,3.6589,88.19,48.305,39.091,43.698,89.08,98.818,0
2025.7.1 0:08,R01,M01,31.658,27.857,29.758,3.6764,3.6486,87.9,43.088,33.622,38.355,83.831,98.648,0
2025.7.1 0:08,R01,M02,31.557,27.612,29.584,3.6766,3.6451,87.86,43.842,34.032,38.937,85.03,99.422,0
2025.7.1 0:08,R01,M03,31.894,27.902,29.898,3.6754,3.6496,87.9,42.8,34.086,38.443,84.632,98.831,0
2025.7.1 0:08,R01,M04,32.183,28.649,30.416,3.6801,3.6514,87.98,44.725,34.487,39.606,85.151,99.143,0
2025.7.1 0:08,R01,M05,32.369,28.485,30.427,3.6795,3.6479,87.93,43.087,35.54,39.314,84.914,99.371,0
2025.7.1 0:08,R01,M06,31.339,29.183,30.261,3.6832,3.6493,87.99,43.571,37.005,40.288,86.934,99.138,0
2025.7.1 0:08,R01,M07,31.857,28.855,30.356,3.6831,3.657,88.08,45.788,36.002,40.895,86.934,98.971,0
2025.7.1 0:08,R01,M08,45.304,31.735,36.522,3.7262,3.2211,87.83,46.024,26.216,36.757,52.739,52.214,0
2025.7.1 0:08,R01,M09,33.116,28.989,31.053,3.6792,3.6548,88.01,44.607,38.361,41.484,86.614,99.045,0
2025.7.1 0:08,R01,M10,32.988,29.19,31.089,3.688,3.6522,88.08,47.082,39.818,43.45,88.17,99.081,0
2025.7.1 0:08,R01,M11,33.137,29.261,31.199,3.6895,3.6593,88.19,47.172,38.742,42.957,87.525,98.996,0
2025.7.1 0:08,R01,M01,30.903,27.802,29.352,3.6769,3.6473,87.89,42.375,35.309,38.842,84.548,99.401,0
2025.7.1 0:08,R01,M02,30.676,28.25,29.463,3.673,3.6514,87.89,41.384,34.133,37.758,84.699,99.069,0
2025.7.1 0:08,R01,M03,32.273,27.869,30.071,3.6817,3.6441,87.91,42.204,35.081,38.642,84.556,99.185,0
2025.7.1 0:08,R01,M04,30.903,28.045,29.474,3.6805,3.6514,87.98,42.71,34.875,38.793,85.043,99.371,0
2025.7.1 0:08,R01,M05,31.997,28.997,30.497,3.6826,3.6475,87.96,44.96,37.111,41.035,86.514,99.089,0
2025.7.1 0:08,R01,M06,32.108,28.866,30.487,3.6795,3.6482,87.93,44.909,35.037,39.973,86.634,99.258,0
2025.7.1 0:08,R01,M07,31.637,29.003,30.32,3.6791,3.6509,87.96,43.653,37.987,40.82,85.791,99.453,0
2025.7.1 0:08,R01,M08,47.653,31.193,36.496,3.7273,3.2356,87.11,47.445,23.45,33.576,53.469,53.901,0
2025.7.1 0:08,R01,M09,33.495,29.479,31.487,3.6861,3.6568,88.11,45.26,37.936,41.598,88.001,99.148,0
2025.7.1 0:08,R01,M10,32.493,29.312,30.903,3.685,3.6537,88.06,45.839,39.519,42.679,87.357,98.711,0
2025.7.1 0:08,R01,M11,33.938,29.306,31.622,3.6908,3.6598,88.21,47.414,37.637,42.526,87.671,98.893,0
2025.7.1 0:08,R01,M01,32.191,27.44,29.816,3.6719,3.6419,87.77,42.025,33.469,37.747,85.689,98.663,0
2025.7.1 0:08,R01,M02,32.007,27.65,29.828,3.6783,3.6504,87.94,41.69,34.985,38.337,84.303,99.152,0
2025.7.1 0:08,R01,M03,30.871,28.543,29.707,3.6771,3.6492,87.92,42.192,34.51,38.351,84.539,98.501,0
2025.7.1 0:08,R01,M04,32.536,27.879,30.208,3.6821,3.6516,88.0,44.266,36.338,40.302,85.818,99.114,0
2025.7.1 0:08,R01,M05,32.464,28.939,30.701,3.682,3.6464,87.94,45.22,37.046,41.133,86.107,99.173,0
2025.7.1 0:08,R01,M06,33.129,28.612,30.87,3.6772,3.6525,87.96,43.448,35.756,39.602,86.511,99.04,0
2025.7.1 0:08,R01,M07,33.229,29.158,31.194,3.6819,3.6473,87.95,44.468,38.436,41.452,87.338,98.812,0
2025.7.1 0:08,R01,M08,45.959,31.989,37.998,3.7103,3.2348,87.22,47.272,24.849,34.411,53.114,54.39,0
2025.7.1 0:08,R01,M09,32.133,29.023,30.578,3.6838,3.6552,88.07,45.554,37.814,41.684,86.618,99.071,0
2025.7.1 0:08,R01,M10,32.18,29.002,30.591,3.6826,3.657,88.08,45.914,37.312,41.613,87.11,98.579,0
2025.7.1 0:08,R01,M11,32.789,29.631,31.21,3.6862,3.6519,88.06,45.912,39.443,42.677,88.816,98.675,0
2025.7.1 0:08,R01,M01,30.992,27.601,29.297,3.6795,3.6494,87.95,40.595,34.782,37.688,85.089,98.905,0
2025.7.1 0:08,R01,M02,31.301,27.422,29.361,3.672,3.6448,87.8,41.528,35.508,38.518,85.986,98.968,0
2025.7.1 0:08,R01,M03,32.185,28.527,30.356,3.6791,3.6525,87.98,44.214,36.147,40.18,85.034,99.308,0
2025.7.1 0:08,R01,M04,31.341,28.564,29.953,3.6839,3.6514,88.02,44.181,35.726,39.953,86.44,98.837,0
2025.7.1 0:08,R01,M05,31.979,28.46,30.22,3.6755,3.6543,87.96,44.368,35.294,39.831,85.56,99.388,0
2025.7.1 0:08,R01,M06,31.616,28.788,30.202,3.6847,3.6463,87.97,44.589,35.193,39.891,87.173,98.701,0
2025.7.1 0:08,R01,M07,33.283,29.032,31.157,3.6832,3.6494,87.99,45.064,35.978,40.521,87.691,98.75,0
2025.7.1 0:08,R01,M08,45.192,32.295,37.406,3.7238,3.2528,87.58,46.287,22.405,35.383,54.251,52.423,0
2025.7.1 0:08,R01,M09,31.953,29.315,30.634,3.6848,3.6493,88.01,45.288,38.294,41.791,86.995,99.42,0
2025.7.1 0:08,R01,M10,33.328,29.759,31.544,3.6881,3.66,88.18,45.337,39.042,42.19,88.38,99.146,0
2025.7.1 0:08,R01,M11,32.353,30.06,31.206,3.689,3.6526,88.1,46.453,38.152,42.303,88.199,98.871,0
2025.7.1 0:08,R01,M01,31.86,27.996,29.928,3.6718,3.6473,87.83,42.692,35.102,38.897,83.864,99.201,0
2025.7.1 0:08,R01,M02,30.643,28.028,29.335,3.6803,3.6452,87.91,42.275,33.744,38.01,85.62,99.263,0
2025.7.1 0:08,R01,M03,32.041,28.354,30.197,3.6774,3.6445,87.86,43.593,34.099,38.846,86.305,98.652,0
2025.7.1 0:08,R01,M04,32.552,28.449,30.501,3.676,3.6451,87.85,43.916,35.058,39.487,85.903,98.74,0
2025.7.1 0:08,R01,M05,32.78,28.609,30.695,3.6781,3.6485,87.92,45.301,35.827,40.564,86.323,99.017,0
2025.7.1 0:08,R01,M06,32.726,28.415,30.57,3.6819,3.6465,87.94,43.063,37.396,40.23,86.605,98.744,0
2025.7.1 0:08,R01,M07,31.682,28.587,30.134,3.6859,3.6478,88.0,43.719,36.461,40.09,87.599,98.937,0
2025.7.1 0:08,R01,M08,47.706,31.993,37.312,3.7247,3.2189,87.28,46.323,22.697,34.075,53.927,54.136,0
2025.7.1 0:08,R01,M09,32.924,29.419,31.172,3.6832,3.655,88.06,47.409,38.632,43.02,88.037,99.278,0
2025.7.1 0:08,R01,M10,33.555,29.419,31.487,3.6863,3.6521,88.06,45.4,38.745,42.072,87.397,99.201,0
2025.7.1 0:08,R01,M11,33.768,30.012,31.89,3.6835,3.6603,88.13,48.486,38.826,43.656,88.625,99.348,0
2025.7.1 0:08,R01,M01,32.108,27.343,29.725,3.674,3.6414,87.78,43.368,34.074,38.721,85.787,99.127,0
2025.7.1 0:08,R01,M02,31.478,27.932,29.705,3.6772,3.6437,87.85,43.584,33.929,38.757,84.993,99.03,0
2025.7.1 0:08,R01,M03,30.962,28.28,29.621,3.679,3.6444,87.88,41.546,33.759,37.653,86.14,99.152,0
2025.7.1 0:08,R01,M04,32.338,28.115,30.227,3.6823,3.6502,87.99,43.317,36.131,39.724,84.755,98.745,0
2025.7.1 0:08,R01,M05,31.143,28.881,30.012,3.6779,3.6463,87.89,45.313,36.683,40.998,86.803,99.158,0
2025.7.1 0:08,R01,M06,31.438,28.238,29.838,3.6847,3.6528,88.05,44.969,36.032,40.501,86.479,99.245,0
2025.7.1 0:08,R01,M07,32.327,28.759,30.543,3.683,3.6543,88.05,45.145,38.016,41.581,86.944,98.775,0
2025.7.1 0:08,R01,M08,45.435,32.945,37.695,3.7226,3.2373,87.65,49.554,25.147,33.232,54.318,53.443,0
2025.7.1 0:08,R01,M09,33.691,29.254,31.473,3.6792,3.6523,87.98,45.414,37.081,41.248,86.931,98.639,0
2025.7.1 0:08,R01,M10,32.518,29.613,31.066,3.6862,3.6544,88.09,45.484,37.156,41.32,87.956,99.042,0
2025.7.1 0:08,R01,M11,32.969,29.69,31.33,3.6854,3.6575,88.11,46.278,39.946,43.112,89.091,99.373,0
2025.7.1 0:08,R01,M01,30.372,27.275,28.823,3.6732,3.6426,87.79,41.731,34.666,38.198,84.305,99.016,0
2025.7.1 0:08,R01,M02,31.724,27.776,29.75,3.6771,3.6445,87.86,41.858,33.744,37.801,85.89,99.048,0
2025.7.1 0:08,R01,M03,31.338,27.688,29.513,3.6778,3.6444,87.87,44.07,35.329,39.7,86.31,98.993,0
2025.7.1 0:08,R01,M04,30.916,28.109,29.513,3.6772,3.6475,87.9,43.275,35.028,39.151,85.881,99.23,0
2025.7.1 0:08,R01,M05,32.525,28.633,30.579,3.6785,3.6544,87.99,43.123,35.161,39.142,86.266,99.331,0
2025.7.1 0:08,R01,M06,31.329,28.251,29.79,3.6779,3.6533,87.97,43.335,37.785,40.56,87.201,99.454,0
2025.7.1 0:08,R01,M07,32.38,29.019,30.7,3.6867,3.6557,88.11,44.987,37.812,41.4,87.506,98.747,0
2025.7.1 0:08,R01,M08,47.934,32.164,36.756,3.7153,3.24,87.54,49.983,24.699,36.091,52.717,51.154,0
2025.7.1 0:08,R01,M09,32.887,28.946,30.916,3.6824,3.6504,87.99,45.252,38.954,42.103,88.339,98.757,0
2025.7.1 0:08,R01,M10,32.079,29.039,30.559,3.6838,3.6524,88.03,45.926,37.785,41.855,88.5,99.11,0
2025.7.1 0:08,R01,M11,32.906,29.839,31.372,3.6841,3.6556,88.08,46.144,39.362,42.753,88.986,98.512,0
2025.7.1 0:08,R01,M01,30.752,27.63,29.191,3.6727,3.65,87.87,42.474,33.641,38.057,84.916,98.606,0
2025.7.1 0:08,R01,M02,30.418,28.06,29.239,3.6755,3.6488,87.89,42.582,33.119,37.85,85.012,99.211,0
2025.7.1 0:08,R01,M03,30.98,28.015,29.498,3.6751,3.6491,87.89,42.888,34.531,38.709,85.838,99.463,0
2025.7.1 0:08,R01,M04,32.152,28.19,30.171,3.6764,3.6476,87.89,44.324,35.659,39.992,85.089,99.34,0
2025.7.1 0:08,R01,M05,32.879,28.599,30.739,3.6777,3.6485,87.91,44.819,36.542,40.681,86.325,98.996,0
2025.7.1 0:08,R01,M06,32.236,28.884,30.56,3.6775,3.6529,87.96,44.056,37.921,40.989,86.259,98.981,0
2025.7.1 0:08,R01,M07,32.315,28.511,30.413,3.6862,3.6487,88.02,45.137,35.645,40.391,86.199,98.652,0
2025.7.1 0:08,R01,M08,47.471,31.735,37.718,3.7245,3.2096,87.9,48.944,23.079,35.23,52.6,54.456,0
2025.7.1 0:08,R01,M09,33.476,29.178,31.327,3.6794,3.657,88.04,45.34,36.81,41.075,87.407,99.049,0
2025.7.1 0:08,R01,M10,33.628,29.825,31.727,3.6895,3.6525,88.1,46.397,37.705,42.051,88.266,98.591,0
2025.7.1 0:08,R01,M11,34.012,29.791,31.901,3.6901,3.6512,88.1,47.34,37.848,42.594,89.436,98.914,0
2025.7.1 0:08,R01,M01,30.21,27.302,28.756,3.6803,3.6419,87.87,42.273,33.108,37.691,85.07,99.409,0
2025.7.1 0:08,R01,M02,30.991,27.878,29.434,3.6779,3.6468,87.9,41.949,33.213,37.581,85.506,98.76,0
2025.7.1 0:08,R01,M03,31.434,27.91,29.672,3.6779,3.6469,87.9,44.223,36.044,40.133,85.946,99.428,0
2025.7.1 0:08,R01,M04,32.07,28.582,30.326,3.6794,3.6495,87.95,44.258,34.493,39.376,86.055,98.534,0
2025.7.1 0:08,R01,M05,32.885,28.642,30.764,3.6846,3.6528,88.05,44.016,35.267,39.642,86.482,98.889,0
2025.7.1 0:08,R01,M06,31.938,29.152,30.545,3.681,3.6503,87.98,43.549,37.727,40.638,87.359,98.555,0
2025.7.1 0:08,R01,M07,32.248,29.376,30.812,3.6794,3.6516,87.97,44.946,38.323,41.635,87.777,98.565,0
2025.7.1 0:08,R01,M08,46.277,32.77,36.475,3.7196,3.2505,88.03,48.574,25.946,35.863,53.868,52.848,0
2025.7.1 0:08,R01,M09,32.016,28.837,30.426,3.6832,3.6544,88.05,44.641,37.994,41.317,86.72,98.509,0
2025.7.1 0:08,R01,M10,33.763,29.699,31.731,3.6878,3.6517,88.07,46.396,38.953,42.675,87.715,99.34,0
2025.7.1 0:08,R01,M11,32.919,30.162,31.54,3.6849,3.6592,88.13,46.516,38.689,42.602,88.204,99.135,0
2025.7.1 0:08,R01,M01,30.954,27.896,29.425,3.6788,3.6415,87.84,42.992,34.165,38.578,85.426,98.993,0
2025.7.1 0:08,R01,M02,31.96,28.204,30.082,3.6786,3.6476,87.91,42.194,34.714,38.454,85.413,99.083,0
2025.7.1 0:08,R01,M03,30.868,27.817,29.343,3.6829,3.6434,87.92,43.738,36.12,39.929,86.109,98.682,0
2025.7.1 0:08,R01,M04,31.976,28.735,30.355,3.6804,3.649,87.95,42.744,35.656,39.2,85.145,98.925,0
2025.7.1 0:08,R01,M05,31.031,28.142,29.587,3.6755,3.6462,87.86,43.08,37.234,40.157,86.696,99.47,0
2025.7.1 0:08,R01,M06,31.814,29.001,30.407,3.6839,3.6502,88.01,45.01,35.659,40.334,85.843,98.698,0
2025.7.1 0:08,R01,M07,33.35,29.149,31.25,3.6802,3.6528,88.0,45.354,37.958,41.656,86.518,99.237,0
2025.7.1 0:08,R01,M08,46.147,31.649,36.831,3.7259,3.2154,87.66,46.597,24.253,35.439,53.893,51.864,0
2025.7.1 0:08,R01,M09,32.793,29.6,31.197,3.684,3.65,88.01,46.506,38.479,42.492,87.373,98.59,0
2025.7.1 0:08,R01,M10,32.565,29.906,31.235,3.6843,3.6506,88.02,47.025,38.99,43.008,87.596,99.255,0
2025.7.1 0:08,R01,M11,32.906,29.567,31.236,3.6878,3.6586,88.16,46.583,38.257,42.42,87.9,99.483,0
2025.7.1 0:08,R01,M01,30.982,27.374,29.178,3.6771,3.6489,87.91,43.278,35.185,39.231,84.543,99.112,0
2025.7.1 0:08,R01,M02,31.31,27.948,29.629,3.6774,3.6488,87.91,43.227,35.039,39.133,84.843,98.926,0
2025.7.1 0:08,R01,M03,32.008,28.246,30.127,3.6742,3.6478,87.86,44.36,36.46,40.41,84.647,98.506,0
2025.7.1 0:08,R01,M04,31.727,28.308,30.017,3.6838,3.6488,87.99,44.935,36.872,40.904,84.928,99.367,0
2025.7.1 0:08,R01,M05,31.674,28.605,30.139,3.6759,3.6488,87.9,42.853,36.888,39.87,85.258,99.295,0
2025.7.1 0:08,R01,M06,31.5,28.752,30.126,3.6798,3.6529,87.99,43.529,35.858,39.694,87.514,98.954,0
2025.7.1 0:08,R01,M07,32.689,29.397,31.043,3.6788,3.657,88.03,44.592,38.385,41.489,86.875,98.584,0
2025.7.1 0:08,R01,M08,47.86,32.078,36.475,3.7196,3.2222,87.8,46.692,23.368,32.816,53.43,51.287,0
2025.7.1 0:08,R01,M09,33.404,29.794,31.599,3.68,3.6589,88.07,45.803,37.853,41.828,87.265,98.945,0
2025.7.1 0:08,R01,M10,32.482,29.908,31.195,3.6833,3.6573,88.09,47.935,38.229,43.082,87.817,99.34,0
2025.7.1 0:08,R01,M11,32.259,30.082,31.171,3.6821,3.66,88.11,46.552,40.326,43.439,87.975,99.313,0
2025.7.1 0:08,R01,M01,31.326,27.7,29.513,3.678,3.6464,87.89,42.522,35.196,38.859,85.556,99.128,0
2025.7.1 0:08,R01,M02,32.032,27.568,29.8,3.6744,3.6421,87.8,42.969,34.565,38.767,84.664,98.567,0
2025.7.1 0:08,R01,M03,31.903,28.053,29.978,3.6762,3.644,87.84,42.063,34.547,38.305,84.784,99.258,0
2025.7.1 0:08,R01,M04,32.038,27.826,29.932,3.674,3.6539,87.93,42.609,34.189,38.399,85.861,99.293,0
2025.7.1 0:08,R01,M05,31.009,28.707,29.858,3.6832,3.6523,88.03,43.616,36.619,40.117,85.565,98.946,0
2025.7.1 0:08,R01,M06,32.55,28.214,30.382,3.6844,3.654,88.06,43.203,36.207,39.705,86.001,99.177,0
2025.7.1 0:08,R01,M07,31.422,28.61,30.016,3.6794,3.6485,87.93,46.273,37.119,41.696,86.612,98.746,0
2025.7.1 0:08,R01,M08,47.331,32.667,37.754,3.7185,3.2085,87.63,47.933,24.355,32.682,53.065,52.145,0
2025.7.1 0:08,R01,M09,33.353,29.201,31.277,3.685,3.6507,88.03,46.489,37.28,41.885,88.224,99.383,0
2025.7.1 0:08,R01,M10,33.43,29.22,31.325,3.6805,3.653,88.0,45.338,39.672,42.505,87.558,98.952,0
2025.7.1 0:08,R01,M11,32.903,29.792,31.348,3.6826,3.6529,88.03,47.106,40.478,43.792,89.168,99.395,0
2025.7.1 0:08,R01,M01,31.801,27.428,29.614,3.6775,3.65,87.93,40.639,34.732,37.686,85.229,98.732,0
2025.7.1 0:08,R01,M02,31.216,28.224,29.72,3.6809,3.6517,87.99,41.97,35.661,38.816,85.192,98.862,0
2025.7.1 0:08,R01,M03,31.981,27.915,29.948,3.6753,3.6474,87.87,42.104,36.456,39.28,85.771,99.193,0
2025.7.1 0:08,R01,M04,32.45,28.34,30.395,3.6765,3.6451,87.86,43.581,36.609,40.095,86.494,98.772,0
2025.7.1 0:08,R01,M05,32.766,28.695,30.73,3.6799,3.6508,87.97,43.885,36.213,40.049,87.254,98.569,0
2025.7.1 0:08,R01,M06,32.67,28.574,30.622,3.6854,3.6534,88.07,44.591,37.135,40.863,86.859,98.66,0
2025.7.1 0:08,R01,M07,31.955,29.377,30.666,3.6865,3.6512,88.05,46.118,37.722,41.92,87.315,98.815,0
2025.7.1 0:08,R01,M08,46.989,32.328,36.059,3.7246,3.2499,88.1,49.026,24.901,32.33,53.56,54.161,0
2025.7.1 0:08,R01,M09,33.334,29.223,31.279,3.6828,3.6511,88.01,46.779,38.886,42.833,87.267,99.064,0
2025.7.1 0:08,R01,M10,32.623,29.858,31.24,3.6802,3.6505,87.97,46.093,38.917,42.505,89.207,98.741,0
2025.7.1 0:08,R01,M11,33.187,30.115,31.651,3.688,3.6581,88.15,46.738,38.207,42.472,87.711,99.406,0
2025.7.1 0:08,R01,M01,31.259,27.905,29.582,3.6766,3.6424,87.83,42.607,33.885,38.246,84.428,98.629,0
2025.7.1 0:08,R01,M02,30.577,28.311,29.444,3.6736,3.6474,87.85,42.448,34.866,38.657,85.707,99.352,0
2025.7.1 0:08,R01,M03,31.18,28.335,29.758,3.6788,3.645,87.89,42.438,33.783,38.111,86.604,98.754,0
2025.7.1 0:08,R01,M04,32.514,28.586,30.55,3.6814,3.6491,87.97,44.018,36.428,40.223,85.838,99.338,0
2025.7.1 0:08,R01,M05,31.996,28.84,30.418,3.6791,3.6528,87.98,43.748,36.005,39.877,86.515,99.207,0
2025.7.1 0:08,R01,M06,32.389,28.966,30.678,3.6808,3.6545,88.02,44.304,35.935,40.12,86.681,98.911,0
2025.7.1 0:08,R01,M07,32.514,29.189,30.852,3.6779,3.653,87.97,46.388,37.912,42.15,87.332,99.332,0
2025.7.1 0:08,R01,M08,45.845,31.068,37.069,3.7222,3.2122,87.19,47.802,22.48,35.669,52.232,52.56,0
2025.7.1 0:08,R01,M09,31.874,28.908,30.391,3.6864,3.6568,88.12,45.274,39.441,42.358,87.48,99.445,0
2025.7.1 0:08,R01,M10,33.938,29.197,31.568,3.6899,3.6591,88.19,47.636,39.488,43.562,87.646,99.475,0
2025.7.1 0:08,R01,M11,32.294,29.389,30.841,3.6847,3.6526,88.05,45.689,38.473,42.081,89.637,99.122,0
2025.7.1 0:08,R01,M01,30.751,27.482,29.117,3.6736,3.6489,87.87,42.056,32.502,37.279,84.427,98.573,0
2025.7.1 0:08,R01,M02,31.736,27.929,29.832,3.6737,3.6457,87.83,43.852,34.327,39.09,85.428,98.601,0
2025.7.1 0:08,R01,M03,31.571,28.13,29.851,3.677,3.6499,87.92,43.868,36.111,39.989,84.964,99.186,0
2025.7.1 0:08,R01,M04,31.941,28.705,30.323,3.6797,3.6491,87.95,42.147,36.835,39.491,85.604,98.777,0
2025.7.1 0:08,R01,M05,31.574,28.572,30.073,3.6805,3.651,87.98,44.665,36.803,40.734,85.702,99.352,0
2025.7.1 0:08,R01,M06,31.733,28.887,30.31,3.6799,3.6546,88.01,45.432,35.372,40.402,85.89,98.504,0
2025.7.1 0:08,R01,M07,32.863,29.0,30.931,3.683,3.6521,88.02,44.368,36.741,40.555,86.275,98.626,0
2025.7.1 0:08,R01,M08,46.229,31.217,37.527,3.7154,3.2546,87.73,46.32,21.671,32.473,53.375,53.3,0
2025.7.1 0:08,R01,M09,33.248,29.649,31.448,3.6879,3.6514,88.07,47.173,36.652,41.913,86.992,98.794,0
2025.7.1 0:08,R01,M10,32.871,29.112,30.992,3.6836,3.6551,88.06,45.592,38.189,41.891,88.075,98.93,0
2025.7.1 0:08,R01,M11,32.644,29.717,31.18,3.6849,3.6558,88.09,46.857,38.575,42.716,87.871,98.734,0
2025.7.1 0:08,R01,M01,30.323,28.028,29.175,3.6798,3.6418,87.86,41.344,34.019,37.681,85.534,98.678,0
2025.7.1 0:08,R01,M02,32.024,28.398,30.211,3.6755,3.6505,87.91,41.797,35.212,38.505,85.584,99.135,0
2025.7.1 0:08,R01,M03,31.204,28.411,29.808,3.6751,3.6489,87.89,41.702,35.245,38.474,85.766,99.461,0
2025.7.1 0:08,R01,M04,30.888,27.986,29.437,3.682,3.6536,88.03,42.061,35.879,38.97,86.799,99.192,0
2025.7.1 0:08,R01,M05,32.696,28.261,30.478,3.6784,3.6518,87.96,45.055,35.641,40.348,85.844,98.879,0
2025.7.1 0:08,R01,M06,32.084,28.359,30.222,3.6804,3.6545,88.02,45.574,35.93,40.752,87.71,99.5,0
2025.7.1 0:08,R01,M07,32.064,29.054,30.559,3.6834,3.6535,88.04,46.341,37.662,42.002,87.766,98.532,0
2025.7.1 0:08,R01,M08,44.946,32.626,36.233,3.7136,3.2317,87.83,47.542,21.54,35.476,53.309,51.756,0
2025.7.1 0:08,R01,M09,33.135,29.704,31.419,3.6832,3.656,88.07,44.632,39.482,42.057,87.865,98.508,0
2025.7.1 0:08,R01,M10,32.788,29.136,30.962,3.6855,3.6506,88.03,47.264,38.986,43.125,89.121,99.232,0
2025.7.1 0:08,R01,M11,33.431,29.892,31.661,3.6837,3.6535,88.05,47.349,39.12,43.234,88.385,99.362,0
2025.7.1 0:08,R01,M01,30.511,27.394,28.953,3.6733,3.6484,87.86,41.809,33.702,37.755,85.049,99.099,0
2025.7.1 0:08,R01,M02,31.709,27.875,29.792,3.6802,3.6487,87.95,42.784,35.093,38.939,85.799,99.445,0
2025.7.1 0:08,R01,M03,31.566,28.136,29.851,3.6755,3.6453,87.85,44.03,33.566,38.798,85.633,99.427,0
2025.7.1 0:08,R01,M04,30.89,28.4,29.645,3.6834,3.6461,87.95,44.387,36.518,40.453,86.102,99.324,0
2025.7.1 0:08,R01,M05,31.913,28.296,30.105,3.6833,3.6511,88.01,43.345,36.369,39.857,86.083,99.279,0
2025.7.1 0:08,R01,M06,33.111,28.95,31.03,3.6809,3.6546,88.03,45.139,36.231,40.685,86.977,98.956,0
2025.7.1 0:08,R01,M07,32.803,28.486,30.645,3.6866,3.6546,88.09,45.721,37.029,41.375,87.057,99.441,0
2025.7.1 0:08,R01,M08,44.972,31.983,36.082,3.7188,3.2207,87.19,49.9,21.306,33.157,53.453,52.256,0
2025.7.1 0:08,R01,M09,32.656,29.635,31.145,3.6811,3.6508,87.98,47.488,39.003,43.245,87.064,98.893,0
2025.7.1 0:08,R01,M10,33.436,29.465,31.45,3.6853,3.6537,88.07,47.123,37.791,42.457,89.198,99.185,0
2025.7.1 0:08,R01,M11,32.642,29.942,31.292,3.6882,3.6547,88.11,46.215,38.751,42.483,87.932,99.119,0
2025.7.1 0:09,R01,M01,31.166,27.439,29.303,3.6734,3.6422,87.79,43.187,32.912,38.049,85.094,98.937,0
2025.7.1 0:09,R01,M02,32.36,27.65,30.005,3.6779,3.6484,87.92,43.348,35.542,39.445,85.498,98.509,0
2025.7.1 0:09,R01,M03,30.818,28.502,29.66,3.6823,3.6474,87.96,44.309,34.816,39.562,85.64,99.378,0
2025.7.1 0:09,R01,M04,32.243,27.918,30.081,3.6804,3.6505,87.97,44.693,35.908,40.3,86.782,99.145,0
2025.7.1 0:09,R01,M05,31.392,28.099,29.745,3.6846,3.6457,87.96,43.027,36.003,39.515,86.394,99.304,0
2025.7.1 0:09,R01,M06,31.6,29.144,30.372,3.6764,3.648,87.89,44.281,37.915,41.098,87.065,98.514,0
2025.7.1 0:09,R01,M07,32.59,28.698,30.644,3.6841,3.6511,88.02,46.349,35.695,41.022,86.558,98.932,0
2025.7.1 0:09,R01,M08,47.675,32.784,36.943,3.7266,3.2514,87.64,46.54,23.842,35.159,53.655,51.361,0
2025.7.1 0:09,R01,M09,32.246,29.624,30.935,3.6867,3.6557,88.11,47.022,37.125,42.073,87.728,99.414,0
2025.7.1 0:09,R01,M10,33.528,29.607,31.567,3.6837,3.6575,88.09,47.265,37.046,42.156,88.965,99.389,0
2025.7.1 0:09,R01,M11,32.263,29.207,30.735,3.6872,3.6567,88.13,47.741,38.755,43.248,88.442,99.002,0
2025.7.1 0:09,R01,M01,31.609,28.049,29.829,3.6747,3.6417,87.8,42.197,33.227,37.712,85.023,99.174,0
2025.7.1 0:09,R01,M02,31.684,27.597,29.641,3.6744,3.651,87.9,41.928,33.6,37.764,86.327,99.383,0
2025.7.1 0:09,R01,M03,30.642,28.485,29.563,3.6812,3.6525,88.0,41.987,34.646,38.317,85.83,98.956,0
2025.7.1 0:09,R01,M04,31.943,28.507,30.225,3.6752,3.6464,87.86,44.915,35.696,40.305,85.821,99.203,0
2025.7.1 0:09,R01,M05,31.919,28.742,30.331,3.6767,3.65,87.92,44.434,34.79,39.612,85.912,98.943,0
2025.7.1 0:09,R01,M06,32.726,28.769,30.747,3.6776,3.6506,87.94,44.885,36.953,40.919,86.108,99.489,0
2025.7.1 0:09,R01,M07,32.025,28.913,30.469,3.6846,3.6527,88.05,43.787,37.931,40.859,87.33,98.859,0
2025.7.1 0:09,R01,M08,47.262,31.017,37.047,3.7205,3.2242,87.14,46.651,23.731,32.608,52.736,51.288,0
2025.7.1 0:09,R01,M09,32.184,28.988,30.586,3.6792,3.6534,87.99,44.774,37.996,41.385,88.173,98.697,0
2025.7.1 0:09,R01,M10,32.01,29.952,30.981,3.689,3.6575,88.16,45.683,39.118,42.401,88.689,99.054,0
2025.7.1 0:09,R01,M11,32.498,29.805,31.151,3.6871,3.6597,88.16,47.68,38.862,43.271,89.087,99.459,0
2025.7.1 0:09,R01,M01,32.196,27.648,29.922,3.6801,3.6439,87.89,41.969,34.536,38.252,85.47,98.689,0
2025.7.1 0:09,R01,M02,31.295,28.023,29.659,3.6754,3.6476,87.88,41.372,33.853,37.612,84.875,99.303,0
2025.7.1 0:09,R01,M03,31.296,27.779,29.538,3.6737,3.6488,87.87,43.773,35.157,39.465,86.21,98.516,0
2025.7.1 0:09,R01,M04,31.315,28.089,29.702,3.683,3.6519,88.02,42.225,36.36,39.293,85.815,99.284,0
2025.7.1 0:09,R01,M05,32.865,28.058,30.462,3.6793,3.6521,87.98,42.915,36.563,39.739,86.76,98.822,0
2025.7.1 0:09,R01,M06,33.102,29.177,31.139,3.6815,3.6529,88.01,44.694,35.797,40.245,86.542,99.295,0
2025.7.1 0:09,R01,M07,32.118,28.579,30.349,3.6854,3.6485,88.01,44.719,37.959,41.339,86.51,98.895,0
2025.7.1 0:09,R01,M08,46.579,31.082,37.065,3.7219,3.2272,87.71,48.093,23.413,31.893,52.575,53.818,0
2025.7.1 0:09,R01,M09,32.467,29.149,30.808,3.6824,3.6545,88.04,46.064,37.578,41.821,88.781,99.316,0
2025.7.1 0:09,R01,M10,32.512,29.35,30.931,3.6899,3.6524,88.11,47.832,37.374,42.603,89.016,98.706,0
2025.7.1 0:09,R01,M11,33.449,29.241,31.345,3.6863,3.656,88.11,46.549,39.522,43.035,89.402,98.949,0
2025.7.1 0:09,R01,M01,31.367,27.267,29.317,3.6719,3.6505,87.87,41.932,34.509,38.221,85.495,98.877,0
2025.7.1 0:09,R01,M02,31.847,27.677,29.762,3.6814,3.6472,87.94,43.615,34.324,38.969,85.101,98.867,0
2025.7.1 0:09,R01,M03,32.173,28.488,30.331,3.6756,3.6439,87.83,42.558,36.464,39.511,85.162,98.748,0
2025.7.1 0:09,R01,M04,32.626,27.851,30.238,3.6803,3.6461,87.92,44.02,35.379,39.7,86.294,99.187,0
2025.7.1 0:09,R01,M05,32.531,28.633,30.582,3.6799,3.6493,87.95,43.152,36.48,39.816,85.62,99.088,0
2025.7.1 0:09,R01,M06,31.946,28.893,30.419,3.683,3.6539,88.04,43.258,36.777,40.017,87.994,99.103,0
2025.7.1 0:09,R01,M07,33.249,29.268,31.259,3.6833,3.657,88.08,46.072,38.286,42.179,88.34,99.497,0
2025.7.1 0:09,R01,M08,45.644,32.444,36.146,3.7174,3.203,87.84,47.241,21.23,33.156,53.12,51.655,0
2025.7.1 0:09,R01,M09,33.43,29.272,31.351,3.687,3.6584,88.14,44.995,37.991,41.493,87.711,99.248,0
2025.7.1 0:09,R01,M10,32.14,29.824,30.982,3.6813,3.6527,88.01,46.321,38.49,42.406,88.586,98.567,0
2025.7.1 0:09,R01,M11,32.362,29.922,31.142,3.6819,3.6594,88.1,47.795,38.627,43.211,89.784,98.519,0
2025.7.1 0:09,R01,M01,31.737,27.382,29.559,3.6744,3.6505,87.9,42.804,33.741,38.273,86.261,98.772,0
2025.7.1 0:09,R01,M02,30.597,28.224,29.41,3.6727,3.6511,87.89,41.73,35.397,38.563,85.551,99.06,0
2025.7.1 0:09,R01,M03,31.913,28.208,30.06,3.675,3.6453,87.84,42.24,36.203,39.222,85.928,98.695,0
2025.7.1 0:09,R01,M04,32.078,28.426,30.252,3.6792,3.6502,87.95,42.462,35.242,38.852,85.682,99.022,0
2025.7.1 0:09,R01,M05,31.219,28.727,29.973,3.6775,3.6451,87.87,43.276,36.313,39.794,87.62,99.387,0
2025.7.1 0:09,R01,M06,32.386,28.256,30.321,3.6828,3.6522,88.02,43.335,37.914,40.624,87.946,98.732,0
2025.7.1 0:09,R01,M07,31.891,29.207,30.549,3.6824,3.6526,88.02,45.812,38.399,42.105,87.846,98.947,0
2025.7.1 0:09,R01,M08,46.334,32.245,35.776,3.7196,3.2501,87.5,47.698,23.122,31.575,52.264,51.679,0
2025.7.1 0:09,R01,M09,32.849,29.597,31.223,3.6838,3.6503,88.01,46.279,38.793,42.536,89.004,99.384,0
2025.7.1 0:09,R01,M10,32.877,29.925,31.401,3.6828,3.6578,88.09,46.453,37.194,41.824,88.926,99.226,0
2025.7.1 0:09,R01,M11,32.923,30.17,31.547,3.6833,3.6578,88.09,47.448,38.318,42.883,88.286,98.679,0
2025.7.1 0:09,R01,M01,30.773,27.596,29.184,3.6794,3.6492,87.94,41.495,34.668,38.081,85.866,98.635,0
2025.7.1 0:09,R01,M02,31.248,27.847,29.547,3.6804,3.6448,87.9,41.854,34.792,38.323,86.6,98.923,0
2025.7.1 0:09,R01,M03,32.562,27.848,30.205,3.6775,3.6515,87.95,43.723,33.736,38.73,86.6,99.358,0
2025.7.1 0:09,R01,M04,32.702,27.844,30.273,3.6809,3.6494,87.96,42.293,36.047,39.17,87.01,99.349,0
2025.7.1 0:09,R01,M05,31.11,28.343,29.727,3.6796,3.6531,87.99,43.24,35.444,39.342,86.32,98.639,0
2025.7.1 0:09,R01,M06,32.83,29.036,30.933,3.6856,3.6552,88.09,43.147,36.513,39.83,86.23,98.988,0
2025.7.1 0:09,R01,M07,32.368,28.57,30.469,3.6787,3.6484,87.93,44.425,36.251,40.338,87.128,99.327,0
2025.7.1 0:09,R01,M08,45.397,31.371,35.816,3.7146,3.2519,87.27,46.436,21.59,34.61,52.246,54.459,0
2025.7.1 0:09,R01,M09,33.56,29.529,31.544,3.6873,3.6515,88.07,47.245,39.206,43.225,89.241,99.415,0
2025.7.1 0:09,R01,M10,33.951,29.96,31.956,3.6845,3.6526,88.05,47.469,37.858,42.663,88.036,98.8,0
2025.7.1 0:09,R01,M11,32.431,29.626,31.029,3.6827,3.6546,88.05,47.924,39.567,43.745,89.326,99.18,0
2025.7.1 0:09,R01,M01,31.56,27.609,29.584,3.674,3.6435,87.81,42.752,32.734,37.743,84.377,98.666,0
2025.7.1 0:09,R01,M02,31.052,27.491,29.271,3.6779,3.6518,87.96,43.859,33.759,38.809,85.263,99.406,0
2025.7.1 0:09,R01,M03,30.652,28.585,29.619,3.6777,3.6434,87.85,43.7,35.308,39.504,85.846,99.068,0
2025.7.1 0:09,R01,M04,32.629,28.397,30.513,3.6817,3.6469,87.94,42.525,36.697,39.611,85.891,99.284,0
2025.7.1 0:09,R01,M05,32.354,28.933,30.643,3.6825,3.6512,88.0,45.443,37.499,41.471,87.051,99.283,0
2025.7.1 0:09,R01,M06,31.562,28.484,30.023,3.6854,3.6463,87.98,45.103,35.758,40.431,87.283,99.333,0
2025.7.1 0:09,R01,M07,31.605,28.872,30.239,3.6796,3.655,88.02,45.48,35.628,40.554,87.84,98.883,0
2025.7.1 0:09,R01,M08,47.418,31.906,37.111,3.7161,3.2276,88.07,46.577,24.095,33.901,52.542,54.399,0
2025.7.1 0:09,R01,M09,32.281,29.056,30.669,3.6855,3.6528,88.06,46.27,37.248,41.759,87.514,98.764,0
2025.7.1 0:09,R01,M10,33.687,29.346,31.517,3.6808,3.6598,88.09,45.065,38.31,41.688,89.649,98.571,0
2025.7.1 0:09,R01,M11,34.158,29.567,31.863,3.6836,3.6516,88.02,46.94,38.456,42.698,88.37,99.309,0
2025.7.1 0:09,R01,M01,31.421,27.202,29.312,3.6809,3.6428,87.88,43.115,32.824,37.969,85.377,99.271,0
2025.7.1 0:09,R01,M02,30.901,27.901,29.401,3.681,3.6461,87.93,42.986,35.13,39.058,85.296,99.399,0
2025.7.1 0:09,R01,M03,32.174,28.515,30.345,3.6774,3.6452,87.87,41.605,33.772,37.688,85.147,99.106,0
2025.7.1 0:09,R01,M04,32.179,28.323,30.251,3.6818,3.6499,87.98,43.873,34.415,39.144,86.336,99.268,0
2025.7.1 0:09,R01,M05,31.963,28.667,30.315,3.6755,3.6497,87.9,45.297,35.415,40.356,86.801,98.932,0
2025.7.1 0:09,R01,M06,31.848,29.179,30.514,3.6805,3.655,88.03,43.219,35.486,39.352,87.076,98.681,0
2025.7.1 0:09,R01,M07,31.765,28.435,30.1,3.6787,3.6516,87.96,44.478,36.471,40.474,86.745,98.576,0
2025.7.1 0:09,R01,M08,47.284,31.55,36.908,3.7138,3.2242,87.38,46.386,21.005,32.793,52.219,52.854,0
2025.7.1 0:09,R01,M09,33.544,29.752,31.648,3.6889,3.657,88.15,45.111,38.734,41.922,88.349,99.369,0
2025.7.1 0:09,R01,M10,33.217,29.366,31.291,3.6831,3.6552,88.06,47.228,38.379,42.803,89.396,98.609,0
2025.7.1 0:09,R01,M11,33.84,30.045,31.943,3.6852,3.6527,88.05,45.59,40.331,42.961,89.15,99.416,0
2025.7.1 0:09,R01,M01,31.835,27.605,29.72,3.6735,3.6449,87.82,41.308,33.523,37.416,84.518,99.096,0
2025.7.1 0:09,R01,M02,32.056,27.789,29.922,3.681,3.6475,87.94,42.448,34.998,38.723,85.303,99.001,0
2025.7.1 0:09,R01,M03,32.421,28.576,30.498,3.6811,3.6432,87.89,43.909,35.936,39.922,87.041,99.399,0
2025.7.1 0:09,R01,M04,30.832,28.613,29.723,3.6784,3.6457,87.89,42.489,34.01,38.249,86.352,98.618,0
2025.7.1 0:09,R01,M05,32.509,28.791,30.65,3.6756,3.6504,87.91,43.967,35.215,39.591,87.795,98.985,0
2025.7.1 0:09,R01,M06,32.688,28.546,30.617,3.6818,3.6513,88.0,45.006,36.164,40.585,87.899,98.898,0
2025.7.1 0:09,R01,M07,33.106,28.696,30.901,3.6771,3.6506,87.93,44.584,36.223,40.404,87.104,99.068,0
2025.7.1 0:09,R01,M08,45.7,31.078,35.934,3.7202,3.2156,87.6,49.032,22.469,34.051,53.58,53.974,0
2025.7.1 0:09,R01,M09,32.423,28.807,30.615,3.6853,3.6569,88.11,45.324,36.72,41.022,88.565,99.377,0
2025.7.1 0:09,R01,M10,32.795,29.304,31.05,3.6826,3.6597,88.11,47.015,38.753,42.884,89.007,98.717,0
2025.7.1 0:09,R01,M11,34.087,29.618,31.852,3.6885,3.6557,88.13,46.433,38.634,42.534,89.069,99.236,0
2025.7.1 0:09,R01,M01,31.434,27.393,29.413,3.6717,3.6505,87.87,40.574,32.851,36.712,85.523,99.271,0
2025.7.1 0:09,R01,M02,32.057,27.55,29.803,3.6813,3.6505,87.98,41.382,34.423,37.903,85.676,98.617,0
2025.7.1 0:09,R01,M03,31.522,28.094,29.808,3.6794,3.6501,87.95,44.03,34.37,39.2,86.853,98.695,0
2025.7.1 0:09,R01,M04,31.38,28.365,29.872,3.6776,3.6507,87.94,42.451,35.183,38.817,86.187,99.305,0
2025.7.1 0:09,R01,M05,32.16,28.476,30.318,3.6758,3.6467,87.87,45.217,36.012,40.614,86.07,98.889,0
2025.7.1 0:09,R01,M06,32.378,29.091,30.735,3.6813,3.6498,87.97,43.421,35.667,39.544,87.581,99.04,0
2025.7.1 0:09,R01,M07,32.898,28.631,30.765,3.6838,3.6542,88.06,44.343,36.579,40.461,87.236,98.567,0
2025.7.1 0:09,R01,M08,45.424,31.195,37.356,3.7131,3.2364,87.57,48.401,23.281,34.059,53.491,53.593,0
2025.7.1 0:09,R01,M09,33.612,29.755,31.684,3.6845,3.65,88.01,44.742,38.573,41.657,89.255,98.619,0
2025.7.1 0:09,R01,M10,33.856,29.321,31.589,3.6855,3.6528,88.06,47.191,37.05,42.12,87.892,99.439,0
2025.7.1 0:09,R01,M11,33.699,29.698,31.698,3.6811,3.66,88.09,45.606,38.379,41.992,88.419,98.862,0
2025.7.1 0:09,R01,M01,30.96,27.439,29.2,3.6745,3.6507,87.9,41.372,34.652,38.012,85.22,98.674,0
2025.7.1 0:09,R01,M02,30.467,27.566,29.017,3.6812,3.6425,87.88,41.601,33.73,37.665,84.898,99.109,0
2025.7.1 0:09,R01,M03,31.307,27.857,29.582,3.6808,3.6445,87.9,44.167,33.779,38.973,86.457,99.171,0
2025.7.1 0:09,R01,M04,32.106,28.163,30.135,3.6773,3.6445,87.86,44.087,36.615,40.351,86.469,98.684,0
2025.7.1 0:09,R01,M05,31.464,28.4,29.932,3.6848,3.648,87.99,44.961,35.644,40.302,86.214,98.669,0
2025.7.1 0:09,R01,M06,32.768,28.986,30.877,3.6826,3.6508,88.0,43.344,36.617,39.98,88.117,98.597,0
2025.7.1 0:09,R01,M07,32.402,29.026,30.714,3.6795,3.6503,87.96,45.07,36.971,41.02,88.647,98.516,0
2025.7.1 0:09,R01,M08,47.292,31.033,36.109,3.7215,3.2311,87.37,47.761,22.978,31.911,52.148,53.09,0
2025.7.1 0:09,R01,M09,32.82,29.156,30.988,3.6875,3.6527,88.08,44.844,37.508,41.176,87.826,98.623,0
2025.7.1 0:09,R01,M10,33.881,29.512,31.697,3.6825,3.652,88.01,47.85,37.923,42.886,88.63,98.876,0
2025.7.1 0:09,R01,M11,33.394,30.107,31.75,3.6901,3.6573,88.17,47.681,37.729,42.705,90.102,98.727,0
2025.7.1 0:09,R01,M01,30.967,27.872,29.419,3.6738,3.6492,87.88,43.309,34.419,38.864,84.618,99.329,0
2025.7.1 0:09,R01,M02,30.845,27.87,29.358,3.6819,3.65,87.98,42.622,34.52,38.571,84.992,98.794,0
2025.7.1 0:09,R01,M03,30.745,28.596,29.671,3.6738,3.6463,87.84,43.242,33.786,38.514,85.376,99.063,0
2025.7.1 0:09,R01,M04,32.595,27.958,30.276,3.6832,3.6474,87.97,42.433,36.776,39.605,85.813,99.31,0
2025.7.1 0:09,R01,M05,31.293,28.117,29.705,3.6837,3.6462,87.96,42.928,34.73,38.829,86.819,99.323,0
2025.7.1 0:09,R01,M06,32.309,28.814,30.561,3.6843,3.6559,88.08,43.94,36.645,40.293,87.881,98.564,0
2025.7.1 0:09,R01,M07,31.649,29.22,30.434,3.6793,3.6548,88.01,44.4,37.375,40.888,88.197,99.058,0
2025.7.1 0:09,R01,M08,45.805,31.738,36.076,3.7246,3.2231,87.48,48.511,23.298,32.505,53.179,51.994,0
2025.7.1 0:09,R01,M09,33.014,29.045,31.03,3.6888,3.6575,88.16,45.399,36.827,41.113,87.529,98.977,0
2025.7.1 0:09,R01,M10,33.62,29.522,31.571,3.681,3.6521,88.0,47.012,38.483,42.748,87.937,99.095,0
2025.7.1 0:09,R01,M11,33.85,29.632,31.741,3.6903,3.6526,88.11,48.261,38.061,43.161,88.757,98.84,0
2025.7.1 0:09,R01,M01,31.488,27.622,29.555,3.6785,3.6471,87.91,43.476,33.417,38.447,85.266,99.006,0
2025.7.1 0:09,R01,M02,30.976,27.939,29.457,3.6744,3.6479,87.87,43.688,33.284,38.486,85.066,99.095,0
2025.7.1 0:09,R01,M03,31.025,27.736,29.38,3.6803,3.6434,87.88,42.326,34.341,38.334,85.706,99.49,0
2025.7.1 0:09,R01,M04,31.354,28.287,29.82,3.676,3.6449,87.85,43.435,34.585,39.01,85.9,99.395,0
2025.7.1 0:09,R01,M05,32.822,28.14,30.481,3.678,3.6514,87.95,44.184,37.394,40.789,87.471,99.172,0
2025.7.1 0:09,R01,M06,31.646,28.22,29.933,3.6856,3.6516,88.05,45.874,36.622,41.248,86.667,98.763,0
2025.7.1 0:09,R01,M07,32.33,28.596,30.463,3.6843,3.6481,87.99,46.238,35.642,40.94,87.983,98.538,0
2025.7.1 0:09,R01,M08,45.572,31.442,36.639,3.7233,3.2204,87.98,48.065,20.953,31.9,53.229,51.954,0
2025.7.1 0:09,R01,M09,33.033,29.01,31.022,3.6796,3.6509,87.97,44.709,37.589,41.149,87.664,99.057,0
2025.7.1 0:09,R01,M10,33.924,29.338,31.631,3.6843,3.6549,88.07,46.705,38.633,42.669,89.846,99.21,0
2025.7.1 0:09,R01,M11,32.277,29.54,30.909,3.6858,3.6582,88.13,46.144,40.4,43.272,89.0,98.815,0
2025.7.1 0:09,R01,M01,31.605,27.94,29.773,3.6801,3.6505,87.97,41.919,35.228,38.573,84.722,98.901,0
2025.7.1 0:09,R01,M02,32.039,27.471,29.755,3.6738,3.6468,87.85,41.763,35.078,38.421,86.242,99.126,0
2025.7.1 0:09,R01,M03,30.739,28.526,29.633,3.6756,3.6444,87.84,43.033,34.891,38.962,86.402,98.779,0
2025.7.1 0:09,R01,M04,31.242,28.48,29.861,3.6772,3.6477,87.9,42.805,34.229,38.517,85.97,98.777,0
2025.7.1 0:09,R01,M05,31.459,28.294,29.877,3.6824,3.6542,88.04,43.938,35.184,39.561,86.704,99.398,0
2025.7.1 0:09,R01,M06,32.262,28.469,30.366,3.6823,3.6487,87.97,44.918,37.385,41.151,87.639,98.798,0
2025.7.1 0:09,R01,M07,33.377,28.905,31.141,3.6859,3.6472,88.0,45.666,38.418,42.042,88.424,98.565,0
2025.7.1 0:09,R01,M08,46.751,31.235,35.92,3.7176,3.2086,88.08,48.051,20.343,34.244,53.439,54.691,0
2025.7.1 0:09,R01,M09,32.158,29.221,30.69,3.6886,3.6502,88.07,46.538,38.405,42.471,88.34,98.847,0
2025.7.1 0:09,R01,M10,33.956,29.758,31.857,3.6854,3.6564,88.1,45.099,39.077,42.088,89.012,98.816,0
2025.7.1 0:09,R01,M11,34.034,29.287,31.66,3.6907,3.6559,88.16,45.823,40.065,42.944,89.84,99.058,0
2025.7.1 0:09,R01,M01,31.739,28.117,29.928,3.679,3.6428,87.86,42.62,33.183,37.901,85.025,99.049,0
2025.7.1 0:09,R01,M02,30.992,27.617,29.305,3.6804,3.6492,87.96,43.655,33.614,38.635,85.724,99.069,0
2025.7.1 0:09,R01,M03,30.772,27.754,29.263,3.6792,3.6513,87.97,41.559,36.183,38.871,86.925,99.163,0
2025.7.1 0:09,R01,M04,30.893,28.681,29.787,3.675,3.6527,87.93,44.89,34.511,39.701,86.635,99.179,0
2025.7.1 0:09,R01,M05,32.166,28.525,30.345,3.6815,3.6488,87.96,43.958,36.07,40.014,86.261,99.058,0
2025.7.1 0:09,R01,M06,33.057,28.226,30.642,3.6802,3.6499,87.96,45.988,37.68,41.834,87.695,98.507,0
2025.7.1 0:09,R01,M07,31.464,28.939,30.201,3.6771,3.6504,87.93,44.977,38.169,41.573,87.266,99.388,0
2025.7.1 0:09,R01,M08,46.918,32.189,36.21,3.726,3.2145,87.34,48.783,21.124,33.622,53.71,53.82,0
2025.7.1 0:09,R01,M09,31.959,29.219,30.589,3.685,3.6527,88.05,46.438,36.914,41.676,88.756,98.59,0
2025.7.1 0:09,R01,M10,32.742,29.669,31.206,3.6836,3.6536,88.05,46.493,39.108,42.8,89.316,98.741,0
2025.7.1 0:09,R01,M11,32.75,29.577,31.163,3.6889,3.6548,88.12,46.854,37.95,42.402,89.087,98.708,0
2025.7.1 0:09,R01,M01,30.764,28.171,29.468,3.6787,3.6442,87.87,41.903,35.246,38.575,85.204,99.106,0
2025.7.1 0:09,R01,M02,30.639,28.345,29.492,3.6752,3.6508,87.91,43.783,33.825,38.804,85.514,98.566,0
2025.7.1 0:09,R01,M03,31.388,27.702,29.545,3.6798,3.6526,87.99,43.04,35.136,39.088,87.294,99.294,0
2025.7.1 0:09,R01,M04,31.622,27.998,29.81,3.6811,3.645,87.91,42.867,36.182,39.525,86.319,98.814,0
2025.7.1 0:09,R01,M05,31.114,28.977,30.046,3.6788,3.6475,87.92,43.942,35.66,39.801,87.551,98.611,0
2025.7.1 0:09,R01,M06,32.954,28.601,30.777,3.6789,3.6484,87.93,43.086,35.852,39.469,87.041,98.724,0
2025.7.1 0:09,R01,M07,32.901,28.84,30.87,3.6854,3.652,88.05,44.894,37.909,41.401,86.955,98.946,0
2025.7.1 0:09,R01,M08,46.02,32.868,36.252,3.7238,3.221,88.08,46.786,20.258,34.038,52.767,51.711,0
2025.7.1 0:09,R01,M09,32.978,28.845,30.912,3.6883,3.6552,88.12,46.137,36.541,41.339,88.141,99.36,0
2025.7.1 0:09,R01,M10,33.999,29.626,31.812,3.6895,3.657,88.16,47.033,38.578,42.806,89.066,99.045,0
2025.7.1 0:09,R01,M11,33.46,29.489,31.474,3.6854,3.656,88.1,46.994,38.8,42.897,88.737,99.482,0
2025.7.1 0:09,R01,M01,31.985,27.763,29.874,3.6744,3.6437,87.82,42.154,34.219,38.187,86.027,99.301,0
2025.7.1 0:09,R01,M02,31.877,28.238,30.057,3.6747,3.6466,87.86,43.499,33.578,38.538,86.719,98.97,0
2025.7.1 0:09,R01,M03,31.761,28.073,29.917,3.6752,3.6467,87.86,42.091,34.954,38.523,85.572,99.14,0
2025.7.1 0:09,R01,M04,32.055,27.821,29.938,3.6809,3.6533,88.01,44.332,35.029,39.681,87.405,98.957,0
2025.7.1 0:09,R01,M05,32.72,28.284,30.502,3.6815,3.6491,87.97,44.298,35.876,40.087,87.071,98.956,0
2025.7.1 0:09,R01,M06,31.498,28.621,30.059,3.6794,3.6497,87.95,45.013,36.277,40.645,88.417,98.594,0
2025.7.1 0:09,R01,M07,31.729,29.213,30.471,3.6847,3.6553,88.08,45.495,37.484,41.489,87.284,99.077,0
2025.7.1 0:09,R01,M08,44.697,32.342,35.498,3.7115,3.2202,87.72,47.615,22.305,31.687,52.874,52.564,0
2025.7.1 0:09,R01,M09,33.28,28.978,31.129,3.6792,3.6555,88.02,47.156,37.965,42.561,89.674,99.454,0
2025.7.1 0:09,R01,M10,33.702,29.116,31.409,3.6864,3.6542,88.09,45.536,37.607,41.572,89.325,98.567,0
2025.7.1 0:09,R01,M11,33.13,30.16,31.645,3.682,3.6584,88.08,48.371,38.787,43.579,90.161,99.076,0
2025.7.1 0:09,R01,M01,30.283,27.838,29.061,3.6724,3.651,87.88,40.685,34.84,37.763,86.123,99.437,0
2025.7.1 0:09,R01,M02,31.341,27.656,29.498,3.6763,3.6463,87.87,43.679,34.82,39.249,85.585,98.524,0
2025.7.1 0:09,R01,M03,31.889,28.326,30.108,3.6818,3.6511,87.99,42.316,33.524,37.92,86.459,99.195,0
2025.7.1 0:09,R01,M04,31.748,27.978,29.863,3.674,3.6476,87.86,42.091,35.469,38.78,86.424,99.321,0
2025.7.1 0:09,R01,M05,31.336,28.635,29.986,3.6784,3.6534,87.98,44.491,34.633,39.562,86.528,98.858,0
2025.7.1 0:09,R01,M06,31.262,28.557,29.91,3.679,3.6542,88.0,45.303,35.5,40.401,88.36,98.507,0
2025.7.1 0:09,R01,M07,32.754,29.349,31.051,3.6844,3.6489,88.0,44.088,38.403,41.245,87.676,99.403,0
2025.7.1 0:09,R01,M08,44.801,31.012,35.554,3.7272,3.2474,87.65,49.903,21.816,33.71,52.391,53.149,0
2025.7.1 0:09,R01,M09,33.443,29.254,31.349,3.6863,3.6585,88.14,46.395,36.611,41.503,89.225,98.537,0
2025.7.1 0:09,R01,M10,33.862,29.121,31.492,3.684,3.6551,88.07,47.102,38.004,42.553,88.567,99.053,0
2025.7.1 0:09,R01,M11,33.333,29.924,31.628,3.6904,3.6547,88.14,48.318,38.85,43.584,90.267,98.66,0
2025.7.1 0:09,R01,M01,31.69,27.952,29.821,3.6766,3.6444,87.85,41.699,33.928,37.813,84.847,98.872,0
2025.7.1 0:09,R01,M02,30.942,27.898,29.42,3.6731,3.6474,87.85,43.002,35.322,39.162,85.363,98.941,0
2025.7.1 0:09,R01,M03,32.411,28.321,30.366,3.6798,3.6512,87.97,42.59,36.156,39.373,85.897,99.223,0
2025.7.1 0:09,R01,M04,32.311,28.136,30.224,3.6792,3.6514,87.97,42.657,36.867,39.762,86.314,99.115,0
2025.7.1 0:09,R01,M05,31.312,28.448,29.88,3.6809,3.6508,87.98,45.25,35.014,40.132,88.059,98.673,0
2025.7.1 0:09,R01,M06,31.772,28.319,30.045,3.6815,3.6518,88.0,44.956,35.138,40.047,86.761,99.319,0
2025.7.1 0:09,R01,M07,33.069,29.167,31.118,3.6784,3.6489,87.93,43.716,36.63,40.173,87.492,99.053,0
2025.7.1 0:09,R01,M08,45.435,31.079,35.58,3.7183,3.2295,87.5,46.915,22.654,31.773,52.685,52.081,0
2025.7.1 0:09,R01,M09,32.531,29.42,30.976,3.6857,3.6585,88.13,46.858,36.611,41.734,89.134,99.37,0
2025.7.1 0:09,R01,M10,33.779,29.559,31.669,3.6887,3.6531,88.1,47.398,38.099,42.748,88.809,98.515,0
2025.7.1 0:09,R01,M11,33.791,29.457,31.624,3.6891,3.657,88.15,46.101,39.788,42.944,89.093,99.363,0
2025.7.1 0:09,R01,M01,31.645,27.654,29.649,3.6787,3.6414,87.84,42.615,32.615,37.615,85.666,98.772,0
2025.7.1 0:09,R01,M02,32.066,27.788,29.927,3.6797,3.6473,87.92,42.791,34.534,38.662,86.91,98.508,0
2025.7.1 0:09,R01,M03,31.204,28.327,29.766,3.6778,3.649,87.92,44.2,35.949,40.075,86.382,98.712,0
2025.7.1 0:09,R01,M04,30.93,27.936,29.433,3.6759,3.6528,87.94,42.963,34.719,38.841,87.208,98.912,0
2025.7.1 0:09,R01,M05,31.185,28.233,29.709,3.6798,3.6522,87.98,44.716,35.627,40.172,86.616,98.559,0
2025.7.1 0:09,R01,M06,31.371,28.652,30.011,3.6833,3.6517,88.02,44.628,35.835,40.231,88.028,99.023,0
2025.7.1 0:09,R01,M07,32.254,28.784,30.519,3.6784,3.6487,87.93,44.829,36.743,40.786,88.507,98.775,0
2025.7.1 0:09,R01,M08,45.24,32.346,37.118,3.7175,3.2124,87.53,49.95,21.472,31.488,53.967,53.855,0
2025.7.1 0:09,R01,M09,32.907,29.088,30.997,3.6882,3.6499,88.06,47.416,38.603,43.01,88.602,98.521,0
2025.7.1 0:09,R01,M10,33.079,29.922,31.501,3.6836,3.6566,88.08,47.066,39.171,43.118,88.876,99.195,0
2025.7.1 0:09,R01,M11,33.316,29.761,31.538,3.6849,3.6594,88.13,45.725,37.543,41.634,89.549,99.129,0
2025.7.1 0:09,R01,M01,30.714,27.811,29.262,3.6756,3.6488,87.89,41.506,33.649,37.578,85.187,99.234,0
2025.7.1 0:09,R01,M02,31.933,27.976,29.954,3.6755,3.6439,87.83,41.267,33.655,37.461,86.562,99.36,0
2025.7.1 0:09,R01,M03,31.095,28.38,29.737,3.6791,3.6445,87.88,43.228,33.718,38.473,85.875,99.137,0
2025.7.1 0:09,R01,M04,31.749,28.427,30.088,3.6779,3.6537,87.98,42.525,36.539,39.532,87.119,98.703,0
2025.7.1 0:09,R01,M05,32.286,28.38,30.333,3.6815,3.6522,88.0,44.599,36.056,40.328,86.449,98.56,0
2025.7.1 0:09,R01,M06,32.263,28.797,30.53,3.6802,3.6498,87.96,43.53,37.865,40.698,88.641,98.898,0
2025.7.1 0:09,R01,M07,31.561,28.985,30.273,3.6812,3.6487,87.96,45.776,36.785,41.281,88.654,99.256,0
2025.7.1 0:09,R01,M08,44.486,31.722,36.242,3.7251,3.2109,87.57,47.775,19.814,30.333,53.544,51.924,0
2025.7.1 0:09,R01,M09,32.653,29.73,31.191,3.6833,3.6574,88.09,47.392,38.103,42.748,88.822,98.687,0
2025.7.1 0:09,R01,M10,33.402,29.554,31.478,3.6806,3.6523,87.99,46.218,38.005,42.112,88.472,98.77,0
2025.7.1 0:09,R01,M11,33.405,29.741,31.573,3.6837,3.6565,88.08,46.996,39.81,43.403,90.063,98.879,0
2025.7.1 0:09,R01,M01,31.186,27.2,29.193,3.6735,3.6468,87.84,43.012,32.963,37.987,86.365,99.278,0
2025.7.1 0:09,R01,M02,32.383,27.784,30.084,3.6768,3.6443,87.85,41.983,34.111,38.047,86.859,99.133,0
2025.7.1 0:09,R01,M03,31.773,28.008,29.89,3.6794,3.6436,87.88,43.58,34.033,38.806,86.767,99.296,0
2025.7.1 0:09,R01,M04,32.074,28.671,30.372,3.6784,3.6462,87.9,42.626,36.417,39.522,87.615,99.024,0
2025.7.1 0:09,R01,M05,32.954,28.885,30.919,3.6837,3.6451,87.95,44.275,35.564,39.919,87.022,99.005,0
2025.7.1 0:09,R01,M06,31.889,28.281,30.085,3.6784,3.647,87.9,44.633,37.385,41.009,88.147,99.406,0
2025.7.1 0:09,R01,M07,32.647,28.741,30.694,3.683,3.6495,87.99,44.904,36.745,40.825,88.197,98.582,0
2025.7.1 0:09,R01,M08,43.4,32.862,35.412,3.7125,3.22,87.63,46.341,22.247,30.584,53.936,55.023,0
2025.7.1 0:09,R01,M09,33.438,29.592,31.515,3.6851,3.6565,88.1,44.7,38.435,41.568,88.773,99.48,0
2025.7.1 0:09,R01,M10,32.233,29.556,30.895,3.6894,3.6503,88.08,47.346,38.554,42.95,88.605,99.141,0
2025.7.1 0:09,R01,M11,33.775,29.927,31.851,3.6882,3.6599,88.18,47.505,39.904,43.705,89.575,99.366,0
2025.7.1 0:09,R01,M01,30.844,27.839,29.341,3.6789,3.6474,87.92,42.756,34.335,38.546,86.622,99.485,0
2025.7.1 0:09,R01,M02,30.708,27.55,29.129,3.6757,3.6507,87.92,43.865,34.29,39.078,86.338,98.721,0
2025.7.1 0:09,R01,M03,32.246,27.743,29.995,3.6806,3.6517,87.99,44.175,34.834,39.505,87.01,99.243,0
2025.7.1 0:09,R01,M04,31.634,28.745,30.19,3.6804,3.6442,87.9,44.432,35.293,39.862,87.433,99.301,0
2025.7.1 0:09,R01,M05,31.26,28.084,29.672,3.6839,3.6464,87.96,43.778,36.455,40.117,86.786,98.808,0
2025.7.1 0:09,R01,M06,32.782,28.229,30.505,3.678,3.6547,87.99,43.245,35.951,39.598,88.019,99.308,0
2025.7.1 0:09,R01,M07,32.233,29.01,30.621,3.6779,3.6554,88.0,46.043,38.321,42.182,88.228,99.404,0
2025.7.1 0:09,R01,M08,44.274,31.028,36.229,3.7245,3.2456,88.07,48.68,19.163,31.676,54.069,54.11,0
2025.7.1 0:09,R01,M09,33.356,29.648,31.502,3.6793,3.6578,88.05,46.165,37.274,41.719,88.599,98.924,0
2025.7.1 0:09,R01,M10,33.038,29.909,31.473,3.6875,3.6571,88.14,45.305,38.775,42.04,89.898,99.294,0
2025.7.1 0:09,R01,M11,33.108,29.992,31.55,3.685,3.653,88.06,46.564,39.34,42.952,89.686,99.056,0
2025.7.1 0:09,R01,M01,31.019,27.639,29.329,3.6728,3.643,87.79,40.965,35.121,38.043,85.191,99.331,0
2025.7.1 0:09,R01,M02,32.394,27.945,30.169,3.6737,3.6505,87.89,43.394,33.171,38.282,85.731,98.787,0
2025.7.1 0:09,R01,M03,31.754,27.819,29.787,3.676,3.6435,87.83,44.104,35.256,39.68,86.048,98.777,0
2025.7.1 0:09,R01,M04,32.165,28.26,30.212,3.6761,3.6523,87.94,44.509,36.201,40.355,87.001,98.825,0
2025.7.1 0:09,R01,M05,32.381,28.397,30.389,3.684,3.6485,87.99,44.069,36.676,40.373,86.538,98.694,0
2025.7.1 0:09,R01,M06,31.987,29.141,30.564,3.6777,3.648,87.91,45.037,37.513,41.275,88.736,98.731,0
2025.7.1 0:09,R01,M07,31.534,29.221,30.377,3.6854,3.655,88.08,43.65,37.312,40.481,88.997,99.181,0
2025.7.1 0:09,R01,M08,43.959,31.905,35.456,3.71,3.252,87.19,46.122,20.782,34.002,52.378,53.138,0
2025.7.1 0:09,R01,M09,33.609,28.921,31.265,3.6796,3.6495,87.95,46.038,38.745,42.391,88.872,99.353,0
2025.7.1 0:09,R01,M10,32.542,29.107,30.825,3.6899,3.6506,88.09,45.981,39.358,42.669,89.096,99.345,0
2025.7.1 0:09,R01,M11,32.89,29.356,31.123,3.688,3.6533,88.1,45.682,38.38,42.031,89.609,98.879,0
2025.7.1 0:09,R01,M01,30.719,27.84,29.279,3.6743,3.6507,87.9,41.245,32.518,36.882,85.735,99.205,0
2025.7.1 0:09,R01,M02,32.258,28.247,30.253,3.6731,3.6457,87.83,41.123,34.619,37.871,86.567,98.785,0
2025.7.1 0:09,R01,M03,31.819,28.14,29.98,3.6817,3.6474,87.95,44.143,33.702,38.922,87.527,99.298,0
2025.7.1 0:09,R01,M04,32.699,28.592,30.645,3.6779,3.6465,87.89,43.812,36.875,40.343,87.289,99.164,0
2025.7.1 0:09,R01,M05,32.071,28.359,30.215,3.6846,3.6507,88.02,43.496,36.408,39.952,88.105,99.323,0
2025.7.1 0:09,R01,M06,31.454,28.403,29.928,3.6851,3.6527,88.05,45.364,35.332,40.348,87.995,98.949,0
2025.7.1 0:09,R01,M07,31.852,29.029,30.441,3.6838,3.6538,88.05,45.599,37.873,41.736,87.731,99.045,0
2025.7.1 0:09,R01,M08,44.504,32.099,36.109,3.7219,3.2244,87.75,47.864,21.001,31.063,52.985,51.918,0
2025.7.1 0:09,R01,M09,32.593,29.612,31.102,3.6887,3.6561,88.14,45.703,38.356,42.029,89.266,98.628,0
2025.7.1 0:09,R01,M10,33.379,29.546,31.462,3.6838,3.6592,88.12,47.78,39.514,43.647,89.388,99.142,0
2025.7.1 0:09,R01,M11,33.823,29.896,31.86,3.6892,3.6526,88.1,46.739,38.419,42.579,90.309,98.542,0
2025.7.1 0:09,R01,M01,31.953,27.284,29.618,3.6796,3.6492,87.95,41.12,32.69,36.905,85.358,99.321,0
2025.7.1 0:09,R01,M02,30.959,27.822,29.39,3.6788,3.6483,87.93,42.314,34.7,38.507,85.444,98.515,0
2025.7.1 0:09,R01,M03,31.319,27.777,29.548,3.6767,3.647,87.88,41.963,34.214,38.088,86.17,98.683,0
2025.7.1 0:09,R01,M04,31.74,27.865,29.802,3.6743,3.653,87.93,43.22,35.269,39.245,87.889,98.921,0
2025.7.1 0:09,R01,M05,31.597,28.13,29.864,3.6808,3.6451,87.91,44.763,35.012,39.888,88.435,99.445,0
2025.7.1 0:09,R01,M06,33.036,28.793,30.915,3.685,3.6482,88.0,44.825,37.794,41.309,87.552,98.591,0
2025.7.1 0:09,R01,M07,32.839,28.62,30.73,3.6828,3.6477,87.97,43.584,36.955,40.27,89.04,98.572,0
2025.7.1 0:09,R01,M08,44.167,31.84,35.14,3.711,3.23,87.23,48.685,20.619,33.737,53.331,53.518,0
2025.7.1 0:09,R01,M09,33.281,29.007,31.144,3.6809,3.6536,88.01,45.195,38.27,41.733,89.473,98.842,0
2025.7.1 0:09,R01,M10,32.209,29.799,31.004,3.6817,3.6569,88.06,47.152,37.988,42.57,88.764,99.357,0
2025.7.1 0:09,R01,M11,32.252,29.527,30.89,3.6894,3.6579,88.17,45.612,38.757,42.184,90.459,98.928,0
2025.7.1 0:09,R01,M01,31.354,28.002,29.678,3.6766,3.643,87.84,42.783,33.127,37.955,85.463,99.201,0
2025.7.1 0:09,R01,M02,31.785,27.988,29.886,3.68,3.6507,87.97,41.544,35.619,38.581,86.934,99.176,0
2025.7.1 0:09,R01,M03,31.968,27.83,29.899,3.6776,3.6467,87.89,41.978,34.652,38.315,86.257,99.358,0
2025.7.1 0:09,R01,M04,31.757,27.971,29.864,3.6828,3.6485,87.98,44.653,34.712,39.683,86.155,98.795,0
2025.7.1 0:09,R01,M05,31.777,28.673,30.225,3.6827,3.6493,87.98,43.29,35.069,39.18,88.232,99.06,0
2025.7.1 0:09,R01,M06,31.238,28.579,29.909,3.677,3.6479,87.9,44.555,35.499,40.027,87.988,99.326,0
2025.7.1 0:09,R01,M07,32.919,29.02,30.969,3.6837,3.6537,88.05,45.62,36.915,41.267,88.87,98.669,0
2025.7.1 0:09,R01,M08,45.541,31.588,36.827,3.7132,3.26,88.0,48.973,19.492,33.862,54.211,54.182,0
2025.7.1 0:09,R01,M09,33.61,29.052,31.331,3.6805,3.6513,87.98,46.323,36.638,41.48,88.54,98.674,0
2025.7.1 0:09,R01,M10,32.199,29.488,30.843,3.6808,3.6528,88.0,47.21,37.028,42.119,88.589,98.628,0
2025.7.1 0:09,R01,M11,32.244,29.81,31.027,3.6873,3.6562,88.12,48.019,38.739,43.379,90.42,99.28,0
2025.7.1 0:09,R01,M01,31.499,27.653,29.576,3.6736,3.6453,87.83,40.872,35.288,38.08,86.081,98.704,0
2025.7.1 0:09,R01,M02,31.612,27.915,29.764,3.6721,3.6504,87.87,41.007,35.233,38.12,85.478,99.199,0
2025.7.1 0:09,R01,M03,32.02,28.397,30.209,3.6811,3.6444,87.91,44.11,35.495,39.802,86.367,99.47,0
2025.7.1 0:09,R01,M04,32.042,28.67,30.356,3.6803,3.648,87.94,44.287,36.072,40.18,86.245,98.58,0
2025.7.1 0:09,R01,M05,32.547,28.252,30.399,3.6799,3.6506,87.97,45.038,34.805,39.921,87.118,99.093,0
2025.7.1 0:09,R01,M06,32.016,28.242,30.129,3.6814,3.6503,87.98,43.403,37.333,40.368,87.89,99.194,0
2025.7.1 0:09,R01,M07,32.57,28.812,30.691,3.6827,3.648,87.97,45.742,38.01,41.876,87.959,99.287,0
2025.7.1 0:09,R01,M08,45.487,32.325,36.671,3.7186,3.2451,88.06,47.638,19.409,30.529,53.639,54.078,0
2025.7.1 0:09,R01,M09,33.03,28.822,30.926,3.6878,3.6535,88.1,46.337,37.919,42.128,88.743,98.578,0
2025.7.1 0:09,R01,M10,32.745,29.816,31.28,3.6884,3.6562,88.14,45.505,37.377,41.441,89.361,99.147,0
2025.7.1 0:09,R01,M11,33.802,29.393,31.598,3.6873,3.6579,88.14,48.466,40.455,44.46,88.956,98.594,0
2025.7.1 0:09,R01,M01,31.571,27.732,29.651,3.6808,3.6509,87.98,41.685,34.862,38.273,85.494,98.767,0
2025.7.1 0:09,R01,M02,31.17,28.259,29.715,3.6788,3.6482,87.92,41.718,35.534,38.626,85.933,98.923,0
2025.7.1 0:09,R01,M03,31.848,27.815,29.831,3.6824,3.6479,87.96,42.827,34.128,38.477,87.636,98.547,0
2025.7.1 0:09,R01,M04,30.953,28.294,29.623,3.6789,3.6487,87.93,42.706,35.33,39.018,87.304,99.248,0
2025.7.1 0:09,R01,M05,31.166,28.208,29.687,3.6754,3.6492,87.9,45.496,35.39,40.443,88.13,98.766,0
2025.7.1 0:09,R01,M06,32.963,28.381,30.672,3.6767,3.6472,87.89,44.351,37.601,40.976,88.75,98.522,0
2025.7.1 0:09,R01,M07,31.747,29.335,30.541,3.6798,3.6546,88.01,43.601,37.869,40.735,87.746,98.539,0
2025.7.1 0:09,R01,M08,44.837,32.458,36.603,3.7111,3.2124,87.96,47.665,20.746,32.338,53.446,52.105,0
2025.7.1 0:09,R01,M09,33.016,29.503,31.259,3.6872,3.6556,88.11,46.467,37.177,41.822,89.592,99.266,0
2025.7.1 0:09,R01,M10,33.92,29.374,31.647,3.6824,3.6588,88.09,47.201,37.266,42.233,90.528,99.062,0
2025.7.1 0:09,R01,M11,34.074,29.505,31.789,3.6862,3.6517,88.05,47.081,39.209,43.145,90.43,99.31,0
2025.7.1 0:09,R01,M01,30.522,27.893,29.207,3.673,3.6434,87.8,43.031,32.519,37.775,85.969,98.629,0
2025.7.1 0:09,R01,M02,32.367,28.208,30.287,3.6812,3.6508,87.98,41.474,35.909,38.691,86.136,98.824,0
2025.7.1 0:09,R01,M03,30.765,28.314,29.54,3.6829,3.6508,88.0,43.243,36.137,39.69,86.457,99.176,0
2025.7.1 0:09,R01,M04,32.327,28.616,30.471,3.677,3.6511,87.94,43.886,36.559,40.222,87.212,98.594,0
2025.7.1 0:09,R01,M05,32.999,28.782,30.891,3.6807,3.6521,87.99,43.06,35.962,39.511,86.921,98.719,0
2025.7.1 0:09,R01,M06,31.371,28.777,30.074,3.6774,3.6553,87.99,45.333,36.776,41.055,87.836,99.483,0
2025.7.1 0:09,R01,M07,33.311,29.125,31.218,3.6847,3.6472,87.98,46.084,38.302,42.193,87.428,98.541,0
2025.7.1 0:09,R01,M08,44.836,32.594,35.935,3.7197,3.2582,87.67,48.087,19.609,32.515,54.098,51.435,0
2025.7.1 0:09,R01,M09,32.003,29.061,30.532,3.6803,3.6544,88.02,46.378,37.154,41.766,88.666,98.844,0
2025.7.1 0:09,R01,M10,33.04,29.628,31.334,3.6893,3.6523,88.1,46.026,37.051,41.538,88.736,98.53,0
2025.7.1 0:09,R01,M11,32.673,29.927,31.3,3.6834,3.652,88.02,47.49,39.735,43.612,89.796,98.944,0
2025.7.1 0:09,R01,M01,30.253,28.179,29.216,3.6758,3.6444,87.84,42.661,34.109,38.385,85.239,98.999,0
2025.7.1 0:09,R01,M02,31.423,28.128,29.776,3.6726,3.6445,87.81,43.792,35.886,39.839,86.683,98.546,0
2025.7.1 0:09,R01,M03,31.191,28.428,29.809,3.679,3.6529,87.98,43.271,35.222,39.246,87.423,99.474,0
2025.7.1 0:09,R01,M04,31.107,28.409,29.758,3.6759,3.6534,87.95,44.862,34.924,39.893,87.599,99.5,0
2025.7.1 0:09,R01,M05,32.773,28.796,30.785,3.6767,3.6538,87.97,44.12,34.802,39.461,88.39,99.001,0
2025.7.1 0:09,R01,M06,31.212,28.462,29.837,3.6796,3.6553,88.02,45.875,37.63,41.752,87.854,99.142,0
2025.7.1 0:09,R01,M07,32.265,28.613,30.439,3.6803,3.6564,88.04,46.012,37.867,41.939,89.313,98.997,0
2025.7.1 0:09,R01,M08,44.377,32.097,36.347,3.7128,3.2535,87.87,49.327,21.065,31.154,52.573,52.407,0
2025.7.1 0:09,R01,M09,32.451,29.238,30.845,3.689,3.6573,88.16,44.9,37.418,41.159,88.757,99.139,0
2025.7.1 0:09,R01,M10,33.449,29.231,31.34,3.6827,3.6581,88.09,47.161,38.323,42.742,89.499,98.924,0
2025.7.1 0:09,R01,M11,32.727,29.245,30.986,3.6878,3.6551,88.11,45.553,38.004,41.778,90.913,99.153,0
2025.7.1 0:09,R01,M01,30.363,27.346,28.855,3.6771,3.6507,87.93,42.798,33.739,38.269,85.725,99.251,0
2025.7.1 0:09,R01,M02,30.85,27.786,29.318,3.6753,3.6508,87.91,42.257,34.255,38.256,86.712,99.458,0
2025.7.1 0:09,R01,M03,31.512,28.183,29.848,3.6739,3.6438,87.81,41.807,34.646,38.227,86.746,99.46,0
2025.7.1 0:09,R01,M04,32.414,28.633,30.523,3.6835,3.6514,88.02,44.538,35.115,39.826,86.918,98.696,0
2025.7.1 0:09,R01,M05,32.539,28.155,30.347,3.679,3.6486,87.93,44.537,36.867,40.702,87.676,99.465,0
2025.7.1 0:09,R01,M06,32.943,28.832,30.887,3.6816,3.6553,88.04,43.116,36.438,39.777,88.486,99.182,0
2025.7.1 0:09,R01,M07,33.018,29.217,31.117,3.6839,3.6502,88.01,45.486,36.199,40.843,87.766,99.389,0
2025.7.1 0:09,R01,M08,42.696,31.727,35.862,3.7169,3.2157,87.45,46.491,18.642,32.33,53.568,51.466,0
2025.7.1 0:09,R01,M09,32.217,29.711,30.964,3.6831,3.6505,88.0,46.356,37.353,41.855,89.075,99.475,0
2025.7.1 0:09,R01,M10,32.659,29.729,31.194,3.6855,3.6505,88.03,45.46,38.707,42.084,89.581,99.026,0
2025.7.1 0:09,R01,M11,33.467,30.196,31.831,3.683,3.6538,88.04,46.538,39.909,43.224,89.078,98.842,0
2025.7.1 0:09,R01,M01,30.581,28.159,29.37,3.6754,3.6508,87.91,40.75,35.35,38.05,85.782,99.208,0
2025.7.1 0:09,R01,M02,30.984,27.596,29.29,3.6786,3.6496,87.94,43.315,33.416,38.365,85.676,99.364,0
2025.7.1 0:09,R01,M03,32.484,28.532,30.508,3.6776,3.648,87.91,41.526,35.427,38.477,86.323,98.526,0
2025.7.1 0:09,R01,M04,32.525,28.489,30.507,3.6787,3.6473,87.91,42.561,36.626,39.593,87.295,98.752,0
2025.7.1 0:09,R01,M05,32.395,28.153,30.274,3.6811,3.6462,87.93,45.07,36.496,40.783,86.775,99.464,0
2025.7.1 0:09,R01,M06,32.922,29.117,31.02,3.6768,3.6493,87.91,43.324,36.518,39.921,88.442,98.634,0
2025.7.1 0:09,R01,M07,33.054,29.198,31.126,3.681,3.6485,87.95,44.186,37.739,40.962,88.81,98.812,0
2025.7.1 0:09,R01,M08,42.836,32.103,35.508,3.7149,3.2347,87.62,46.098,18.24,30.074,54.083,54.766,0
2025.7.1 0:09,R01,M09,32.719,28.856,30.788,3.6858,3.653,88.07,46.499,38.193,42.346,89.178,98.931,0
2025.7.1 0:09,R01,M10,32.323,29.307,30.815,3.6841,3.6588,88.11,47.663,38.879,43.271,89.389,99.237,0
2025.7.1 0:09,R01,M11,32.833,29.662,31.247,3.6857,3.657,88.11,47.903,39.255,43.579,90.713,98.674,0
2025.7.1 0:09,R01,M01,30.684,27.653,29.169,3.6713,3.6473,87.82,41.356,34.315,37.835,86.946,99.435,0
2025.7.1 0:09,R01,M02,30.756,27.856,29.306,3.6792,3.6478,87.92,42.572,34.819,38.696,86.758,99.451,0
2025.7.1 0:09,R01,M03,32.243,28.303,30.273,3.6822,3.653,88.02,42.557,34.828,38.693,87.652,98.668,0
2025.7.1 0:09,R01,M04,32.709,28.287,30.498,3.6746,3.6526,87.93,44.236,36.045,40.141,86.736,98.931,0
2025.7.1 0:09,R01,M05,31.293,28.027,29.66,3.6752,3.653,87.94,43.378,35.49,39.434,87.037,99.458,0
2025.7.1 0:09,R01,M06,31.733,29.056,30.395,3.6819,3.6495,87.98,45.459,35.067,40.263,89.043,98.728,0
2025.7.1 0:09,R01,M07,32.849,28.533,30.691,3.6857,3.6477,88.0,44.331,36.285,40.308,89.369,98.713,0
2025.7.1 0:09,R01,M08,44.718,32.656,35.365,3.7209,3.2175,87.24,48.637,19.376,31.957,52.739,55.421,0
2025.7.1 0:09,R01,M09,32.38,29.582,30.981,3.6811,3.6574,88.06,44.61,36.981,40.796,90.133,99.352,0
2025.7.1 0:09,R01,M10,32.161,29.163,30.662,3.681,3.6515,87.99,47.655,37.18,42.418,89.315,99.072,0
2025.7.1 0:09,R01,M11,32.917,29.628,31.273,3.6846,3.6558,88.08,45.904,38.543,42.224,90.349,98.777,0
2025.7.1 0:09,R01,M01,31.469,27.25,29.36,3.672,3.6467,87.82,41.01,33.091,37.05,86.403,98.842,0
2025.7.1 0:09,R01,M02,31.446,28.137,29.791,3.6787,3.6479,87.92,42.654,35.008,38.831,86.387,99.207,0
2025.7.1 0:09,R01,M03,32.151,27.921,30.036,3.6749,3.6528,87.93,44.127,34.663,39.395,86.751,98.728,0
2025.7.1 0:09,R01,M04,31.668,27.844,29.756,3.681,3.647,87.94,42.924,35.81,39.367,86.667,98.801,0
2025.7.1 0:09,R01,M05,31.628,28.739,30.184,3.6778,3.654,87.98,43.157,35.265,39.211,88.229,99.423,0
2025.7.1 0:09,R01,M06,31.761,28.365,30.063,3.6781,3.6531,87.97,43.578,37.955,40.767,89.145,98.552,0
2025.7.1 0:09,R01,M07,32.819,28.77,30.794,3.6812,3.6566,88.05,44.609,36.549,40.579,89.439,99.122,0
2025.7.1 0:09,R01,M08,44.988,31.968,35.054,3.721,3.2645,88.1,47.935,20.466,31.237,52.758,54.738,0
2025.7.1 0:09,R01,M09,33.396,29.189,31.293,3.682,3.6528,88.02,44.67,38.152,41.411,89.926,98.957,0
2025.7.1 0:09,R01,M10,33.124,29.302,31.213,3.6889,3.6513,88.08,46.461,39.065,42.763,90.418,99.479,0
2025.7.1 0:09,R01,M11,33.767,30.036,31.902,3.6842,3.6561,88.08,45.776,37.691,41.734,90.621,98.813,0
2025.7.1 0:09,R01,M01,31.075,27.254,29.165,3.6759,3.6414,87.81,43.012,33.397,38.204,86.511,99.239,0
2025.7.1 0:09,R01,M02,31.315,27.52,29.418,3.6778,3.6455,87.88,42.083,33.943,38.013,87.365,98.639,0
2025.7.1 0:09,R01,M03,32.045,27.863,29.954,3.6745,3.6499,87.89,42.146,33.843,37.995,87.887,98.783,0
2025.7.1 0:09,R01,M04,32.576,28.079,30.328,3.6741,3.6527,87.92,42.467,35.922,39.194,87.182,98.846,0
2025.7.1 0:09,R01,M05,32.259,28.316,30.288,3.6848,3.6533,88.06,43.871,35.361,39.616,88.252,99.094,0
2025.7.1 0:09,R01,M06,32.5,29.056,30.778,3.6779,3.6489,87.92,45.944,37.524,41.734,88.818,98.681,0
2025.7.1 0:09,R01,M07,33.144,28.733,30.938,3.681,3.6501,87.97,44.618,35.892,40.255,87.74,98.848,0
2025.7.1 0:09,R01,M08,43.711,32.635,36.249,3.7206,3.2394,87.88,48.348,20.507,31.567,52.912,53.949,0
2025.7.1 0:09,R01,M09,32.016,29.275,30.645,3.6821,3.6526,88.02,45.106,39.306,42.206,90.041,98.785,0
2025.7.1 0:09,R01,M10,32.546,29.036,30.791,3.6897,3.6571,88.16,46.754,37.882,42.318,89.463,98.978,0
2025.7.1 0:09,R01,M11,32.56,29.551,31.056,3.684,3.6521,88.03,46.284,40.193,43.239,90.145,98.587,0
2025.7.1 0:09,R01,M01,31.996,27.582,29.789,3.6783,3.6476,87.91,42.704,33.949,38.326,85.573,99.169,0
2025.7.1 0:09,R01,M02,32.393,27.89,30.142,3.6766,3.6516,87.94,42.55,34.501,38.525,86.405,98.621,0
2025.7.1 0:09,R01,M03,30.616,27.746,29.181,3.6745,3.6458,87.84,42.148,35.945,39.047,86.217,99.157,0
2025.7.1 0:09,R01,M04,31.36,28.556,29.958,3.6752,3.6536,87.95,42.773,34.317,38.545,87.471,99.151,0
2025.7.1 0:09,R01,M05,31.634,28.667,30.151,3.6834,3.6454,87.95,43.912,36.166,40.039,87.467,99.024,0
2025.7.1 0:09,R01,M06,32.939,28.769,30.854,3.6797,3.6468,87.92,43.345,35.44,39.392,88.319,99.142,0
2025.7.1 0:09,R01,M07,33.349,28.503,30.926,3.6827,3.6531,88.03,43.98,35.891,39.935,87.882,99.462,0
2025.7.1 0:09,R01,M08,44.581,31.66,36.264,3.7297,3.2596,87.29,49.501,17.681,31.512,53.397,53.999,0
2025.7.1 0:09,R01,M09,32.816,29.781,31.299,3.6871,3.6579,88.14,45.995,38.968,42.481,90.333,98.887,0
2025.7.1 0:09,R01,M10,32.917,29.818,31.367,3.6893,3.6523,88.1,46.903,39.887,43.395,90.328,98.616,0
2025.7.1 0:09,R01,M11,33.503,29.783,31.643,3.6814,3.6605,88.1,48.467,38.816,43.642,90.389,98.513,0
2025.7.1 0:09,R01,M01,30.457,27.3,28.879,3.6744,3.6475,87.86,41.169,33.731,37.45,87.234,98.887,0
2025.7.1 0:09,R01,M02,31.067,28.025,29.546,3.6792,3.6464,87.91,43.42,34.64,39.03,86.236,98.528,0
2025.7.1 0:09,R01,M03,30.684,28.32,29.502,3.6739,3.644,87.81,42.998,35.952,39.475,87.04,99.271,0
2025.7.1 0:09,R01,M04,31.67,28.718,30.194,3.6769,3.6476,87.89,42.319,36.692,39.505,87.495,98.656,0
2025.7.1 0:09,R01,M05,32.976,28.331,30.654,3.6818,3.6525,88.01,43.519,36.899,40.209,87.475,99.115,0
2025.7.1 0:09,R01,M06,32.126,28.659,30.392,3.6818,3.6531,88.02,45.223,37.811,41.517,88.647,99.27,0
2025.7.1 0:09,R01,M07,31.692,28.903,30.297,3.6856,3.6491,88.02,43.563,38.187,40.875,89.215,98.848,0
2025.7.1 0:09,R01,M08,43.419,32.922,36.694,3.72,3.2622,87.28,48.638,18.453,33.347,52.961,55.114,0
2025.7.1 0:09,R01,M09,32.607,29.226,30.916,3.6874,3.65,88.05,45.338,36.686,41.012,88.632,98.914,0
2025.7.1 0:09,R01,M10,32.845,29.3,31.072,3.6804,3.6569,88.05,47.924,38.441,43.183,89.479,98.719,0
2025.7.1 0:09,R01,M11,33.957,30.144,32.05,3.6877,3.6608,88.18,47.161,40.274,43.718,91.02,99.039,0
2025.7.1 0:09,R01,M01,30.496,27.817,29.157,3.671,3.6489,87.84,41.852,33.238,37.545,86.783,98.868,0
2025.7.1 0:09,R01,M02,31.119,27.561,29.34,3.6746,3.6492,87.89,43.826,33.929,38.877,86.627,99.274,0
2025.7.1 0:09,R01,M03,31.244,28.525,29.884,3.6761,3.6503,87.92,42.218,36.451,39.335,86.687,99.142,0
2025.7.1 0:09,R01,M04,31.957,28.161,30.059,3.6823,3.6522,88.01,44.7,35.102,39.901,87.093,99.334,0
2025.7.1 0:09,R01,M05,31.807,28.941,30.374,3.6772,3.6481,87.9,43.6,37.363,40.481,88.261,99.331,0
2025.7.1 0:09,R01,M06,31.773,28.638,30.206,3.6785,3.6475,87.91,43.769,37.669,40.719,87.47,99.338,0
2025.7.1 0:09,R01,M07,32.814,28.996,30.905,3.683,3.648,87.97,44.349,36.475,40.412,88.87,98.619,0
2025.7.1 0:09,R01,M08,42.019,32.049,36.488,3.7256,3.2426,87.2,46.767,20.999,33.478,52.886,52.092,0
2025.7.1 0:09,R01,M09,32.713,29.687,31.2,3.6792,3.6582,88.05,46.259,36.732,41.495,89.01,99.44,0
2025.7.1 0:09,R01,M10,32.351,29.484,30.918,3.6868,3.6511,88.05,45.094,39.231,42.163,89.579,98.577,0
2025.7.1 0:09,R01,M11,33.707,29.275,31.491,3.6867,3.661,88.17,47.129,39.338,43.233,89.823,98.764,0
2025.7.1 0:09,R01,M01,30.531,27.709,29.12,3.6748,3.6466,87.86,41.871,35.237,38.554,87.022,98.982,0
2025.7.1 0:09,R01,M02,30.443,27.572,29.008,3.6749,3.6513,87.91,43.536,34.418,38.977,85.871,99.277,0
2025.7.1 0:09,R01,M03,32.034,28.239,30.136,3.6759,3.6458,87.86,43.902,33.685,38.794,86.786,99.013,0
2025.7.1 0:09,R01,M04,31.999,28.224,30.111,3.6806,3.6452,87.91,43.527,34.755,39.141,87.437,98.846,0
2025.7.1 0:09,R01,M05,31.811,28.231,30.021,3.6783,3.6451,87.88,43.513,35.947,39.73,88.833,98.751,0
2025.7.1 0:09,R01,M06,32.369,29.15,30.759,3.686,3.6534,88.07,43.033,36.954,39.993,88.908,99.018,0
2025.7.1 0:09,R01,M07,32.32,29.101,30.71,3.6852,3.6475,87.99,44.329,37.312,40.82,89.723,98.966,0
2025.7.1 0:09,R01,M08,43.091,31.432,36.864,3.7187,3.2284,87.65,48.655,19.347,33.321,53.667,52.398,0
2025.7.1 0:09,R01,M09,32.18,29.012,30.596,3.6838,3.6545,88.06,47.499,36.74,42.12,90.443,99.364,0
2025.7.1 0:09,R01,M10,33.775,29.289,31.532,3.6807,3.6536,88.01,47.812,39.504,43.658,89.636,98.93,0
2025.7.1 0:09,R01,M11,33.228,29.722,31.475,3.6835,3.6607,88.13,45.647,37.506,41.576,90.533,98.696,0
2025.7.1 0:09,R01,M01,31.636,28.05,29.843,3.6713,3.6476,87.83,43.077,33.466,38.272,85.671,99.013,0
2025.7.1 0:09,R01,M02,30.531,27.787,29.159,3.6803,3.6478,87.94,41.982,35.696,38.839,86.762,99.341,0
2025.7.1 0:09,R01,M03,31.805,27.791,29.798,3.6771,3.6524,87.95,43.11,35.632,39.371,86.602,99.325,0
2025.7.1 0:09,R01,M04,32.197,28.723,30.46,3.6742,3.6527,87.92,43.657,36.165,39.911,88.216,99.476,0
2025.7.1 0:09,R01,M05,32.77,28.52,30.645,3.6803,3.65,87.96,43.923,37.445,40.684,88.536,99.148,0
2025.7.1 0:09,R01,M06,32.824,28.359,30.591,3.6762,3.6464,87.87,44.873,36.928,40.9,87.91,99.056,0
2025.7.1 0:09,R01,M07,32.996,28.715,30.855,3.6815,3.6528,88.01,43.997,38.271,41.134,88.17,99.21,0
2025.7.1 0:09,R01,M08,43.409,31.399,36.951,3.7232,3.2454,87.72,49.044,20.575,31.343,53.461,52.34,0
2025.7.1 0:09,R01,M09,32.368,28.922,30.645,3.6818,3.649,87.97,46.398,38.932,42.665,89.373,99.041,0
2025.7.1 0:09,R01,M10,33.648,29.3,31.474,3.6805,3.6589,88.07,45.958,39.403,42.68,90.254,99.127,0
2025.7.1 0:09,R01,M11,33.14,29.609,31.375,3.6825,3.6523,88.02,48.313,39.373,43.843,90.758,99.412,0
2025.7.1 0:09,R01,M01,31.038,27.623,29.331,3.6783,3.643,87.86,42.058,33.169,37.614,87.27,98.637,0
2025.7.1 0:09,R01,M02,32.013,27.755,29.884,3.6746,3.6511,87.91,42.412,35.055,38.733,86.162,99.301,0
2025.7.1 0:09,R01,M03,32.211,27.951,30.081,3.6807,3.6448,87.91,43.287,35.527,39.407,87.975,98.575,0
2025.7.1 0:09,R01,M04,32.323,28.025,30.174,3.6752,3.6494,87.9,44.685,34.631,39.658,87.94,98.683,0
2025.7.1 0:09,R01,M05,31.937,28.485,30.211,3.6828,3.6541,88.04,44.401,34.672,39.537,88.036,99.27,0
2025.7.1 0:09,R01,M06,31.482,29.02,30.251,3.6834,3.6531,88.04,43.079,35.738,39.409,88.491,98.827,0
2025.7.1 0:09,R01,M07,32.429,29.139,30.784,3.681,3.6499,87.97,43.696,37.77,40.733,89.249,99.046,0
2025.7.1 0:09,R01,M08,43.117,31.68,35.565,3.725,3.2115,87.78,46.395,20.325,32.802,53.45,54.339,0
2025.7.1 0:09,R01,M09,32.066,29.163,30.614,3.6835,3.6525,88.03,46.182,38.573,42.377,90.486,98.666,0
2025.7.1 0:09,R01,M10,33.391,29.677,31.534,3.6849,3.6553,88.08,47.591,37.208,42.4,90.249,99.441,0
2025.7.1 0:09,R01,M11,32.611,29.758,31.184,3.6885,3.6588,88.17,46.129,38.263,42.196,90.202,99.207,0
2025.7.1 0:09,R01,M01,30.607,27.835,29.221,3.674,3.6416,87.79,41.848,32.562,37.205,87.297,98.79,0
2025.7.1 0:09,R01,M02,31.803,27.718,29.761,3.6724,3.6457,87.82,41.059,35.387,38.223,86.858,98.839,0
2025.7.1 0:09,R01,M03,31.058,27.701,29.38,3.6828,3.6503,88.0,44.233,34.828,39.531,87.503,99.066,0
2025.7.1 0:09,R01,M04,32.53,28.198,30.364,3.6808,3.6475,87.94,43.996,34.613,39.305,88.315,99.38,0
2025.7.1 0:09,R01,M05,31.042,28.47,29.756,3.6795,3.6486,87.94,42.909,36.338,39.623,88.136,98.585,0
2025.7.1 0:09,R01,M06,31.572,28.987,30.279,3.6775,3.6532,87.97,45.961,36.393,41.177,88.623,98.729,0
2025.7.1 0:09,R01,M07,31.517,28.635,30.076,3.6818,3.6506,87.99,46.171,35.702,40.936,88.282,99.281,0
2025.7.1 0:09,R01,M08,42.246,31.314,35.599,3.7108,3.2676,87.93,47.824,20.364,34.055,53.232,51.831,0
2025.7.1 0:09,R01,M09,32.364,29.007,30.685,3.6821,3.654,88.03,45.537,38.885,42.211,90.523,98.513,0
2025.7.1 0:09,R01,M10,32.819,29.599,31.209,3.6829,3.6542,88.05,46.786,39.514,43.15,90.903,98.7,0
2025.7.1 0:09,R01,M11,32.417,30.048,31.233,3.6853,3.6545,88.08,46.497,38.235,42.366,90.921,98.571,0
2025.7.1 0:09,R01,M01,31.557,27.653,29.605,3.6808,3.65,87.97,42.703,32.918,37.811,86.038,99.24,0
2025.7.1 0:09,R01,M02,31.832,27.696,29.764,3.6757,3.6421,87.81,42.872,35.014,38.943,87.275,99.492,0
2025.7.1 0:09,R01,M03,30.639,27.97,29.304,3.6764,3.6477,87.89,43.719,34.355,39.037,87.54,98.84,0
2025.7.1 0:09,R01,M04,31.761,28.638,30.2,3.6838,3.6504,88.01,42.016,34.482,38.249,87.626,98.885,0
2025.7.1 0:09,R01,M05,32.323,28.658,30.491,3.6771,3.6529,87.96,42.943,35.32,39.132,88.005,98.887,0
2025.7.1 0:09,R01,M06,32.082,29.183,30.633,3.6802,3.6519,87.99,45.966,35.216,40.591,89.298,98.601,0
2025.7.1 0:09,R01,M07,32.23,29.269,30.749,3.6832,3.6471,87.96,46.388,36.748,41.568,89.482,98.893,0
2025.7.1 0:09,R01,M08,42.591,32.777,35.694,3.7125,3.2346,87.85,46.676,20.158,31.192,53.229,52.468,0
2025.7.1 0:09,R01,M09,33.774,29.711,31.742,3.6842,3.6571,88.1,44.671,39.234,41.953,89.63,99.155,0
2025.7.1 0:09,R01,M10,32.861,29.045,30.953,3.6841,3.6574,88.1,45.465,37.301,41.383,90.642,99.412,0
2025.7.1 0:09,R01,M11,33.095,29.674,31.384,3.686,3.6554,88.1,48.452,37.571,43.011,90.242,99.178,0
2025.7.1 0:09,R01,M01,30.396,27.205,28.8,3.6724,3.6459,87.82,42.567,34.865,38.716,87.199,99.381,0
2025.7.1 0:09,R01,M02,30.46,27.897,29.178,3.6789,3.6487,87.93,42.887,34.02,38.454,86.405,99.474,0
2025.7.1 0:09,R01,M03,30.658,28.39,29.524,3.6825,3.6524,88.02,41.757,35.236,38.496,88.389,99.357,0
2025.7.1 0:09,R01,M04,32.206,28.385,30.296,3.6763,3.648,87.89,43.07,35.607,39.338,87.986,99.461,0
2025.7.1 0:09,R01,M05,31.044,28.582,29.813,3.6784,3.6547,88.0,43.355,34.833,39.094,89.201,99.242,0
2025.7.1 0:09,R01,M06,31.796,28.28,30.038,3.6778,3.6504,87.94,45.497,35.527,40.512,87.644,99.184,0
2025.7.1 0:09,R01,M07,33.277,29.361,31.319,3.6794,3.656,88.02,43.917,37.058,40.487,88.935,99.481,0
2025.7.1 0:09,R01,M08,44.233,31.182,36.255,3.7299,3.2159,87.64,47.893,19.128,30.112,54.848,51.843,0
2025.7.1 0:09,R01,M09,32.835,29.333,31.084,3.6875,3.6545,88.1,46.853,37.685,42.269,89.912,98.751,0
2025.7.1 0:09,R01,M10,32.598,29.534,31.066,3.6862,3.6556,88.1,45.76,37.496,41.628,90.764,99.487,0
2025.7.1 0:09,R01,M11,33.785,29.787,31.786,3.6878,3.6569,88.14,45.645,40.267,42.956,91.339,99.014,0
2025.7.1 0:09,R01,M01,30.681,27.611,29.146,3.677,3.6485,87.91,42.819,33.265,38.042,86.769,99.076,0
2025.7.1 0:09,R01,M02,31.032,27.884,29.458,3.6765,3.6434,87.84,42.971,34.244,38.608,87.155,99.129,0
2025.7.1 0:09,R01,M03,31.817,28.152,29.985,3.6782,3.6469,87.9,41.711,35.33,38.52,87.046,98.603,0
2025.7.1 0:09,R01,M04,32.369,28.034,30.201,3.6764,3.6494,87.91,43.999,35.091,39.545,87.66,98.916,0
2025.7.1 0:09,R01,M05,32.045,28.8,30.422,3.6805,3.6456,87.91,44.491,35.449,39.97,88.077,99.464,0
2025.7.1 0:09,R01,M06,32.876,28.366,30.621,3.681,3.6493,87.96,45.704,37.199,41.451,88.56,98.785,0
2025.7.1 0:09,R01,M07,32.634,28.472,30.553,3.6795,3.6471,87.92,45.501,36.927,41.214,88.263,99.242,0
2025.7.1 0:09,R01,M08,42.946,32.602,36.729,3.7195,3.2606,87.34,49.248,19.622,33.49,54.522,53.29,0
2025.7.1 0:09,R01,M09,33.154,29.167,31.161,3.6797,3.655,88.02,46.273,39.016,42.645,90.052,99.235,0
2025.7.1 0:09,R01,M10,33.01,29.51,31.26,3.6834,3.6529,88.04,47.929,37.644,42.787,90.887,98.735,0
2025.7.1 0:09,R01,M11,32.632,29.794,31.213,3.6863,3.6515,88.05,46.902,40.429,43.666,89.872,99.247,0
2025.7.1 0:09,R01,M01,30.798,27.45,29.124,3.6789,3.6462,87.9,41.163,34.057,37.61,86.35,98.639,0
2025.7.1 0:09,R01,M02,31.96,28.329,30.145,3.6818,3.6498,87.98,42.047,34.454,38.251,86.404,99.268,0
2025.7.1 0:09,R01,M03,32.08,28.556,30.318,3.6807,3.6521,87.99,42.252,34.286,38.269,87.485,99.045,0
2025.7.1 0:09,R01,M04,31.309,28.154,29.732,3.6804,3.648,87.94,42.765,36.552,39.659,88.298,99.363,0
2025.7.1 0:09,R01,M05,31.276,28.709,29.992,3.6812,3.6538,88.02,45.159,36.286,40.722,87.508,98.624,0
2025.7.1 0:09,R01,M06,32.818,28.953,30.886,3.6765,3.6469,87.88,44.317,36.245,40.281,88.106,98.653,0
2025.7.1 0:09,R01,M07,33.316,29.355,31.336,3.682,3.6484,87.96,44.095,37.86,40.977,89.906,98.577,0
2025.7.1 0:09,R01,M08,43.703,31.577,35.491,3.7231,3.2417,87.23,49.772,18.105,32.18,54.561,55.693,0
2025.7.1 0:09,R01,M09,33.717,29.132,31.425,3.689,3.6562,88.14,45.779,38.02,41.9,90.574,99.249,0
2025.7.1 0:09,R01,M10,32.874,29.377,31.126,3.6862,3.6561,88.11,45.128,39.028,42.078,89.681,98.751,0
2025.7.1 0:09,R01,M11,32.653,29.653,31.153,3.6839,3.6556,88.07,45.519,39.31,42.415,91.027,98.603,0
2025.7.1 0:09,R01,M01,30.864,28.18,29.522,3.6802,3.6472,87.93,40.918,35.056,37.987,87.54,99.011,0
2025.7.1 0:09,R01,M02,31.848,27.599,29.724,3.6752,3.6426,87.81,43.457,34.412,38.934,87.097,98.853,0
2025.7.1 0:09,R01,M03,31.762,27.916,29.839,3.6788,3.648,87.92,43.718,35.29,39.504,87.048,98.842,0
2025.7.1 0:09,R01,M04,30.865,27.991,29.428,3.6819,3.646,87.93,44.318,34.527,39.422,87.072,98.813,0
2025.7.1 0:09,R01,M05,31.682,28.503,30.093,3.6822,3.6472,87.95,44.309,34.982,39.645,89.07,99.053,0
2025.7.1 0:09,R01,M06,32.431,28.304,30.367,3.6831,3.6528,88.03,45.811,36.6,41.206,89.546,98.972,0
2025.7.1 0:09,R01,M07,32.628,28.839,30.733,3.6818,3.6478,87.96,43.905,36.402,40.154,88.559,99.045,0
2025.7.1 0:09,R01,M08,42.193,32.683,36.635,3.7277,3.2487,87.78,47.97,19.037,30.25,54.86,54.698,0
2025.7.1 0:09,R01,M09,32.072,29.49,30.781,3.6807,3.6533,88.01,44.779,38.663,41.721,90.619,99.324,0
2025.7.1 0:09,R01,M10,32.043,29.595,30.819,3.6888,3.6572,88.15,46.127,38.826,42.477,91.114,98.527,0
2025.7.1 0:09,R01,M11,33.376,29.568,31.472,3.6811,3.6592,88.08,47.769,40.304,44.037,90.472,98.593,0
2025.7.1 0:09,R01,M01,30.253,27.938,29.096,3.6783,3.6422,87.85,42.906,35.378,39.142,86.145,99.06,0
2025.7.1 0:09,R01,M02,31.232,27.884,29.558,3.6794,3.6486,87.94,43.114,33.043,38.078,87.799,98.818,0
2025.7.1 0:09,R01,M03,30.659,28.096,29.377,3.6791,3.6482,87.93,44.409,36.106,40.258,87.877,98.686,0
2025.7.1 0:09,R01,M04,30.833,28.206,29.52,3.6828,3.6532,88.03,44.195,35.345,39.77,88.832,98.899,0
2025.7.1 0:09,R01,M05,32.188,28.57,30.379,3.6826,3.6533,88.03,44.969,37.46,41.215,88.089,99.402,0
2025.7.1 0:09,R01,M06,31.977,28.741,30.359,3.6771,3.65,87.93,45.297,36.933,41.115,89.595,99.488,0
2025.7.1 0:09,R01,M07,33.253,29.116,31.184,3.6844,3.655,88.07,44.665,35.555,40.11,89.832,99.202,0
2025.7.1 0:09,R01,M08,43.548,32.055,35.494,3.7265,3.2607,87.22,49.783,17.539,31.961,55.17,52.942,0
2025.7.1 0:09,R01,M09,31.86,29.726,30.793,3.683,3.6546,88.05,45.336,39.365,42.35,90.895,99.157,0
2025.7.1 0:09,R01,M10,33.514,29.838,31.676,3.684,3.6522,88.03,47.169,39.115,43.142,89.99,98.656,0
2025.7.1 0:09,R01,M11,33.096,29.389,31.242,3.6859,3.6539,88.08,47.714,38.887,43.3,91.242,99.382,0
2025.7.1 0:09,R01,M01,31.222,27.984,29.603,3.675,3.6489,87.89,41.761,33.795,37.778,85.951,99.297,0
2025.7.1 0:09,R01,M02,32.113,27.924,30.018,3.6773,3.6443,87.86,42.676,34.591,38.633,86.741,98.83,0
2025.7.1 0:09,R01,M03,30.915,28.26,29.587,3.6809,3.6502,87.97,43.728,36.429,40.079,86.99,99.305,0
2025.7.1 0:09,R01,M04,32.323,28.525,30.424,3.6801,3.6528,87.99,43.502,34.595,39.049,88.583,99.0,0
2025.7.1 0:09,R01,M05,32.289,28.015,30.152,3.6838,3.6494,88.0,45.023,35.18,40.102,87.568,98.53,0
2025.7.1 0:09,R01,M06,32.201,28.741,30.471,3.6811,3.6508,87.98,43.822,35.509,39.666,88.961,98.746,0
2025.7.1 0:09,R01,M07,32.001,28.866,30.433,3.6799,3.6515,87.98,44.66,36.831,40.745,88.982,99.191,0
2025.7.1 0:09,R01,M08,42.388,31.903,35.438,3.7127,3.2631,87.43,49.649,18.734,30.32,54.616,52.951,0
2025.7.1 0:09,R01,M09,32.222,29.097,30.66,3.6846,3.6519,88.04,47.101,38.315,42.708,88.993,99.031,0
2025.7.1 0:09,R01,M10,33.273,29.94,31.607,3.6813,3.6582,88.07,46.617,37.182,41.9,89.659,98.508,0
2025.7.1 0:09,R01,M11,33.994,29.853,31.924,3.6825,3.6535,88.03,45.525,38.834,42.18,90.745,99.485,0
2025.7.1 0:09,R01,M01,32.005,28.154,30.08,3.6754,3.6476,87.88,41.83,32.699,37.264,86.665,99.359,0
2025.7.1 0:09,R01,M02,30.497,27.624,29.06,3.6726,3.6445,87.81,42.658,34.27,38.464,87.601,98.956,0
2025.7.1 0:09,R01,M03,31.97,28.187,30.078,3.6751,3.6498,87.9,42.239,34.701,38.47,87.905,99.32,0
2025.7.1 0:09,R01,M04,31.365,28.714,30.039,3.6821,3.6472,87.95,42.757,36.142,39.45,88.374,98.898,0
2025.7.1 0:09,R01,M05,32.938,28.037,30.488,3.6764,3.6473,87.88,42.572,35.328,38.95,88.827,98.981,0
2025.7.1 0:09,R01,M06,31.208,28.473,29.84,3.6774,3.6512,87.94,43.928,37.572,40.75,89.177,98.677,0
2025.7.1 0:09,R01,M07,32.023,29.163,30.593,3.6869,3.6541,88.09,43.897,38.249,41.073,88.34,98.811,0
2025.7.1 0:09,R01,M08,42.174,31.559,35.655,3.7251,3.224,87.67,47.636,18.93,31.504,55.201,53.793,0
2025.7.1 0:09,R01,M09,33.301,28.924,31.113,3.6872,3.6518,88.07,46.8,39.217,43.008,90.269,99.091,0
2025.7.1 0:09,R01,M10,32.467,29.962,31.215,3.6842,3.6541,88.06,46.187,39.002,42.594,89.752,98.84,0
2025.7.1 0:09,R01,M11,34.026,29.81,31.918,3.6867,3.6586,88.14,48.114,40.204,44.159,91.317,99.208,0
2025.7.1 0:09,R01,M01,31.778,28.16,29.969,3.6751,3.6505,87.91,43.354,35.036,39.195,86.788,98.503,0
2025.7.1 0:09,R01,M02,30.957,28.046,29.502,3.6776,3.6474,87.9,42.021,34.28,38.151,87.238,98.804,0
2025.7.1 0:09,R01,M03,32.034,28.351,30.192,3.6756,3.6499,87.91,44.116,36.484,40.3,87.123,99.397,0
2025.7.1 0:09,R01,M04,32.251,28.662,30.456,3.6794,3.6497,87.95,44.795,36.297,40.546,87.546,98.965,0
2025.7.1 0:09,R01,M05,31.544,28.706,30.125,3.6832,3.6481,87.98,44.026,36.543,40.285,87.535,98.648,0
2025.7.1 0:09,R01,M06,31.906,29.141,30.523,3.6792,3.6488,87.94,45.151,37.405,41.278,89.116,98.859,0
2025.7.1 0:09,R01,M07,32.499,28.896,30.698,3.6835,3.6489,87.99,43.798,36.884,40.341,90.283,99.055,0
2025.7.1 0:09,R01,M08,43.514,32.956,35.796,3.7177,3.2529,87.49,47.517,17.365,33.454,54.039,55.046,0
2025.7.1 0:09,R01,M09,33.582,29.348,31.465,3.6863,3.6564,88.11,46.2,36.779,41.49,89.474,99.166,0
2025.7.1 0:09,R01,M10,33.016,29.23,31.123,3.6892,3.6555,88.14,47.556,39.141,43.349,90.632,98.963,0
2025.7.1 0:09,R01,M11,32.445,29.487,30.966,3.687,3.656,88.12,46.491,37.885,42.188,90.988,98.639,0
2025.7.1 0:09,R01,M01,30.396,27.237,28.816,3.6768,3.6484,87.9,42.719,35.429,39.074,86.918,99.367,0
2025.7.1 0:09,R01,M02,31.55,28.103,29.827,3.6783,3.6518,87.96,42.104,34.319,38.212,88.209,98.69,0
2025.7.1 0:09,R01,M03,32.582,27.993,30.288,3.6756,3.6444,87.84,43.336,34.065,38.7,87.599,99.46,0
2025.7.1 0:09,R01,M04,31.262,27.801,29.532,3.6828,3.6498,87.99,42.99,36.346,39.668,88.401,98.887,0
2025.7.1 0:09,R01,M05,32.767,28.261,30.514,3.6762,3.6476,87.89,44.52,36.931,40.725,87.65,98.9,0
2025.7.1 0:09,R01,M06,32.501,28.916,30.709,3.6842,3.6535,88.05,45.37,36.663,41.016,89.105,99.308,0
2025.7.1 0:09,R01,M07,32.897,29.175,31.036,3.6828,3.6483,87.97,45.88,37.876,41.878,89.872,99.475,0
2025.7.1 0:09,R01,M08,42.36,31.19,35.626,3.7151,3.249,87.62,48.58,18.081,33.735,55.142,53.072,0
2025.7.1 0:09,R01,M09,31.886,29.467,30.676,3.6872,3.6541,88.1,45.244,37.241,41.242,90.928,98.978,0
2025.7.1 0:09,R01,M10,32.797,29.975,31.386,3.6899,3.6506,88.09,46.112,38.207,42.16,90.162,98.68,0
2025.7.1 0:09,R01,M11,33.557,29.308,31.433,3.6867,3.6593,88.15,47.682,38.266,42.974,90.166,98.579,0
2025.7.1 0:09,R01,M01,30.543,27.71,29.127,3.6755,3.6466,87.87,41.152,34.223,37.688,86.883,98.784,0
2025.7.1 0:09,R01,M02,30.906,27.837,29.371,3.6814,3.6477,87.95,43.034,35.772,39.403,88.178,98.806,0
2025.7.1 0:09,R01,M03,31.934,28.525,30.23,3.6801,3.645,87.9,42.006,34.426,38.216,88.187,98.833,0
2025.7.1 0:09,R01,M04,31.783,28.291,30.037,3.6802,3.6471,87.93,43.573,36.117,39.845,87.568,98.547,0
2025.7.1 0:09,R01,M05,32.635,28.521,30.578,3.6755,3.6536,87.95,43.525,36.21,39.867,88.203,98.705,0
2025.7.1 0:09,R01,M06,31.927,28.871,30.399,3.6851,3.6506,88.03,44.274,37.123,40.698,89.131,98.73,0
2025.7.1 0:09,R01,M07,32.376,28.613,30.494,3.6843,3.6527,88.04,45.445,37.34,41.392,89.441,99.108,0
2025.7.1 0:09,R01,M08,43.028,31.395,35.813,3.7203,3.2655,87.16,46.651,20.801,31.288,54.427,54.728,0
2025.7.1 0:09,R01,M09,32.863,29.708,31.285,3.681,3.6545,88.03,45.488,39.243,42.365,90.619,99.39,0
2025.7.1 0:09,R01,M10,32.314,29.668,30.991,3.6882,3.6521,88.08,45.299,39.352,42.325,90.284,99.062,0
2025.7.1 0:09,R01,M11,32.723,29.452,31.087,3.6848,3.6513,88.03,47.995,39.96,43.977,91.318,99.354,0
2025.7.1 0:09,R01,M01,31.911,27.83,29.87,3.6759,3.6479,87.89,41.592,34.402,37.997,87.8,98.5,0
2025.7.1 0:09,R01,M02,32.172,28.218,30.195,3.6749,3.6464,87.86,41.811,33.806,37.808,86.597,99.377,0
2025.7.1 0:09,R01,M03,30.744,27.707,29.226,3.6748,3.647,87.86,43.76,34.87,39.315,86.928,99.169,0
2025.7.1 0:09,R01,M04,32.041,28.271,30.156,3.6826,3.6512,88.01,42.65,35.343,38.996,87.933,99.282,0
2025.7.1 0:09,R01,M05,32.473,28.063,30.268,3.6786,3.6486,87.93,42.71,35.636,39.173,89.291,98.69,0
2025.7.1 0:09,R01,M06,32.821,29.056,30.938,3.677,3.6473,87.89,43.942,36.386,40.164,89.773,99.323,0
2025.7.1 0:09,R01,M07,33.213,28.764,30.989,3.6855,3.6498,88.02,46.129,38.135,42.132,89.116,98.647,0
2025.7.1 0:09,R01,M08,42.237,31.138,35.816,3.7234,3.2643,87.57,49.723,18.375,33.16,55.436,55.349,0
2025.7.1 0:09,R01,M09,32.222,29.491,30.857,3.6804,3.6582,88.06,45.567,37.487,41.527,90.752,99.144,0
2025.7.1 0:09,R01,M10,32.651,29.238,30.945,3.685,3.653,88.06,45.72,39.942,42.831,90.242,99.009,0
2025.7.1 0:09,R01,M11,33.61,29.98,31.795,3.6818,3.6542,88.03,46.481,38.363,42.422,91.448,99.474,0
2025.7.1 0:09,R01,M01,32.0,27.265,29.633,3.6713,3.644,87.78,41.478,34.436,37.957,86.928,99.066,0
2025.7.1 0:09,R01,M02,31.042,28.087,29.565,3.6783,3.6515,87.96,43.394,34.618,39.006,86.887,99.307,0
2025.7.1 0:09,R01,M03,32.219,28.287,30.253,3.6827,3.6491,87.98,41.512,34.429,37.971,86.895,98.993,0
2025.7.1 0:09,R01,M04,31.43,28.652,30.041,3.6767,3.6538,87.97,42.139,35.034,38.587,87.623,99.117,0
2025.7.1 0:09,R01,M05,31.132,29.0,30.066,3.6837,3.6458,87.95,43.123,35.546,39.334,89.618,98.672,0
2025.7.1 0:09,R01,M06,32.378,28.736,30.557,3.6793,3.6511,87.96,45.007,37.98,41.493,89.71,98.948,0
2025.7.1 0:09,R01,M07,32.269,29.229,30.749,3.6846,3.6487,88.0,46.442,38.008,42.225,88.851,99.452,0
2025.7.1 0:09,R01,M08,41.671,31.602,36.086,3.7105,3.2322,87.34,47.975,19.944,34.396,54.479,55.758,0
2025.7.1 0:09,R01,M09,33.755,29.009,31.382,3.6824,3.6586,88.09,45.831,38.17,42.001,90.685,99.078,0
2025.7.1 0:09,R01,M10,33.267,29.119,31.193,3.6838,3.6517,88.03,47.572,39.885,43.728,90.121,98.683,0
2025.7.1 0:09,R01,M11,33.795,29.704,31.75,3.6813,3.654,88.02,46.624,39.26,42.942,90.458,99.259,0
2025.7.1 0:09,R01,M01,30.974,27.31,29.142,3.6764,3.6424,87.83,41.438,34.714,38.076,86.125,98.521,0
2025.7.1 0:09,R01,M02,32.372,27.798,30.085,3.6818,3.6478,87.96,43.012,35.466,39.239,86.573,98.693,0
2025.7.1 0:09,R01,M03,32.035,27.704,29.869,3.6765,3.6521,87.94,43.505,35.162,39.334,87.538,99.488,0
2025.7.1 0:09,R01,M04,32.52,28.669,30.595,3.6808,3.6487,87.95,42.284,36.711,39.498,87.32,98.842,0
2025.7.1 0:09,R01,M05,31.018,28.88,29.949,3.6794,3.6519,87.98,44.012,34.968,39.49,88.803,99.492,0
2025.7.1 0:09,R01,M06,31.379,28.949,30.164,3.6776,3.6501,87.93,43.701,35.259,39.48,88.911,99.026,0
2025.7.1 0:09,R01,M07,33.237,29.227,31.232,3.682,3.6489,87.97,44.306,37.65,40.978,90.119,98.781,0
2025.7.1 0:09,R01,M08,41.879,32.319,35.564,3.7177,3.2482,88.08,47.469,19.478,32.878,54.45,52.542,0
2025.7.1 0:09,R01,M09,32.824,29.126,30.975,3.6867,3.6499,88.04,44.649,37.463,41.056,89.989,99.403,0
2025.7.1 0:09,R01,M10,33.139,29.742,31.441,3.6896,3.6522,88.1,46.893,37.173,42.033,90.499,98.705,0
2025.7.1 0:09,R01,M11,33.268,29.398,31.333,3.6854,3.6596,88.14,47.249,37.546,42.398,90.039,98.996,0
2025.7.1 0:09,R01,M01,31.972,27.248,29.61,3.6739,3.6461,87.84,41.841,35.248,38.544,86.329,98.942,0
2025.7.1 0:09,R01,M02,30.681,27.501,29.091,3.6723,3.6421,87.77,43.671,33.808,38.739,87.963,99.436,0
2025.7.1 0:09,R01,M03,31.589,28.35,29.97,3.6742,3.6469,87.85,42.751,34.996,38.873,88.131,98.746,0
2025.7.1 0:09,R01,M04,31.423,28.486,29.954,3.6763,3.6502,87.92,42.075,36.746,39.41,88.245,99.176,0
2025.7.1 0:09,R01,M05,31.282,28.999,30.14,3.6784,3.6454,87.89,43.443,35.641,39.542,89.296,99.395,0
2025.7.1 0:09,R01,M06,31.37,29.022,30.196,3.6802,3.6521,87.99,44.534,36.019,40.276,89.044,98.751,0
2025.7.1 0:09,R01,M07,33.366,28.632,30.999,3.6783,3.6518,87.96,45.93,38.252,42.091,89.607,98.646,0
2025.7.1 0:09,R01,M08,43.422,32.822,35.692,3.7192,3.2481,87.2,47.659,18.784,34.439,55.759,53.334,0
2025.7.1 0:09,R01,M09,32.774,29.504,31.139,3.6815,3.65,87.98,46.14,39.396,42.768,90.659,98.81,0
2025.7.1 0:09,R01,M10,32.736,29.391,31.063,3.685,3.6587,88.12,47.955,39.351,43.653,90.003,99.434,0
2025.7.1 0:09,R01,M11,33.68,29.813,31.746,3.6872,3.6533,88.09,47.266,38.71,42.988,89.867,98.928,0
2025.7.1 0:09,R01,M01,32.169,27.391,29.78,3.6779,3.6486,87.92,40.778,33.139,36.959,87.843,99.331,0
2025.7.1 0:09,R01,M02,32.276,28.389,30.333,3.672,3.6487,87.85,41.369,34.765,38.067,86.833,98.837,0
2025.7.1 0:09,R01,M03,31.843,28.449,30.146,3.6776,3.6523,87.96,42.597,34.423,38.51,87.914,98.84,0
2025.7.1 0:09,R01,M04,32.05,27.892,29.971,3.6742,3.6479,87.87,43.276,35.242,39.259,87.482,98.517,0
2025.7.1 0:09,R01,M05,32.095,28.758,30.426,3.6805,3.6536,88.01,44.971,35.443,40.207,87.982,99.395,0
2025.7.1 0:09,R01,M06,31.499,28.496,29.997,3.6771,3.6469,87.89,43.703,36.92,40.312,88.563,98.567,0
2025.7.1 0:09,R01,M07,31.483,28.44,29.962,3.6772,3.6517,87.95,45.15,35.833,40.492,88.95,99.32,0
2025.7.1 0:09,R01,M08,43.86,31.827,37.327,3.7203,3.2321,87.36,46.614,18.566,33.24,55.1,54.089,0
2025.7.1 0:09,R01,M09,32.44,29.426,30.933,3.6818,3.6497,87.98,47.427,38.515,42.971,90.174,99.5,0
2025.7.1 0:09,R01,M10,33.461,29.039,31.25,3.6852,3.6511,88.04,46.368,39.392,42.88,91.454,98.737,0
2025.7.1 0:09,R01,M11,33.696,29.705,31.7,3.6884,3.6575,88.15,46.221,38.695,42.458,90.69,99.156,0
2025.7.1 0:09,R01,M01,31.288,27.213,29.251,3.6795,3.6414,87.85,42.589,32.986,37.787,87.657,98.832,0
2025.7.1 0:09,R01,M02,31.332,27.686,29.509,3.6802,3.6498,87.96,42.797,34.206,38.502,88.191,98.515,0
2025.7.1 0:09,R01,M03,30.839,27.821,29.33,3.6771,3.6457,87.87,42.486,36.167,39.326,87.43,98.966,0
2025.7.1 0:09,R01,M04,32.542,27.841,30.192,3.6774,3.6539,87.98,43.652,35.632,39.642,88.559,98.74,0
2025.7.1 0:09,R01,M05,31.434,28.997,30.215,3.6812,3.6519,88.0,42.993,35.676,39.335,88.64,98.737,0
2025.7.1 0:09,R01,M06,32.04,28.263,30.151,3.6837,3.6535,88.05,44.905,37.129,41.017,89.292,98.843,0
2025.7.1 0:09,R01,M07,32.226,29.266,30.746,3.6772,3.6552,87.99,43.773,38.107,40.94,89.779,99.469,0
2025.7.1 0:09,R01,M08,43.019,31.381,36.362,3.7198,3.2741,87.45,49.287,18.759,32.723,55.539,54.587,0
2025.7.1 0:09,R01,M09,33.643,29.024,31.334,3.6835,3.6558,88.07,46.651,37.08,41.865,90.309,98.665,0
2025.7.1 0:09,R01,M10,32.55,29.631,31.09,3.6805,3.6558,88.04,47.033,39.975,43.504,89.761,98.712,0
2025.7.1 0:09,R01,M11,32.492,29.601,31.046,3.6812,3.6559,88.05,47.64,37.604,42.622,91.398,99.188,0
